tree
version=v4
num_class=1
num_tree_per_iteration=1
label_index=0
max_feature_idx=69
objective=lambdarank
feature_names=Column_0 Column_1 Column_2 Column_3 Column_4 Column_5 Column_6 Column_7 Column_8 Column_9 Column_10 Column_11 Column_12 Column_13 Column_14 Column_15 Column_16 Column_17 Column_18 Column_19 Column_20 Column_21 Column_22 Column_23 Column_24 Column_25 Column_26 Column_27 Column_28 Column_29 Column_30 Column_31 Column_32 Column_33 Column_34 Column_35 Column_36 Column_37 Column_38 Column_39 Column_40 Column_41 Column_42 Column_43 Column_44 Column_45 Column_46 Column_47 Column_48 Column_49 Column_50 Column_51 Column_52 Column_53 Column_54 Column_55 Column_56 Column_57 Column_58 Column_59 Column_60 Column_61 Column_62 Column_63 Column_64 Column_65 Column_66 Column_67 Column_68 Column_69
feature_infos=[-0.51079201698303223:0.46851113438606262] [-0.32959583401679993:0.70126712322235107] [-0.28932586312294006:0.6339188814163208] [-0.32985886931419373:0.36723324656486511] [-0.36227864027023315:0.32457798719406128] [-0.32279658317565918:0.49445703625679016] [-0.30379235744476318:0.64520567655563354] [-0.39832758903503418:0.27762463688850403] [-0.19537192583084106:0.38089483976364136] [-0.33884686231613159:0.23003965616226196] [-0.2452360987663269:0.41632252931594849] [-0.28898671269416809:0.20313987135887146] [-0.26753339171409607:0.26558211445808411] [-0.26958164572715759:0.20019613206386566] [-0.33689296245574951:0.19675527513027191] [-0.20719096064567566:0.21039760112762451] [-0.32720783352851868:0.19598446786403656] [-0.18268217146396637:0.29432430863380432] [-0.17680561542510986:0.16431398689746857] [-0.23536792397499084:0.19718736410140991] [-0.20659464597702026:0.16182802617549896] [-0.29965570569038391:0.19587951898574829] [-0.25755774974822998:0.13493826985359192] [-0.11687171459197998:0.28314340114593506] [-0.18957962095737457:0.16286489367485046] [-0.12240540236234665:0.20599758625030518] [-0.20427066087722778:0.11430391669273376] [-0.32948493957519531:0.10747746378183365] [-0.12458733469247818:0.09778720885515213] [-0.15932658314704895:0.21575097739696503] [-0.093386657536029816:0.122134730219841] [-0.12351508438587189:0.09498865157365799] [-0.093541011214256287:0.1974586695432663] [-0.16427139937877655:0.13361364603042603] [-0.13887931406497955:0.07211080938577652] [-0.15982331335544586:0.10733968019485474] [-0.10330113768577576:0.10047779232263565] [-0.26170709729194641:0.093005724251270294] [-0.17660245299339294:0.085450097918510437] [-0.074928618967533112:0.14428369700908661] [-0.13085298240184784:0.078786298632621765] [-0.072160258889198303:0.10080365836620331] [-0.072007879614830017:0.11670814454555511] [-0.090534523129463196:0.087464764714241028] [-0.059106364846229553:0.12019866704940796] [-0.16474853456020355:0.088124975562095642] [-0.075532831251621246:0.075738266110420227] [-0.10465342551469803:0.070283867418766022] [-0.061835572123527527:0.11729413270950317] [-0.11890964210033417:0.11942587047815323] [-0.092604339122772217:0.069900855422019958] [-0.093633964657783508:0.10846754908561707] [-0.11015749722719193:0.073485851287841797] [-0.070814624428749084:0.09368559718132019] [-0.058642879128456116:0.068066388368606567] [-0.066794045269489288:0.13989752531051636] [-0.052065938711166382:0.14904516935348511] [-0.15370135009288788:0.066750854253768921] [-0.11759528517723083:0.058349713683128357] [-0.078301727771759033:0.10620339214801788] [-0.06589922308921814:0.1176026314496994] [-0.12125669419765472:0.061441786587238312] [-0.042731691151857376:0.12888309359550476] [-0.09497765451669693:0.05887192115187645] [-0.8461538553237915:6.230769157409668] [-1.0743727684020996:6.9510583877563477] [-3.2127330303192139:0.85990297794342041] [-3.4292480945587158:2.5225145816802979] [-0.85579937696456909:5.4200630187988281] [-3.7780442237854004:6.648043155670166]
tree_sizes=2753 3034 3137 3390 3414 3477 3410 3311 3233 3303 3245 3364 3390 3082 3311 3159 3185 3354 3451 3199 3373 3358 3056 3265 3201 3393 3352 3302 3375 3244 3252 3250 3265 3271 3179 3357 3348 3394 3370 3174 3063 3147 3349 3371 3097 3415 3341 3411 2991 3187 3407 3381 3083 2880 3354 3208 3370 3136 3260 3362 3364 3105 3127 3326 3465 3253 3392 3072 3211 3323 3314 2964 3392 3272 3356 3219 3435 3038 3328 2991 3424 3251 3407 3249 2758 2993 2516 2850 3396 3373 3318 3339 3060 3396 2973 3359 3343 3244 2332 3198 2739 3040 3398 2631 3391 2191 3246 3319 3112 2676 3291 2709 3226 2879 2369 2576 3096 3213 3212 2294 3168 2350 3316 3258 2598 2767 3306 3357 3254 2815 3303 2548 2851 3188 2468 3235 2753 2889 3014 3112 3224 2749 2634 2646 3074 3312 3109 2432 3093 2610 2486 2503 3348 2935 3063 3048 2602 2990 3304 3344 2947 3339 2774 3158 3166 3188 2676 2592 2703 3179 3174 3335 3240 3042 3138 3092 3186 3101 2810 2891 3298 2820 2405 2170 2789 2864 2959 2529 3118 3234 3038 2927 2123 3123 2850 2770 2541 2921 3083 3282 3081 2774 3232 3138 2982 2950 3350 3345 2643 3164 2724 3249 3337 3292 3349 2863 2945 3093 2324 3279 2858 3173 2842 2820 2958 2852 2951 2851 2782 3064 3357 2767 2861 3220 2885 2993 3296 2577 2731 2553 3216 3311 2472 2583 3080 2543 2459 2554 2808 2560 2399 2533 2556 2794 2868 3109 3170 2905 3357 3083 2766 3071 2248 2651 1835 2866 2718 2955 2229 3106 2156 3289 3215 2767 3279 3180 3062 3303 3004 2722 3076 3089 2652 2965 2927 3308 3253 3283 2574 2887 3208 2757 2724 2657 2763 2626 2262 2626 2821 2761

Tree=0
num_leaves=26
num_cat=0
split_feature=65 65 66 6 7 4 5 20 1 51 47 32 1 49 24 1 35 17 24 7 35 17 11 37 51
split_gain=45.4577 11.9363 7.51014 5.57037 4.93783 3.28112 3.2358 2.6736 2.61023 1.53851 1.41897 1.30559 1.22804 1.2254 1.02583 0.808798 0.726347 0.573587 0.390155 0.102725 0.0729288 0.0566989 0.0981319 0.0552232 0.0393377
threshold=-0.44045931100845331 0.32610242068767553 -0.40628840029239649 -0.08230979740619658 0.020109653472900394 0.026032062247395519 0.062081212177872665 -0.029698539525270459 0.16942087560892108 0.0073640937916934499 -0.0070403609424829474 0.0076558236032724389 -0.17002016305923459 0.018918227404356006 -0.037151128053665154 -0.029594287276268002 0.028257049620151523 0.04251165688037873 -0.0042399726808071128 -0.0046519935131072989 0.014616947621107103 -0.00093094818294048298 -0.012521974742412565 -0.0033064512535929676 0.024360975250601772
decision_type=2 2 2 2 2 2 2 2 2 2 2 2 2 2 2 2 2 2 2 2 2 2 2 2 2
left_child=8 3 4 9 10 6 -5 19 13 15 -3 -7 -6 16 -9 -2 17 -1 20 -4 24 -20 -23 -11 -10
right_child=1 2 7 5 12 11 -8 14 18 23 -12 -13 -14 -15 -16 -17 -18 -19 21 -21 -22 22 -24 -25 -26
leaf_value=-0.028434924532527054 0 0.001669643347654513 -0.0013825806187498892 -0.0036395695151840626 0.015348540733711408 -0.014656380977700379 0.012504594605367464 0 -0.0076356951682270456 -0.0026899754668887653 -0.0095394249671850676 0 0 0 0.020672457783509221 0.017456820639225511 0 -0.0013051181126065949 0 0.0028449601752347439 0 0 0.0043470571430750905 0 0
leaf_weight=40.784437001420883 1.27648235439847 8.8538256923202443 3.8896054489596281 46.606560244472348 15.155080235461357 23.301877827398133 9.2526609827764315 3.0129898010345633 2.9127969796245461 1.8685872770292915 18.734569794905838 5.9169316540646824 1.3869031943759171 1.6474890187528206 62.9985280255205 12.414419488937709 0.54843247449025412 3.6162935937754801 0.56346353965636842 4.323108968761515 0.51025511702755455 0.44579607898776963 2.9456560749240439 2.2199689466360715 0.17784079667762842
leaf_count=6161 211 838 489 6452 971 3190 876 269 420 275 1589 993 121 214 5484 1157 147 452 208 501 101 50 342 286 18
internal_value=0 0.00612285 0.0124404 -0.00110811 0.00156419 -0.00465449 0 0.0180214 -0.0234151 0.0118418 -0.00531733 -0.0119719 0.013004 -0.0259557 0.0199052 0.0156519 -0.0267955 -0.0271883 -0.00126107 0 -0.00647238 0.00109823 0.00271444 0 -0.00725578
internal_weight=275.365 221.212 118.355 102.857 44.1304 85.078 55.8592 74.2242 54.1525 17.7795 27.5884 29.2188 16.542 46.5967 66.0115 13.6909 44.9492 44.4007 7.55581 8.21271 3.60089 3.95492 3.39145 4.08856 3.09064
internal_count=31815 23702 10262 13440 3519 11511 7328 6743 8113 1929 2427 4183 1092 6974 5753 1368 6760 6613 1139 990 539 600 392 561 438
is_linear=0
shrinkage=0.03


Tree=1
num_leaves=27
num_cat=0
split_feature=65 65 3 66 51 18 7 32 29 24 46 29 63 33 28 29 59 21 8 65 43 17 41 21 51 58
split_gain=125.144 28.3584 24.8044 24.2594 31.53 17.9338 15.068 18.4393 14.8319 12.853 12.7307 10.9757 10.2183 9.35741 7.17764 6.94237 6.54213 6.52289 5.82391 2.07199 1.97472 1.29275 1.11557 1.04214 0.887732 0.258632
threshold=0.32610242068767553 -0.31679368019103998 -0.17997038364410398 -0.4061728566884994 0.0011935925576835873 0.021071992814540867 0.11073410511016847 0.019908100366592411 0.007926886901259424 0.0075407773256301889 -0.0055386759340763083 -0.0047565344721078864 0.021699295379221443 -0.0092103965580463392 -0.0041554896160960189 -0.037905413657426827 -0.010551590472459791 0.0165858268737793 0.00081880390644073497 -0.48823863267898554 0.0088559971190989035 0.022761984728276733 -0.02093582600355148 -0.019593402743339535 -0.00021108891814947126 -0.034723013639450066
decision_type=2 2 2 2 2 2 2 2 2 2 2 2 2 2 2 2 2 2 2 2 2 2 2 2 2 2
left_child=1 12 13 8 10 -6 7 14 11 -9 -5 -4 15 24 -3 19 -17 20 -10 -1 -8 -14 -19 -15 -2 -26
right_child=2 6 3 4 5 -7 17 9 18 -11 -12 -13 21 23 -16 16 -18 22 -20 -21 -22 -23 -24 -25 25 -27
leaf_value=-0.0089246918695739599 -0.0064404064656778427 -0.006375938690209952 -0.0047146297012423252 0.005443210197272251 -0.0061258491430085833 0.014204366238880873 0.022411813474256016 0.022744258005914491 -0.027143924518627828 -0.018029325799252205 0.02031528554871892 0.014226336598873906 -0.0015882983618340984 0 -0.019937950524734942 -0.0038956268140465395 -0.029780737895956394 0.0012688854131292584 -0.00071078512392664761 0.012161336917653641 0 0.015576381033005514 -0.013029718758350765 0.038355663156392862 0 0.0082093000213266706
leaf_weight=2.6836344279581681 1.7306457512604527 85.636468994969619 78.223575712821912 85.720706875872565 128.739595749008 50.123250303324312 18.503110674762873 19.600077115726894 23.352237160288496 4.6792770101747001 187.68359213627991 35.684037697355961 1.0973632821260242 2.1317987446964279 81.411322972460766 14.185163266462039 116.19545713807747 2.1394499001471559 13.861049197643295 3.4833888869325156 1.4933665231073963 2.9979533970763441 4.3911773959553093 28.339728959806962 2.2538438343035514 6.2887923255620981
leaf_count=194 65 4814 1543 1362 2222 604 575 556 578 229 2142 791 135 49 4553 886 9032 69 565 86 134 53 237 224 18 99
internal_value=0 -0.0140935 0.00789197 0.00615623 0.00962666 -3.41437e-05 -0.00685828 -0.00991079 -0.00401343 0.0121246 0.0159417 0.00131545 -0.0244745 0.0294582 -0.0135472 -0.0259943 -0.027434 0.0122866 -0.0192593 0.000411505 0.0200295 0.0093339 -0.00722469 0.036828 0.000734197 0.00624411
internal_weight=1002.63 358.497 644.133 603.388 452.267 178.863 217.854 191.327 151.121 24.2794 273.404 113.908 140.643 40.7448 167.048 136.548 130.381 26.5271 37.2133 6.16702 19.9965 4.09532 6.53063 30.4715 10.2733 8.54264
internal_count=31815 21553 10262 9807 6330 2826 11167 10152 3477 785 3504 2334 10386 455 9367 10198 9918 1015 1143 280 709 188 306 273 182 117
is_linear=0
shrinkage=0.03


Tree=2
num_leaves=28
num_cat=0
split_feature=65 6 69 30 4 9 19 52 50 3 6 4 15 56 17 32 65 48 11 11 48 14 32 15 55 55 23
split_gain=130.931 42.1306 38.3656 18.7326 18.0356 16.6479 15.7752 19.862 13.0855 12.9949 10.6949 9.11911 8.93824 8.75902 8.33904 6.98993 4.52225 3.86382 3.31627 2.54029 2.50906 2.47724 1.70035 1.00463 1.00308 0.133917 0.119173
threshold=0.32610242068767553 -0.047204777598381036 0.27848984301090246 0.031394578516483314 -0.08499098569154738 0.037713505327701576 0.0033734291791915898 -0.0089931152760982496 0.0050510484725236901 0.02288184687495232 -0.14567397534847257 -0.16738250851631162 0.077541071921587004 -0.0016209650784730909 0.0050773443654179582 0.00012628827244043353 -0.12836432456970212 -0.0013197925873100755 0.044362125918269164 0.023865323513746265 -0.0079723554663360102 0.0022884160280227665 0.0036104246973991398 -0.067570112645626054 -0.0011974815279245374 0.018338023684918884 -0.018916077911853787
decision_type=2 2 2 2 2 2 2 2 2 2 2 2 2 2 2 2 2 2 2 2 2 2 2 2 2 2 2
left_child=2 4 10 6 -2 13 8 -8 -3 12 23 17 -6 18 -13 24 -15 -12 -4 25 -11 -17 -21 -1 -7 -5 -25
right_child=1 3 5 19 9 15 7 -9 -10 20 11 14 -14 16 -16 21 -18 -19 -20 22 -22 -23 -24 26 -26 -27 -28
leaf_value=0.013361769074791389 -0.018169751511322284 0.013687204824863063 -0.025990101463490754 -0.030421254117690397 0.02844506199052986 0.0044546656759318756 0.010719492538946275 -0.012004463967179888 -0.00056391136785915823 0.0066626521937172981 0.015256030639608412 -0.029707416840140041 -0.0031077056113945215 -0.0095648550363113885 -0.015711733431629991 0.028687296213011207 0.0102327234376214 -0.011078889847184806 -0.0013392107181634848 0.004730317192934437 -0.015208531850456279 0 -0.011269366707661306 0.00064158095140489041 -0.0076161127363212049 0 -0.0036674510269644523
leaf_weight=3.7608431088447105 5.1467231365677426 190.76715457174578 17.777295731706548 9.2502314962330274 128.69370691542281 9.8093211569066607 52.29820656531956 80.860126811283408 76.231412669061683 2.3136500121327117 5.8876571326691192 112.05958956592076 5.8061788587947367 12.073675104024003 113.29619404664845 18.01340865332168 19.941215468803421 3.6146774093213008 10.455190370674243 3.9886438934481694 5.7108122709323634 5.365427769458619 8.008088775968643 1.4852131113875655 5.497238809708505 0.90387374395504672 2.7757878284028248
leaf_count=69 104 3059 1148 220 1558 506 881 2174 1658 17 162 9495 142 920 6372 320 987 177 410 94 126 320 183 74 389 46 204
internal_value=0 0.00878109 -0.0145581 0.00376339 0.0223409 0.000903192 0.0053984 -0.00279749 0.00957247 0.0245734 -0.0208682 -0.0220777 0.0268054 -0.0084413 -0.0232952 0.0154432 0.00167255 0.00280378 -0.019339 -0.0202231 -0.00646226 0.0242653 -0.00435812 0.0071191 0 -0.029365 0
internal_weight=911.792 569.979 341.813 422.308 147.671 98.9328 400.157 133.158 266.999 142.524 242.88 234.858 134.5 60.2474 225.356 38.6854 32.0149 9.50233 28.2325 22.1508 8.02446 23.3788 11.9967 8.02184 15.3066 10.1541 4.261
internal_count=31815 10262 21553 8315 1947 5000 7772 3055 4717 1843 16553 16206 1700 3465 15867 1535 1907 339 1558 543 143 640 277 347 895 266 278
is_linear=0
shrinkage=0.03


Tree=3
num_leaves=31
num_cat=0
split_feature=65 6 69 28 9 1 0 2 17 9 48 12 6 46 9 21 28 67 36 50 16 65 28 21 38 50 27 17 54 63
split_gain=114.985 43.5196 35.6254 19.4967 16.6646 16.4039 15.2363 14.6104 10.7875 10.9171 10.7688 10.6767 11.4073 7.93723 7.88875 7.27707 7.18853 6.46018 6.34049 5.33257 4.61452 4.49231 4.43779 3.86079 3.6926 2.5205 2.49286 1.72431 0.845112 0.666238
threshold=0.32610242068767553 -0.047204777598381036 0.27848984301090246 -0.0047883638180792323 0.037713505327701576 -0.12354379892349242 -0.032626526430249207 0.047631807625293739 0.053448125720024116 -0.063023015856742845 0.021932771429419521 0.026864837855100635 -0.14567397534847257 0.010855074971914293 0.0026868879795074467 -0.017382413148880001 0.018452210351824764 -0.30036179721355433 0.0037163496017456059 -0.0041471347212791434 0.046664521098136909 -0.20033590495586392 -0.03909975849092006 0.0080448240041732805 0.0068344399333000192 0.0096747875213623064 0.015119872987270357 0.066652629524469389 0.0057345256209373483 0.0025076894089579587
decision_type=2 2 2 2 2 2 2 2 2 2 2 2 2 2 2 2 2 2 2 2 2 2 2 2 2 2 2 2 2 2
left_child=2 6 11 8 18 13 17 -7 9 -3 15 12 28 -5 20 -8 -16 27 26 -6 -13 -20 -14 -21 -10 -19 -4 -2 -1 -12
right_child=1 3 4 5 19 7 10 -9 24 -11 29 14 22 -15 16 -17 -18 25 21 23 -22 -23 -24 -25 -26 -27 -28 -29 -30 -31
leaf_value=0.010007027780458507 -0.017120617269856416 -0.0085967792390382724 -0.023124969989626886 -0.021197461657806897 -0.0045931914230572975 0.011234744882567496 0 -0.01092918731704735 -0.02241587440634104 0.013854831929890619 -0.011704941247318558 -0.024651714327642349 0 0 -0.0073369730587660867 0.027984122522356991 0.018492283264169726 0.016417896034862919 -0.012747507889134988 0.021016125189553165 0 0.0088489278057522752 -0.027471157935416851 -0.0018474439731044746 0.0002773098081314874 -0.0038761469229864147 0 0.0019029365533646456 -0.0017253026705327916 0
leaf_weight=5.6437531510018735 10.841892704745989 17.068148862599628 21.090817149000944 50.805824319657404 7.5583356675633686 64.989326261362294 9.4205657665152085 37.667468795436434 7.0468853264756026 155.78297598200152 3.9410594504442988 19.701378969708461 4.2943235086568157 18.81241882161703 20.794444287806986 129.37457259767689 10.162643666932125 13.00894675235031 8.9927896810986585 33.478467672946863 6.324272321042371 17.594979914254509 149.2149426779506 4.3075217815639908 8.4039048129925487 2.6312293033115557 6.4613724410010027 1.0927832949091669 2.0489227041543927 1.445896109275054
leaf_count=171 245 401 1537 1566 382 1677 193 1296 191 2491 92 1547 230 558 1264 1113 216 202 723 881 297 750 12689 272 135 53 455 29 139 20
internal_value=0 0.00850056 -0.0141558 0.00239302 0.000459263 -0.00472005 0.0207223 0.00269367 0.00900965 0.0112898 0.0245093 -0.0208152 -0.0248273 -0.0155021 -0.00789374 0.0261966 0.00170033 0 -0.0100745 0.0133836 -0.0187076 0 -0.0266275 0.0177973 -0.0115558 0.0114383 -0.0189656 -0.0135597 0.00506992 -0.00775928
internal_weight=850.003 532.334 317.669 360.577 99.4843 172.275 171.757 102.657 188.302 172.851 144.182 218.185 161.202 69.6182 56.9827 138.795 30.9571 27.5749 54.14 45.3443 26.0257 26.5878 153.509 37.786 15.4508 15.6402 27.5522 11.9347 7.69268 5.38696
internal_count=31815 10262 21553 8315 5000 5097 1947 2973 3218 2892 1418 16553 13229 2124 3324 1306 1480 529 3465 1535 1844 1473 12919 1153 326 255 1992 274 310 112
is_linear=0
shrinkage=0.03


Tree=4
num_leaves=31
num_cat=0
split_feature=6 67 28 2 50 9 49 27 50 9 13 32 48 34 52 29 34 46 29 55 24 45 6 23 20 33 55 47 24 9
split_gain=58.9458 31.7463 22.6192 25.0566 17.4666 17.4165 15.3216 11.141 11.8914 10.9259 10.606 10.5673 10.2441 9.94626 8.0963 7.87375 7.84709 7.04425 6.87162 4.6438 4.28253 3.97256 4.01526 2.17068 1.34266 1.30867 0.832273 0.371846 0.327211 0.300066
threshold=-0.047204777598381036 0.4414676725864411 -0.0047883638180792323 0.038685895502567298 0.0083320979028940218 0.04282116889953614 -0.011118587106466292 -0.0009379349648952483 0.0048827901482582101 -0.063023015856742845 -0.005605987273156642 0.0012677367776632311 -0.0089508024975657446 -0.014743790961802004 -0.0089931152760982496 0.0054376330226659783 0.0053163189440965661 -0.0042601637542247764 -0.056802077218890183 -0.0091530885547399504 -0.016463436186313626 0.0092619196511805075 -0.14567397534847257 -0.024135313928127285 0.03386154584586621 0.027498006820678714 -0.0123283714056015 -0.0065481122583150855 0.0099234208464622515 -0.025370590388774868
decision_type=2 2 2 2 2 2 2 2 2 2 2 2 2 2 2 2 2 2 2 2 2 2 2 2 2 2 2 2 2 2
left_child=1 4 3 5 12 13 7 8 -4 24 -7 -11 17 -2 16 -14 -8 -1 -16 26 -9 22 28 -21 -5 -24 -6 -23 -3 -29
right_child=2 21 6 9 19 10 14 20 -10 11 -12 -13 15 -15 18 -17 -18 -19 -20 23 -22 27 25 -25 -26 -27 -28 29 -30 -31
leaf_value=-0.00064181237658227119 -0.0003957177646557503 -0.0018563502647455455 0.020726876501728966 -0.015301297581233797 0 -0.011404259961569293 0.0031692302444065843 -0.024582025812843203 -0.014413405793894944 0 0.01499662163016603 0.017337823519926895 0.016297171933367917 -0.024872537760612171 0.0048378200353364721 0 -0.019567253795337108 0.027612711360569087 -0.020904939411564471 0.00020901824834284867 -0.0019618018706177988 -0.002889334351546527 -0.028081298735537132 -0.016325705640290164 0 0 0.012901963199825062 0 0.0063003535711158905 0.008012972058835376
leaf_weight=6.1762674870551555 23.916705128154717 1.929975802864653 26.812650120264152 11.053545898379527 1.2050107324612325 17.448580842436058 35.231680673954543 8.78404735503136 6.8685948732891111 46.710232435085345 28.592058856593212 87.566397031914676 72.241766341845505 51.955510709725786 6.18815345596522 39.303182053292403 14.960847073059993 89.904817580041708 141.23165304251597 5.3774460169952425 26.594515227188822 1.988438823551405 16.661015883786607 16.750971685891269 7.7692852015898088 0.77962071265210298 6.5373199633613721 1.2279257217014672 1.8173202311736529 3.5134586875210507
leaf_count=240 875 102 830 477 96 1162 1491 406 456 1223 797 1502 2211 3791 168 1382 844 820 8770 218 1030 101 1372 867 230 53 88 56 37 120
internal_value=0 0.0114568 -0.00566705 0.00028691 0.0151082 -0.00953657 -0.0118099 0 0.0118484 0.00835329 0.00426636 0.0114673 0.0181748 -0.0180293 -0.015971 0.0107343 -0.00422295 0.0255578 -0.0195043 -0.00489677 -0.0106696 -0.0162706 -0.0216629 -0.0119038 -0.0103465 -0.026621 0.00958826 0.000146084 9.95341e-06 0.00532835
internal_weight=807.099 265.415 541.684 275.012 237.497 121.913 266.672 69.0598 33.6812 153.099 46.0406 134.277 207.626 75.8722 197.612 111.545 50.1925 96.0811 147.42 29.8707 35.3786 27.9178 21.1879 22.1284 18.8228 17.4406 7.74233 6.72982 3.7473 4.74138
internal_count=31815 7763 24052 10057 5922 6625 13995 2722 1286 3432 1959 2725 4653 4666 11273 3593 2335 1060 8938 1269 1436 1841 1564 1085 707 1425 184 277 139 176
is_linear=0
shrinkage=0.03


Tree=5
num_leaves=31
num_cat=0
split_feature=69 69 2 47 12 5 29 17 3 9 7 2 9 48 62 14 23 49 6 5 23 17 16 25 31 33 10 24 47 11
split_gain=100.953 34.9729 31.3829 17.9987 14.7337 18.475 11.6032 11.4799 13.5569 8.78558 8.69585 7.90972 7.19352 7.87004 7.16307 6.34088 6.21419 6.0989 5.16997 5.00416 2.8896 2.84532 2.03357 1.66638 1.78554 1.45285 1.26497 1.10333 0.985512 0.477158
threshold=0.074847951531410231 1.0227915048599245 0.034914433956146247 0.011036931537091734 0.018108949065208439 0.035335753113031394 0.0073823332786560067 0.033033056184649474 0.0035402216017246251 0.094056509435176863 -0.015037082135677336 0.13835957646369937 -0.041831942275166505 0.0066498620435595521 -0.017630385234951969 -0.0006499253213405608 -0.050553821027278893 -0.0121071171015501 -0.060038313269615166 -0.038747176527976983 -0.0033049285411834712 -0.022092469036579129 0.027403280138969425 0.012168273329734804 0.036692116409540183 -0.018451165407896038 -0.051236413419246667 -0.010528001934289931 0.00018732063472270968 0.04089296609163285
decision_type=2 2 2 2 2 2 2 2 2 2 2 2 2 2 2 2 2 2 2 2 2 2 2 2 2 2 2 2 2 2
left_child=2 4 9 14 5 18 -7 8 -5 16 22 19 25 -14 20 -16 27 -18 -2 -12 -4 -13 26 24 -11 -6 -3 -1 -24 -25
right_child=1 10 3 7 12 6 -8 -9 -10 23 11 21 13 -15 15 -17 17 -19 -20 -21 -22 -23 28 29 -26 -27 -28 -29 -30 -31
leaf_value=-0.0049890746926742743 0.0025399003783743725 0.0015766020624938704 0.016945335866588269 0.025876083682824371 0.0027940622044825055 0.013882343266419997 -0.010805777054113503 -0.018773930607979109 -0.0044367995524842701 -0.014726559387971726 0.0021890653230577676 0.010773275987478613 0.017424959882938035 -0.0008341719383186285 -0.0041611894342748375 -0.019170169047813417 -0.0052845016861590589 -0.027705933381966513 -0.016406682136304078 0.02716558007619688 -0.0059420905305648019 -0.0078660244262775039 0.014103261944536209 0.008164300281562703 0.0029861796201869606 -0.011713697342080956 -0.012361644988519086 0.010082026894201089 0 0
leaf_weight=2.503023723635124 11.146511758619452 3.4570370431174524 8.3052865258941875 32.419476593844593 3.2398727728577787 54.494341895362595 18.498255748127121 5.2546034935803609 16.250381841004128 6.8316404688521306 11.48025235859677 11.232862807577478 80.877983722370118 23.581431132392026 63.968052545882529 51.876350251346594 18.68902575733955 119.31036194041371 66.314441168389749 115.63164663425414 2.3184591650788198 7.4446713109791736 5.1316110586049017 8.5902262497402226 2.5764166821318213 10.421606591145972 6.9064500110980607 3.1261964355071532 3.333853332529543 0.82556867945822965
leaf_count=165 738 145 94 370 116 1340 841 155 591 431 255 234 1849 906 2401 2559 1295 9758 4033 1497 80 173 84 242 143 664 327 110 142 77
internal_value=0 0.00957898 -0.012067 -0.00309546 0.00266084 -0.0033902 0.00694943 0.0105468 0.0157255 -0.0214602 0.0202779 0.0226813 0.0104365 0.0131791 -0.00932045 -0.0116457 -0.0239175 -0.0251702 -0.0133278 0.0253051 0.00972722 0.00198462 0 -0.000366907 -0.00844075 -0.00683876 -0.00675953 0.00136373 0.00915355 0.00574881
internal_weight=776.038 433.193 342.845 180.393 268.574 150.454 72.9926 53.9245 48.6699 162.452 164.618 145.789 118.121 104.459 126.468 115.844 143.629 137.999 77.461 127.112 10.6237 18.6775 18.829 18.8239 9.40806 13.6615 10.3635 5.62922 8.46546 9.41579
internal_count=31815 13344 18471 6250 10487 6952 2181 1116 961 12221 2857 2159 3535 2755 5134 4960 11328 11053 4771 1752 174 407 698 893 574 780 472 275 226 319
is_linear=0
shrinkage=0.03


Tree=6
num_leaves=31
num_cat=0
split_feature=65 69 69 47 69 26 65 17 5 13 37 63 47 62 28 33 36 36 21 33 17 0 23 57 43 61 19 57 59 23
split_gain=104.634 42.365 24.4757 12.6575 13.511 15.0237 11.4484 11.1273 11.0509 10.8933 7.32235 7.08349 6.10456 5.58086 5.09409 4.76863 4.38073 3.36283 3.26132 3.0484 2.808 2.73902 1.75443 1.61212 1.59152 1.34347 0.883026 0.365531 0.354209 0.267164
threshold=0.1761327460408211 1.0227915048599245 0.27884517610073095 0.011828572489321234 -0.069542292505502687 0.0029769260436296467 1.5498625040054324 0.032546430826187141 0.024967931210994724 -0.026110248640179631 -0.024132606573402878 0.021699295379221443 -5.9317797422409051e-05 -0.007435247302055358 -0.0037924597272649403 -0.032833488658070557 -0.00040243193507194514 -0.014121234416961668 0.062219925224781043 -0.0002336911857128143 0.0045233280397951612 -0.2032944783568382 -0.018276467919349667 0.013694446533918382 -0.0072330981492996207 -0.00083205942064523686 0.021853588521480564 1.0000000180025095e-35 -0.0041184816509485236 0.021262601017951969
decision_type=2 2 2 2 2 2 2 2 2 2 2 2 2 2 2 2 2 2 2 2 2 2 2 2 2 2 2 2 2 2
left_child=2 3 10 4 5 -2 13 14 15 -6 19 16 22 29 -5 28 -12 -15 -9 24 25 -14 -10 -17 -1 -8 -13 -22 -4 -3
right_child=1 6 8 7 9 -7 20 18 12 -11 11 26 21 17 -16 23 -18 -19 -20 -21 27 -23 -24 -25 -26 -27 -28 -29 -30 -31
leaf_value=-0.0022807646919172087 0 -0.0033408126961970981 0.01097865460708089 0.019567096434369245 -0.012481662295066264 -0.022883079778760931 -0.0011948254370102902 -0.020313681911437606 0.0011707890445094079 0.0077402756514004783 -0.031586162922960771 0.011136356802263863 0.021677085376272543 0 0.0002828188293564931 -0.02046886012069242 -0.017426613780118866 0.02786794346133846 0.0029128419416259658 -0.013722176765561464 -0.010044096899141141 0.0027138715921771997 -0.014422629929436666 0 0.01468465497808235 0.011573260957648228 -0.0021009093417566041 0 0 0.0041322850067194699
leaf_weight=2.2345325065252828 62.502995003800606 4.5521137751347842 2.071112953126431 59.785157670878107 23.600023217382841 39.806182470871136 3.6532708742306594 7.0822085037943889 6.3026601947494783 129.21257519695791 66.750402599369409 3.0978210871107867 15.718234199623106 3.4598147185170083 19.374838343443116 24.59582590151695 91.204923095210688 106.40939410508145 4.475201609893702 3.6261704490752882 5.1336971525452082 19.087193929182835 6.786884338303933 2.8997384200047227 6.6583923276339183 21.514715153432917 1.2434788497630505 2.9751684251823463 0.56874771596631291 2.8377588897128589
leaf_count=144 2301 203 55 842 1229 1514 142 240 206 3836 6729 115 275 158 703 2104 7130 1156 66 287 148 789 446 174 202 277 128 73 67 76
internal_value=0 0.00798679 -0.0155301 0.00201162 -0.00134922 -0.00962479 0.0210152 0.0113534 -0.00102283 0.00413064 -0.0216302 -0.0232867 0.00732991 0.025335 0.0155008 -0.0143058 -0.02438 0.0269608 -0.0113444 0 0.00368855 0.0136785 -0.00700763 -0.0183559 0.00897573 0.00883462 0.00503819 -0.00727266 0.0083565 0
internal_weight=749.221 496.375 252.846 345.839 255.122 102.309 150.536 90.7174 78.0304 152.813 174.816 162.297 47.895 117.259 79.16 30.1354 157.955 109.869 11.5574 12.5191 33.2769 34.8054 13.0895 27.4956 8.89292 25.168 4.3413 8.10887 2.63986 7.38987
internal_count=31815 12964 18851 10731 8880 3815 2233 1851 4116 5065 14735 14102 1716 1593 1545 2400 13859 1314 306 633 640 1064 652 2278 346 419 243 221 122 279
is_linear=0
shrinkage=0.03


Tree=7
num_leaves=31
num_cat=0
split_feature=69 65 47 49 69 5 20 65 38 51 62 11 13 2 59 65 58 5 68 55 52 38 30 33 54 45 51 15 0 20
split_gain=94.2956 49.7783 17.0866 15.2441 12.905 12.5066 11.254 10.6049 7.54176 7.07237 6.55895 5.63032 5.8728 5.11881 4.94658 3.41538 2.87189 2.29638 1.5294 1.34248 1.0746 0.887405 0.759697 0.709351 0.730697 0.484455 0.46499 0.113294 0.0450667 0.00413412
threshold=1.0227915048599245 -0.31679368019103998 0.011828572489321234 0.0051896795630455026 -0.069542292505502687 -0.096887022256851182 -0.0093543622642755491 0.82539597153663646 0.0050292462110519418 0.012012192979454996 -0.0021363291889429088 0.037809073925018317 0.033029690384864814 0.15208281576633456 -0.014092393219470976 2.3393701314926152 0.030291553586721424 0.024967931210994724 0.1849477216601372 -0.016288960352540013 -0.0077901780605316153 0.011538438498973848 -0.014682962559163569 0.013216134160757067 -0.021032601594924923 -0.017915754579007622 -0.0082011115737259371 0.033815320581197746 -0.28301882743835444 -0.031266752630472176
decision_type=2 2 2 2 2 2 2 2 2 2 2 2 2 2 2 2 2 2 2 2 2 2 2 2 2 2 2 2 2 2
left_child=1 11 4 8 5 -3 17 -6 -4 13 -5 14 22 15 26 -8 -16 23 -15 -11 -14 25 -13 24 -2 -19 -1 -21 -23 -25
right_child=6 2 3 10 7 -7 9 -9 -10 19 -12 12 20 18 16 -17 -18 21 -20 27 -22 28 -24 29 -26 -27 -28 -29 -30 -31
leaf_value=0.0033525607231716611 0 0.010964350805849022 0.017942146014364103 0.0051571238235519189 -0.0058566253815306498 -0.015517396110091357 0.027798317915311323 0.0074542933399336705 -0.00021002512053702355 0.0076507322402065538 -0.022046797180895521 0 0.014648038964652365 0.010177843398636397 -0.029903042378190595 0 0 0 -0.0044796591223505711 -0.0092943041540769471 0 0 -0.020124273399539355 0 -0.013106975401239132 0.012662022239364266 -0.0064004836132331372 0 -0.0025551866885845358 0.00065777563939227359
leaf_weight=4.2205902626446914 1.4824583212030109 13.5581161333248 72.607859421172179 8.5390691131178773 121.77833342840313 114.05223798242514 110.92324894812191 88.526728436321719 23.506123046128778 3.1798220875207335 14.041171061806379 3.340499222074869 4.6812055962218437 7.9945349677000177 78.324207891302649 2.4156185738393097 1.0408041123591818 0.78449870389886101 5.226789181586355 4.6244851905212254 3.2742162847716818 1.0919734727358448 9.0509448125667404 0.49906570342136536 6.7667121506237917 11.139478265075011 2.6857132479490238 1.0410879155970176 1.2123069307417598 3.5994327966182018
leaf_count=175 32 344 1481 296 7091 5841 1174 2049 823 64 717 438 108 169 7903 58 31 33 198 218 238 43 1150 33 300 254 273 52 107 122
internal_value=0 -0.00582417 -0.00134904 0.00813692 -0.00483857 -0.0121703 0.0198193 -7.11434e-05 0.0134152 0.0232209 -0.0116016 -0.0238019 -0.00572687 0.0249769 -0.0271889 0.027037 -0.029198 0.000605252 0.00309768 0 0.00925673 0.00838814 -0.0169671 -0.00646645 -0.0101457 0.0112753 0 -0.00826993 0 0
internal_weight=725.209 563.228 456.61 118.694 337.915 127.61 161.982 210.305 96.114 135.406 22.5802 106.618 20.3469 126.56 86.2713 113.339 79.365 26.5759 13.2213 8.8454 7.95542 14.2283 12.3914 12.3477 8.24917 11.924 6.9063 5.66557 2.30428 4.0985
internal_count=31815 28958 18642 3317 15325 6185 2857 9140 2304 1933 1013 10316 1934 1599 8382 1232 7934 924 367 334 346 437 1588 487 332 287 448 270 150 155
is_linear=0
shrinkage=0.03


Tree=8
num_leaves=30
num_cat=0
split_feature=69 65 29 62 3 20 64 42 63 7 29 64 51 6 23 62 52 17 8 65 28 6 46 20 48 48 25 39 3
split_gain=89.5369 43.3953 13.6502 11.3216 11.1739 11.0748 7.53005 7.25126 6.6675 6.10635 5.79389 5.39363 3.93931 3.54139 3.38695 2.95926 2.24786 2.06312 1.72684 1.69376 0.780524 0.46498 0.280081 0.278452 0.256277 0.235123 0.127699 0.0621755 0.000427024
threshold=1.0227915048599245 -0.28480093181133265 0.010364394634962084 -0.0068505480885505668 0.060536943376064307 -0.0093543622642755491 1.9615384340286257 -0.012631447985768316 0.01703042816370726 -0.015037082135677336 -0.037905413657426827 -0.2692307755351066 0.010742533020675184 -0.062271282076835625 0.00090666860342025768 -0.0039204228669404975 -0.0034540109336376186 0.018875243142247203 -0.11790403723716734 -0.48823863267898554 0.0098432730883359926 -0.10059016942977904 0.01575572416186333 0.0037130620330572133 0.013259547762572767 0.0037159658968448643 -0.052571929991245263 0.0073006153106689462 -0.12230796366930007
decision_type=2 2 2 2 2 2 2 2 2 2 2 2 2 2 2 2 2 2 2 2 2 2 2 2 2 2 2 2 2
left_child=1 8 4 14 7 13 -5 -3 10 16 19 -6 15 22 -4 -11 23 26 -12 -1 24 -18 -2 -7 -15 -14 -10 -19 -22
right_child=5 2 3 6 11 9 -8 -9 17 12 18 -13 25 20 -16 -17 21 27 -20 -21 28 -23 -24 -25 -26 -27 -28 -29 -30
leaf_value=-0.008116322251245511 0.012905940323498167 -0.007482693082648241 0.010860799809701921 -0.019494849965144258 0.0052642957891977605 0 0.0032529647913127268 0.0055702336624693077 0 0.0083567413247247514 0 -0.01995546565167344 -0.0017494381688284324 -0.012520558684267958 -0.005785492758721633 0.028125728927315966 0 0 -0.026695204662825323 0.011210223621979987 0.00020543876492014505 -0.010594815268579713 0 0.01187708263316789 0 0.0047477298192574241 -0.0091714553997566447 0.01258359561520094 0
leaf_weight=2.4498355320538394 8.307693060749445 38.780831424286589 20.032727654353948 70.170537155907368 5.6708500481909168 0.71045932685956348 11.671391989191759 252.04361080328817 0.39049416029593009 17.93879491603002 2.3430844146059817 24.215672052203445 4.2639079336659043 8.752328644768566 12.907466057949931 98.533104566391557 1.3329932747874407 0.79547610212466668 92.742610303306719 3.2273386392043895 4.1060569338151254 4.9208596871467289 1.4918576827039931 6.2123120256583206 1.1118792981724244 3.1300293959793635 3.3988036004593587 3.3593042690772563 0.71679663396207516
leaf_count=187 191 1671 548 4065 205 44 282 8237 41 317 116 2095 168 397 808 871 36 61 10137 111 161 221 41 169 52 107 348 46 82
internal_value=0 -0.00584289 -0.00144288 -0.0101262 0.0016805 0.0192694 -0.0159048 0.00363119 -0.0223675 0.0224831 -0.0243844 -0.0142415 0.0244908 0 0.00364447 0.0257972 0.000414177 0.000434462 -0.0260849 0.00016531 -0.00788096 -0.00785931 0.0115213 0.010566 -0.0113807 0 -0.00820381 0.0117676 0
internal_weight=705.729 544.2 435.493 114.782 320.711 161.529 81.8419 290.824 108.707 137.042 100.763 29.8865 123.866 24.4866 32.9402 116.472 13.1766 7.94408 95.0857 5.67717 14.6871 6.25385 9.79955 6.92277 9.86421 7.39394 3.7893 4.15478 4.82285
internal_count=31815 28958 17911 5703 12208 2857 4347 9908 11047 1933 10551 2300 1463 924 1356 1188 470 496 10253 298 692 257 232 213 449 275 389 107 243
is_linear=0
shrinkage=0.03


Tree=9
num_leaves=30
num_cat=0
split_feature=65 66 11 7 51 50 9 9 31 18 23 24 13 44 36 12 48 7 31 9 20 13 65 68 53 12 11 23 34
split_gain=76.7748 25.9537 16.8546 13.4612 13.0325 9.85206 11.1076 9.41449 9.11547 6.52178 6.42757 5.63399 5.09375 4.78224 5.51356 4.52836 4.29406 4.15636 3.77662 3.62715 3.38218 3.08394 2.95607 1.93416 1.22505 1.00799 0.566968 0.411809 0.146532
threshold=0.051765551790595062 0.65170603990554821 0.02258214354515076 -0.015929356217384335 0.0066214189864695081 -0.0072685498744249335 0.049546077847480781 0.011729888617992403 -0.020563513040542599 0.022697731852531437 -0.014107078313827513 0.0061691254377365121 -0.0072992825880646697 -0.029553119093179699 1.0000000180025095e-35 0.0014812815934419634 0.018641693517565731 0.11804409325122835 -0.026020583696663376 0.10229927301406862 0.017110012471675876 0.08938713371753694 -0.25606115162372584 2.7476488351821904 0.0090071493759751337 0.06712364032864572 0.025625366717576984 -0.023311592638492581 0.0080959363840520399
decision_type=2 2 2 2 2 2 2 2 2 2 2 2 2 2 2 2 2 2 2 2 2 2 2 2 2 2 2 2 2
left_child=2 4 13 18 5 6 -2 -7 25 19 15 21 -11 28 23 27 -10 -16 26 -6 -17 -12 -13 -15 -20 -5 -3 -4 -1
right_child=1 3 10 8 9 7 -8 -9 16 12 11 22 -14 14 17 20 -18 -19 24 -21 -22 -23 -24 -25 -26 -27 -28 -29 -30
leaf_value=0 0.017553805894731375 0.011486495498973922 -0.011296799456294956 -0.0085746555344824987 -0.019499566979754631 -0.0065125371683270039 -0.0070690016383203637 0.006490535052939693 0.023918119110363904 -0.014928772749562587 -0.021701142472996753 -0.0071792361020700263 0.0081142800058102062 -0.032208175658764916 -0.01665898785952262 0.019595371808848565 -0.002224278952571242 0.0056384337694222898 -0.013953186006632892 0 -0.0027111191222300608 0.0027506432055658531 0.012966350348435593 0 0 0.0035580256515772408 0 0 0.0068968725584226398
leaf_weight=0.84984325731056665 71.997698481456609 7.5391968252370152 4.0252074868476511 6.561410289607009 36.322232558217365 85.649384877673583 16.053967429004842 106.08825357738533 109.33451042542583 7.0901294958021053 21.338655986735834 7.5587649163207971 23.955487323313719 53.502224781434052 61.216249714168953 15.60387290606741 2.9119000363862133 3.9108180386247104 12.958511719480155 7.6857924590585744 4.0930557563842731 1.8799396968679492 7.493112710391868 2.2102903149498152 2.945892739982809 4.9529816814465448 1.9400082937208933 2.2330047369468957 1.3422294319316279
leaf_count=82 1365 131 527 232 2335 2613 494 3516 1646 507 1844 1147 722 5883 5315 540 99 210 764 371 198 39 419 157 142 68 124 292 33
internal_value=0 0.00610076 -0.0161513 0.0164025 0.0015197 0.00457685 0.0126035 0.00051167 0.0203738 -0.00907623 -0.00282434 -0.0104188 0.000678644 -0.022492 -0.0233999 0.0072786 0.0229181 -0.0145857 -0.00213896 -0.0159371 0.0141349 -0.0185216 0.00208598 -0.0311597 -0.0107011 -0.00204199 0.00888931 -0.00832975 0.00485896
internal_weight=691.245 503.987 187.257 149.144 354.843 279.789 88.0517 191.738 123.761 75.0536 64.2256 38.2705 31.0456 123.032 120.84 25.9551 112.246 65.1271 25.3836 44.008 19.6969 23.2186 15.0519 55.7125 15.9044 11.5144 9.47921 6.25821 2.19207
internal_count=31815 15129 16686 3206 11923 7988 1859 6129 2045 3935 5006 3449 1229 11680 11565 1557 1745 5525 1161 2706 738 1883 1566 6040 906 300 255 819 115
is_linear=0
shrinkage=0.03


Tree=10
num_leaves=30
num_cat=0
split_feature=65 66 11 7 51 3 43 66 32 52 27 23 57 44 7 56 5 57 5 27 5 32 22 38 6 18 54 24 57
split_gain=70.3408 25.0652 15.3274 11.439 10.4589 9.1394 8.52371 7.85527 15.9649 8.04334 6.61555 5.719 4.61651 4.53767 4.22971 3.88554 3.51498 3.31835 2.99834 2.72644 2.40063 1.54407 1.543 1.05921 1.01643 0.771952 0.459395 0.198473 0.125538
threshold=0.051765551790595062 0.65170603990554821 0.02258214354515076 -0.015929356217384335 0.0066214189864695081 0.016711170785129074 -0.0037377960979938503 -0.40628840029239649 0.012019744142889978 0.0071325581520795831 -0.0062004961073398581 -0.014107078313827513 0.0080558490008115786 -0.029553119093179699 0.11804409325122835 -0.0042320461943745604 -0.0312376394867897 0.021119201555848125 -0.15612432360649106 0.007487647235393525 0.11656170338392259 0.022365823388099674 -0.048562850803136819 -0.0095349177718162519 0.0052837133407592782 0.004180997610092164 -0.0083268024027347547 0.0053073950111866006 -0.0047612953931093207
decision_type=2 2 2 2 2 2 2 2 2 2 2 2 2 2 2 2 2 2 2 2 2 2 2 2 2 2 2 2 2
left_child=2 4 13 17 7 16 22 8 -2 -9 -8 15 20 28 18 26 -5 24 -15 -17 -13 -7 -6 -14 -3 -16 -4 -19 -1
right_child=1 3 11 5 6 21 10 9 -10 -11 -12 12 23 14 25 19 -18 27 -20 -21 -22 -23 -24 -25 -26 -27 -28 -29 -30
leaf_value=0.0065216457715315344 -0.01153146454853652 -0.012387207833254754 0 0 0 -0.012060210615764759 0.010713454388382159 0.011568608106725369 0.011715040107344487 -0.0023549592570468341 -0.01011990091438094 -0.019810095745412936 -0.0038062745207660723 0 -0.0071235451342019128 0.018028286643156415 0.022898044744939634 0 -0.0254879989275127 -0.002817181704888802 0 0.0044233667395749141 -0.021668267088116859 0.0094426334232745254 0 0.0060677779884418066 -0.0097408946833572076 0.011700759856876351 0
leaf_weight=1.3031262604054066 62.922148622921668 12.589424729667376 1.8774411968188358 4.9037669052486299 0.93517299677478405 6.1190952350443677 21.65860543953022 129.47904371630284 38.114982016239082 45.091146341292188 23.259985545999371 21.710125110112134 1.9903484510432461 6.3068773311970281 1.9493967806920398 15.408681977714879 110.06053856902872 1.2740789622475848 102.4858560662542 3.0248006331676143 6.1939312802569466 2.4463775651529431 25.899938897026004 7.4215672461432387 4.5418015468458171 4.2919463178259321 5.4059988389490199 5.6113696639367845 0.83112663275096466
leaf_count=18 2260 754 144 201 66 388 775 3521 709 1498 1539 2454 181 587 246 697 1377 53 10505 254 186 79 1555 628 271 227 462 83 97
internal_value=0 0.00585089 -0.0157931 0.0160077 0.00128556 0.0195875 -0.00842491 0.00402564 -0.0023402 0.00783968 0 -0.00295772 -0.0102228 -0.0220489 -0.022968 0.00655547 0.0218293 -0.00157327 -0.0242882 0.0134562 -0.0159029 -0.00524571 -0.0203002 0.00421076 -0.00897878 0 -0.00683541 0.0103539 0.00466262
internal_weight=675.109 494.907 180.201 147.546 347.361 123.53 71.7537 275.607 101.037 174.57 44.9186 63.0329 37.316 117.168 115.034 25.7169 114.964 24.0167 108.793 18.4335 27.9041 8.56547 26.8351 9.41192 17.1312 6.24134 7.28344 6.88545 2.13425
internal_count=31815 15129 16686 3206 11923 2045 3935 7988 2969 5019 2314 5006 3449 11680 11565 1557 1578 1161 11092 951 2640 467 1621 809 1025 473 606 136 115
is_linear=0
shrinkage=0.03


Tree=11
num_leaves=31
num_cat=0
split_feature=69 64 69 12 42 52 6 20 5 52 64 7 64 63 2 6 38 38 6 29 63 31 38 13 10 7 17 20 30 43
split_gain=71.8076 31.6846 15.3139 10.5788 8.7472 8.7717 9.2904 7.97092 7.79303 7.43757 6.76432 6.05433 5.32629 4.80739 4.40126 4.28095 3.06877 1.61191 1.51472 1.48858 0.965589 1.2602 0.800933 0.628421 0.465747 0.36127 0.204724 0.0894759 0.0762851 0.0449461
threshold=1.0227915048599245 0.42307692766189581 -0.233113057911396 0.013362221419811251 -0.011866568587720392 -0.0040859542787075034 -0.049045771360397332 -0.0074330009520053855 0.035335753113031394 -0.016157494857907292 -1.0000000180025095e-35 -0.0017732530832290647 2.423076987266541 0.01703042816370726 0.16242012381553653 -0.14567397534847257 -0.011956386268138884 -0.016908705234527584 -0.058331400156021111 0.056917414069175727 0.0062291808426380166 -0.0058962181210517875 -0.014619655907154082 0.049511093646287925 0.0080945529043674486 -0.11608703806996344 0.0094225769862532633 0.0084634292870759981 -0.014953274745494126 0.0065262399148195991
decision_type=2 2 2 2 2 2 2 2 2 2 2 2 2 2 2 2 2 2 2 2 2 2 2 2 2 2 2 2 2 2
left_child=1 2 13 8 16 9 -7 18 -4 -6 -5 20 14 15 -13 -1 17 -3 26 -18 21 -9 29 -15 -24 -22 28 -14 -2 -20
right_child=7 4 3 10 5 6 -8 11 -10 -11 -12 12 27 23 -16 -17 19 -19 22 -21 25 -23 24 -25 -26 -27 -28 -29 -30 -31
leaf_value=0.0014871351457344823 0 -0.0056831408854839966 -0.019020531317122794 0.012004943350743638 -0.0030563322411857434 0.015542343215567729 -0.0052188938945864818 -0.0020888098808525121 -0.0013823298838716541 0.014535599212853934 -0.0070997336097931331 0.026001854812412271 -0.0032025020360101084 -0.0048101757122183059 0 -0.025474180176110233 -0.017872221385555758 0.011864406075757663 0 0 0 0.01095761939355152 -0.01261756046929385 0.0066967911163856942 0 -0.0079823903332273526 0 6.5635887426468144e-05 0.0099008777684070695 0.0020993777403700859
leaf_weight=2.857014746463391 0.72571160289226089 3.962974665890215 58.107464885513764 31.507224104716443 23.46065330284182 18.538087132648798 100.18289986831951 3.7633675262623028 42.467867580096936 80.236743940593442 24.383806492405711 99.306270627363119 2.8481838662410146 3.4446901253249953 6.9008375086123115 84.227010595292086 23.068234964361185 3.4672968460654365 0.57570474277599615 1.5969083015224885 1.3145021739182992 10.57857087429147 4.8569939130684343 3.2544573848426808 3.5598030571709387 3.1815156702359664 1.2536481405259108 3.6280615627765656 7.0870740328682604 4.6419964428059757
leaf_count=126 65 234 6272 1801 559 366 3683 167 2271 2004 1450 1040 26 373 235 8648 990 69 46 22 36 210 345 90 200 157 35 20 152 123
internal_value=0 -0.00549308 -0.0129792 -0.00660388 0.00186032 0.00412843 -0.00123747 0.0175865 -0.0122752 0.0103221 0.00327881 0.0203289 0.0229096 -0.0224395 0.0244647 -0.0242311 -0.0114867 0.00157049 0 -0.0160331 0.00206554 0.00632817 -0.00481092 0 -0.00925851 -0.00454514 0.00813965 0 0.00933363 0.00044732
internal_weight=658.986 504.763 250.25 156.466 254.514 222.418 118.721 154.222 100.575 103.697 55.891 131.521 112.683 93.7832 106.207 87.084 32.0954 7.43027 22.7009 24.6651 18.838 14.3419 13.6345 6.69915 8.4168 4.49602 9.06643 6.47625 7.81279 5.2177
internal_count=31815 28958 21031 11794 7927 6612 4049 2857 8543 2563 3251 1891 1321 9237 1275 8774 1315 303 966 1012 570 377 714 463 545 193 252 46 217 169
is_linear=0
shrinkage=0.03


Tree=12
num_leaves=31
num_cat=0
split_feature=64 66 1 12 11 28 6 27 7 33 63 31 31 28 21 41 7 28 64 20 21 28 41 23 8 68 63 19 31 53
split_gain=46.9514 23.6015 15.9704 13.2036 12.7129 10.58 9.59862 8.19422 7.84498 7.22045 7.49573 5.64488 5.49473 4.12994 4.01695 3.56237 3.50065 3.34263 2.69175 2.65346 2.41682 2.26212 1.9948 1.927 1.33347 1.31334 0.892903 0.870672 0.554686 0.547224
threshold=0.11538461968302728 0.65170603990554821 0.090829934924840941 0.00037421286106109625 0.044362125918269164 -0.0032486992422491308 -0.053515732288360589 -0.0019312202930450437 -0.015929356217384335 -0.0074413865804672233 -0.001317971386015415 1.0000000180025095e-35 -0.020563513040542599 -0.020378402434289452 0.010632641613483431 -0.0061731263995170585 0.14490149915218356 -0.029190771281719204 1.1923077106475832 -0.0083778854459524137 0.0063083767890930184 -0.010643706656992434 0.00074928253889083873 0.018537029623985294 -0.10407759994268416 0.1849477216601372 0.00016189832240343097 0.03364484757184983 -0.034426955506205552 -0.012497049756348131
decision_type=2 2 2 2 2 2 2 2 2 2 2 2 2 2 2 2 2 2 2 2 2 2 2 2 2 2 2 2 2 2
left_child=2 5 4 13 16 9 18 -8 21 15 -11 22 29 27 -13 -2 17 -1 -7 -14 23 26 -5 -6 -15 -22 -3 -4 -23 -10
right_child=1 8 3 11 20 6 7 -9 12 10 -12 14 19 24 -16 -17 -18 -19 -20 -21 25 28 -24 -25 -26 -27 -28 -29 -30 -31
leaf_value=0 0.0037668497604888412 -0.00026843282719691392 -0.0037204674238462362 -0.011744042760158398 -0.015835642947451725 0 7.1385339789778069e-05 -0.014824274282514819 0.0020716656379107649 0.015382023785018056 0.00083139357870913545 0.021901582735797689 0 0 0 -0.013089358054257172 0 -0.024783629610906965 0.019185080253652047 0.023481444892432889 -0.00076794304875884808 0 0.0034502844361071709 0.00099791688820465409 -0.020679043130372537 0.012696642363059722 0.01127535355411452 0.0083748089353785013 -0.011029641779224393 -0.007682727098709834
leaf_weight=5.4059676629549349 14.792817082372492 2.2581629873311639 6.6221621226577536 7.3887578001304091 5.666489324357828 11.497367037605729 54.804515597585123 66.294070661679143 4.2774386767705437 75.319425508641871 61.449005881993799 21.389826988626741 5.911539366526994 2.3052391846431446 7.5564697880472513 18.102059983590152 3.4968385741813099 92.733669763721991 11.044948851165826 84.411767098936252 4.0227560198691199 1.5620422228239474 12.510741383390267 6.4164593898167368 24.901609698223183 9.8875300733488967 8.8621713858155982 3.8799126409576274 7.953797374997519 2.8387516887160009
leaf_count=491 456 130 459 593 591 431 2136 3516 69 1493 2197 804 177 194 440 968 228 9955 156 952 372 82 608 358 2634 376 175 112 530 132
internal_value=0 0.00568998 -0.0113283 -0.000882034 -0.0178862 0.00119383 -0.0045942 -0.00810964 0.0168432 0.0062571 0.00931604 0.00870987 0.0202427 -0.0135743 0.0163219 -0.00522062 -0.0224765 -0.0235131 0.0112455 0.022184 0 0 -0.00221197 -0.00746464 -0.0189671 0.00804285 0.00771402 7.27449e-05 -0.00861225 -0.000908143
internal_weight=645.564 431.38 214.184 86.5547 127.63 313.304 143.641 121.099 118.076 169.663 136.768 48.8458 97.4395 37.7089 28.9463 32.8949 101.636 98.1396 22.5423 90.3233 25.9932 20.6362 19.8995 12.0829 27.2068 13.9103 11.1203 10.5021 9.51584 7.11619
internal_count=31815 13600 18215 5844 12371 11353 6239 5652 2247 5114 3690 2445 1330 3399 1244 1424 10674 10446 587 1129 1697 917 1201 949 2828 748 305 571 612 201
is_linear=0
shrinkage=0.03


Tree=13
num_leaves=29
num_cat=0
split_feature=69 65 47 69 65 32 65 51 17 56 27 62 2 68 54 17 8 33 9 32 44 47 4 27 47 9 51 10
split_gain=63.9439 30.513 11.5608 10.828 9.48492 7.36017 7.11056 6.12973 6.06938 5.41608 5.15652 4.71998 4.07709 3.67193 3.259 1.91273 1.90543 1.64218 1.41563 0.922899 0.799995 0.585817 0.39837 0.489464 0.322399 0.300067 0.172091 0.00727931
threshold=1.0227915048599245 -0.31679368019103998 0.011828572489321234 -0.011144293006509541 0.82539597153663646 0.0092417225241661089 1.590309798717499 0.010595037136226894 0.018165714107453827 -0.0083253737539052946 0.0097355060279369372 -0.002774151042103767 0.11938554793596269 -0.59056952595710743 0.0053782071918249139 0.0045233280397951612 -0.11790403723716734 -0.021016109734773632 -0.023145627230405804 0.01733297668397427 -0.00457128882408142 0.0074972203001379975 0.18963346630334857 0.023965992033481601 0.0097212037071585673 0.095755338668823256 0.030718475580215458 -0.045521490275859826
decision_type=2 2 2 2 2 2 2 2 2 2 2 2 2 2 2 2 2 2 2 2 2 2 2 2 2 2 2 2
left_child=1 8 3 9 -5 14 7 12 16 -3 -7 18 13 -2 -4 20 -1 -13 -10 25 27 -22 23 -17 -14 -9 -18 -8
right_child=6 2 5 4 -6 10 15 19 11 -11 -12 17 24 -15 -16 22 26 -19 -20 -21 21 -23 -24 -25 -26 -27 -28 -29
leaf_value=0 0 0 -0.00687802661325327 -0.0057156634852955756 0.0078817940767552212 0.01974694497421086 0 -0.010249745528768964 -0.0037192263378630088 -0.014864369582261514 -0.0018016227551757411 0 0.0037667274166989315 0.024413122493111877 0.0063541133835159618 -0.01225210490661147 -0.027050025531394108 -0.018282218921257309 0.010909448083156697 0.0044675958819064433 0.012562042542608365 0 0 0 -0.0045027004757395746 0 0 -0.00097869296162589586
leaf_weight=1.3950390635291103 8.2645963363465835 26.001131144497776 29.672208415431669 103.59447260669549 75.305220357084181 36.522613379405811 5.9474436689051799 4.2814724871714116 3.1666406087460919 90.179565163067309 8.9270127467461844 2.2541632903739854 3.2496750500577027 100.00698661172646 27.031057764077559 5.0371686615690114 58.102989731181879 14.975026159256227 8.7352128762868251 2.8205853393883444 9.612150217057204 1.9355127583839937 0.67926271614851419 1.4792206683778202 3.5384163163253106 0.93908161035506044 0.28012332864454847 1.8397430546465372
leaf_count=65 283 1238 1614 7003 2011 589 91 343 434 5073 390 226 145 1182 724 180 7806 1352 400 95 144 95 16 25 148 38 33 72
internal_value=0 -0.00529695 -0.00155885 -0.00462185 0 0.00681182 0.0168242 0.0197809 -0.0207065 -0.0115463 0.0151607 -0.00645946 0.0215218 0.0228766 -8.01805e-05 0.00119263 -0.0261518 -0.0152924 0.0052935 -0.00152958 0.00659568 0.0103675 -0.00761751 -0.00962192 0 -0.00830549 -0.0269449 0
internal_weight=635.774 486.142 397.233 295.08 178.9 102.153 149.631 123.101 88.9092 116.181 45.4496 29.131 115.06 108.272 56.7033 26.5305 59.7782 17.2292 11.9019 8.04114 19.3348 11.5477 7.19565 6.51639 6.78809 5.22055 58.3831 7.78719
internal_count=31815 28958 18642 15325 9014 3317 2857 2234 10316 6311 979 2412 1758 1465 2338 623 7904 1578 834 476 402 239 221 205 293 381 7839 163
is_linear=0
shrinkage=0.03


Tree=14
num_leaves=31
num_cat=0
split_feature=69 65 69 65 34 20 28 41 63 67 66 63 2 51 16 69 27 2 2 60 17 41 27 51 59 2 59 17 19 13
split_gain=62.4936 28.906 9.29454 9.38766 8.12959 6.89042 6.51225 6.48754 6.33247 6.26963 5.39449 5.29967 3.90478 3.50311 2.63554 1.82475 1.57894 1.53884 0.667702 0.624333 0.549571 0.446151 0.443778 0.403237 0.373145 0.294038 0.224122 0.118546 0.0573626 0.0138933
threshold=1.0227915048599245 -0.28480093181133265 0.022327792830765251 0.68672510981559765 0.0040045827627182016 -0.0074330009520053855 0.0053175473585724839 -0.014618873596191405 0.0079168807715177553 -0.34021982550621027 0.14397760480642322 0.01703042816370726 0.15458114445209506 0.010908868163824083 0.079873651266098036 0.51174500584602367 0.0076305270195007333 -0.080010697245597825 -0.076011911034584032 -0.0053496174514293662 -0.012424607761204241 -0.0023734122514724727 -0.0090233609080314619 -0.0091642811894416792 -0.0073510631918907157 -0.16881686449050901 -0.018226411193609234 0.018875243142247203 -0.031328000128269189 -0.050211686640977853
decision_type=2 2 2 2 2 2 2 2 2 2 2 2 2 2 2 2 2 2 2 2 2 2 2 2 2 2 2 2 2 2
left_child=1 11 3 7 10 18 -5 -3 12 -6 -4 14 13 -7 15 -1 24 27 22 -14 28 -18 -2 -16 -10 -24 -22 -13 -20 -19
right_child=5 2 4 6 9 8 -8 -9 16 -11 -12 17 19 -15 23 -17 21 29 20 -21 26 -23 25 -25 -26 -27 -28 -29 -30 -31
leaf_value=-0.024156021996359821 0 0.0011800417623276469 0.0035132260225499146 0.0046503606063006808 -0.00053270181190262131 0.025051828123948183 -0.011693055034188706 -0.017112030751347849 0 0.015743155460179979 -0.008713408515905097 0 0.0060193459506161315 0 -0.0047678167822651791 0 0 0 0 -0.0038369082490620132 0 0.0096779177212542328 0 0.005339747241519424 -0.0087903397716954986 0.0097242686338174737 -0.0092225899512104869 0.011226243502121508 0.0021442112241588547 -0.0076552403997237339
leaf_weight=76.292419269389939 1.0683462680317459 18.116019438020885 64.67044394146069 74.192518997209845 27.916044977668207 92.556977880944032 25.34078837747802 69.375907547830138 1.5783675108104951 52.334587286022725 53.539409822114976 0.958942280296469 7.8025223839795217 3.687382097268709 1.7801442694908471 5.1545832624833556 2.820621801132801 0.18260707083391059 0.78561707719927643 2.8833474157727306 0.59925005846889678 10.418023820791857 0.59140070847934012 2.3225242135231374 4.9638057935808337 6.4276170943921924 5.3540744595811685 3.5725301162456162 6.2288668177207001 2.3732342256116672
leaf_count=9796 75 1246 2207 1563 1141 944 1379 5434 32 1559 3382 97 237 194 149 487 66 36 45 149 21 61 48 119 208 220 347 72 210 291
internal_value=0 -0.00528851 -0.00149087 -0.00625932 0.00289876 0.0167249 0 -0.0131411 0.0192749 0.0100303 -0.00190983 -0.0198985 0.0220817 0.0239499 -0.0218981 -0.0230157 0.00149758 0.000829858 0 0.00107199 -0.00320316 0.00756052 0.00564185 0 -0.0061325 0.00823957 -0.00787321 0.0101072 0 -0.00745195
internal_weight=625.889 478.123 385.486 187.025 198.46 147.766 99.5333 87.4919 126.711 80.2506 118.21 92.637 106.93 96.2444 85.5497 81.447 19.7808 7.08731 21.0552 10.6859 12.9678 13.2386 8.08736 4.10267 6.54217 7.01902 5.95332 4.53147 7.01448 2.55584
internal_count=31815 28958 17911 9622 8289 2857 2942 6680 1891 2700 5589 11047 1524 1138 10551 10283 367 496 966 386 623 127 343 268 240 268 368 169 255 327
is_linear=0
shrinkage=0.03


Tree=15
num_leaves=29
num_cat=0
split_feature=69 65 47 49 69 13 65 62 67 5 17 62 29 62 28 17 59 8 9 61 5 59 68 57 41 13 29 15
split_gain=58.9469 26.8787 10.3819 8.36967 8.36166 8.3383 5.9124 5.66311 5.66001 5.61683 4.86891 4.11968 3.98448 3.96796 2.96348 1.85448 1.15635 1.15541 0.989567 0.841807 0.630415 0.611338 0.453933 0.435061 0.371832 0.219875 0.0923471 0.0340466
threshold=1.0227915048599245 -0.31679368019103998 0.011828572489321234 0.005358610302209855 -0.011144293006509541 -0.018275631591677662 1.590309798717499 -0.0021363291889429088 -1.0550450682640073 -0.096887022256851182 0.018165714107453827 -0.0062966346740722648 0.025352086871862415 -0.002774151042103767 -0.040306042879819863 0.0045233280397951612 0.012367753311991693 -0.11790403723716734 -0.023145627230405804 0.0017529365140944721 0.086251966655254378 -0.014092393219470976 -0.043055748566985123 1.0000000180025095e-35 -0.0080473423004150373 0.01743799448013306 -0.009595921263098715 -0.0062190666794776908
decision_type=2 2 2 2 2 2 2 2 2 2 2 2 2 2 2 2 2 2 2 2 2 2 2 2 2 2 2 2
left_child=1 10 4 12 9 -6 8 -5 20 -3 17 22 -4 18 -13 19 -15 -1 -12 27 25 -19 -10 26 -21 -2 -17 -8
right_child=6 2 3 7 5 -7 15 -9 11 -11 13 14 -14 16 -16 23 -18 21 -20 24 -22 -23 -24 -25 -26 -27 -28 -29
leaf_value=0 0 0.0054827039937940586 0.012844196620127361 0.0065220456796335003 -0.010597170282474495 0.0034793062253832426 0 -0.019911867601762917 0.004875152889581293 -0.013243510063769066 -0.0027253960289045777 0 -0.0060971181711649688 -0.016948470826137752 0.023008989661524488 0 0 -0.00052195067708520222 0.0092146061802234561 0 0.0018774913413909071 -0.026736833825727481 -0.0034858701643990511 0 0.011997416742474874 -0.010151584169444214 -0.011398216952178237 -0.0019072029319036814
leaf_weight=1.1635997938283242 1.1569614584441286 11.476362241548484 73.433497999678366 7.4276384151307893 47.518965024879435 129.30993988929549 0.61000351759139437 11.526608453015795 7.8544652195414528 99.344069675338687 3.1655590886075506 3.5868081328226245 6.1859915569657451 14.866551079874627 102.18048429494957 0.71403021435253311 1.2907085790357076 3.4142963190388391 8.3334112935117464 4.091908444766891 1.9348201438260728 51.791274519637227 3.5226290938444418 2.4396340930252336 9.8392308445181627 3.2618528135644738 3.7917522895149878 3.4240901437006022
leaf_count=65 64 350 2080 292 3172 5842 42 701 243 5961 434 91 244 1469 1322 30 109 342 400 55 96 7497 116 73 167 302 118 138
internal_value=0 -0.00521927 -0.001686 0.00638377 -0.00461574 -0.000325839 0.0161689 -0.0091016 0.0187935 -0.0108923 -0.0201161 0.0203069 0.0107447 -0.0065405 0.0220951 0.00118744 -0.0148505 -0.0252123 0.00427952 0.00674129 -0.00312121 -0.0257918 0.000180661 -0.00747552 0.00975444 -0.00832983 -0.0105554 0
internal_weight=618.657 470.248 386.223 98.5737 287.649 176.829 148.409 18.9542 123.498 110.82 84.0254 117.144 79.6195 27.6562 105.767 24.9106 16.1573 56.3692 11.499 17.9652 6.35363 55.2056 11.3771 6.94542 13.9311 4.41881 4.50578 4.03409
internal_count=31815 28958 18642 3317 15325 9014 2857 993 2234 6311 10316 1772 2324 2412 1413 623 1578 7904 834 402 462 7839 359 221 222 366 148 180
is_linear=0
shrinkage=0.03


Tree=16
num_leaves=30
num_cat=0
split_feature=69 64 69 5 49 47 69 47 26 62 69 67 54 47 64 31 11 26 68 11 36 32 26 55 62 58 2 10 62
split_gain=54.9796 23.7047 10.6712 8.41327 7.6143 7.54136 7.84657 5.72597 5.65878 5.2181 4.94353 4.50284 4.11356 3.52973 3.22469 2.99528 2.80298 2.49368 1.28215 0.614614 0.575261 0.440182 0.406377 0.378469 0.287104 0.0621431 0.0393607 0.0218068 0.00950295
threshold=1.0227915048599245 0.42307692766189581 -0.20139178633689878 0.042408291250467307 -0.0031362101435661312 0.013445531949400904 -0.16581233590841291 0.0093921041116118448 -0.00080880522727966298 -0.0062966346740722648 0.76843151450157177 -1.0770193338394163 -0.010696861892938612 0.020691366866230968 2.423076987266541 -0.020563513040542599 0.068983457982540144 -0.040778042748570435 -0.043055748566985123 0.079729221761226668 -0.014686334878206251 0.0048908311873674401 0.038994889706373222 0.0037981532514095311 0.013541270047426225 -0.029761344194412228 0.17519235610961917 0.041290147230029113 -0.026814459823071953
decision_type=2 2 2 2 2 2 2 2 2 2 2 2 2 2 2 2 2 2 2 2 2 2 2 2 2 2 2 2 2
left_child=1 2 16 4 -4 6 8 -5 -3 18 -8 22 24 -14 15 -13 17 -1 20 -18 28 27 25 -22 -7 -11 -16 -20 -2
right_child=9 5 3 7 -6 12 10 -9 -10 11 -12 14 13 -15 26 -17 19 -19 21 -21 23 -23 -24 -25 -26 -27 -28 -29 -30
leaf_value=0 0 0 0 -0.003203810631084679 -0.017961374156288699 -0.0080058195324578252 0.0065309348926762207 0.01603432856689721 -0.01665959899890326 0 -0.0082283208919699865 0 0.017899065141905299 0 -0.0018123374980139196 0.021387938614166695 0.0052098863312498595 -0.022152468892371269 -0.010646315343457197 -0.0061584620844408649 0.010255533232542476 0 2.8998391001371203e-05 0 0 -0.0081068072482206512 0.00098823721794938195 0 -0.00115328719014674
leaf_weight=2.7256646058231118 0.67196541378507424 36.760892733989749 31.374388404365163 33.766924995608861 52.771091341448482 4.6436664761276907 90.489455558272311 15.781658938503822 35.474942298635142 0.22398174856789443 19.900751652516192 7.1098434291779986 36.842058828973677 11.55085355232586 3.1939728130819267 107.83063150395174 3.3276071012660386 81.630328386760084 3.5991412273142478 3.6249971945071593 8.8187433553393912 2.0411599266517442 1.1240497698308898 2.8031532483873898 2.1624240176170133 3.2506046894122838 3.7148141773068346 0.50574639724800352 1.4469997259730014
leaf_count=250 15 1524 2986 2229 5597 197 3046 484 1541 6 625 261 588 360 86 1392 172 9016 182 297 206 69 38 122 46 326 31 15 108
internal_value=0 -0.00508448 -0.0119675 -0.00588307 -0.0114977 0.00141627 -0.00143867 0.00328181 -0.00891653 0.0157179 0.00336895 0.0178929 0.0106952 0.0138409 0.0190462 0.0201953 -0.019797 -0.0212284 0 0 0.00563492 -0.00708102 -0.00354417 0.00818208 -0.00551972 -0.00757521 0 -0.0102417 -5.59845e-05
internal_weight=609.163 462.828 225.003 133.694 84.1455 237.825 182.626 49.5486 72.2358 146.335 110.39 126.448 55.199 48.3929 121.849 114.94 91.3086 84.356 19.8869 6.9526 13.7409 6.14605 4.59864 11.6219 6.80609 3.47459 6.90879 4.10489 2.11897
internal_count=31815 28958 21031 11296 8583 7927 6736 2713 3065 2857 3671 2140 1191 948 1770 1653 9735 9266 717 469 451 266 370 328 243 332 117 197 123
is_linear=0
shrinkage=0.03


Tree=17
num_leaves=31
num_cat=0
split_feature=69 65 47 69 13 20 27 17 12 56 7 16 31 15 11 46 50 6 48 33 47 41 50 41 6 21 46 48 66 24
split_gain=50.6795 23.8428 8.60601 7.36524 7.08902 6.79877 6.75866 5.44981 4.83557 4.82965 4.71219 2.76228 2.54876 2.29576 1.84459 1.63552 1.63427 1.17009 1.0494 0.92169 0.801053 0.921232 0.562932 0.326823 0.278046 0.239752 0.174972 0.0431403 0.00155769 0.000288678
threshold=1.0227915048599245 -0.31679368019103998 0.011828572489321234 -0.011144293006509541 -0.018275631591677662 -0.0074330009520053855 0.009364366531372072 0.033033056184649474 0.043384492397308357 -0.0083253737539052946 -0.0017732530832290647 -0.030924052000045773 0.028043523430824283 0.045253906399011619 0.044362125918269164 -0.0015735179185867307 -0.037296976894140237 -0.062271282076835625 0.0024878671392798428 -0.0060400702059268943 -0.00020259246230125425 -0.0088476166129112226 -0.0092821661382913572 0.010275229811668398 -0.10059016942977904 0.018424376845359806 0.01575572416186333 0.0034048780798912053 0.67768093943595897 -0.014892399311065672
decision_type=2 2 2 2 2 2 2 2 2 2 2 2 2 2 2 2 2 2 2 2 2 2 2 2 2 2 2 2 2 2
left_child=1 8 3 9 -5 17 7 -4 14 -3 20 -8 13 -12 16 23 -1 26 -16 -17 21 -7 28 -10 -22 -24 29 -14 -19 -2
right_child=5 2 6 4 -6 10 11 -9 15 -11 12 -13 27 -15 18 19 -18 22 -20 -21 24 -23 25 -25 -26 -27 -28 -29 -30 -31
leaf_value=0 0 0.00030880346349965008 0.014668305202195203 -0.0099084576619716553 0.0032660927467092144 -0.0027364027156685853 0.0052209651588583268 -0.0063267486619010141 -0.010605700246593469 -0.013690645794250196 0.021742366805930943 -0.010295327562042905 0.00017176744601445749 0 -0.010553674774216849 -0.00088138162448728825 -0.024821354183336853 0.00040984769606343499 0.0018005305221808563 0.012554243932192609 0 0.0097189549141694278 -0.010218918518470911 0 -0.0065455848863504584 0 0 -0.002357325575150867 0 0.0079179891442509691
leaf_weight=0.44465129656600666 0.69571141450433049 24.038044395594625 56.329488916147966 45.738380148453871 127.032419127092 0.95860469224862654 10.155301316990519 8.4200376535300148 4.9550550079729874 81.2270738715888 98.859556859999429 21.359006840153597 2.0945089628803535 4.7905267094611181 5.289108695171306 1.0349303554685318 58.322066749358783 3.3460243672598162 5.1858684555627406 4.3344009357679152 1.4462166556040763 9.050155338423794 6.9829372340172959 1.3937903508631277 5.2012524676683807 1.1718837439548222 1.225535843404941 1.9492586858104912 1.602668490988435 5.8765487550408606
leaf_count=23 70 1238 1699 3172 5842 52 272 292 430 5073 1109 1054 36 129 765 176 8145 119 534 139 50 173 485 104 295 41 41 47 86 124
internal_value=0 -0.00493854 -0.00155708 -0.00428584 -0.000233497 0.015128 0.00585051 0.0112502 -0.019223 -0.0103527 0.0176958 -0.00444344 0.0199244 0.0208055 -0.022056 0 -0.0242639 0 -0.00389325 0.00789513 0.00062796 0.006013 -0.00540521 -0.00852928 -0.00400503 -0.00887247 0.00639981 0 0 0.00767483
internal_weight=600.511 455.26 374.3 278.036 172.771 145.251 96.2638 64.7495 80.9599 105.265 124.35 31.5143 107.694 103.65 69.2417 11.7182 58.7667 20.9013 10.475 5.36933 16.6562 10.0088 13.1035 6.34885 6.64747 8.15482 7.7978 4.04377 4.94869 6.57226
internal_count=31815 28958 18642 15325 9014 2857 3317 1991 10316 6311 1891 1326 1321 1238 9467 849 8168 966 1299 315 570 225 731 534 345 526 235 83 205 194
is_linear=0
shrinkage=0.03


Tree=18
num_leaves=31
num_cat=0
split_feature=65 7 11 63 8 65 7 51 51 11 36 50 21 49 36 13 44 30 57 38 6 22 63 34 6 17 43 48 50 36
split_gain=43.7052 17.2677 11.1325 10.3688 8.06179 7.41944 6.14925 6.13804 6.13441 6.06367 4.47587 3.76786 4.50576 3.38253 3.32826 3.16683 3.14757 2.98044 2.87296 2.69099 2.59586 1.95158 1.64043 0.99642 0.813447 0.64049 0.608698 0.416609 0.268594 0.20825
threshold=0.051765551790595062 -0.0036754757165908809 0.043754078447818763 0.0048433532938361177 -0.065357998013496385 1.0094037652015688 0.14074404537677768 0.011291292961686851 -0.00097556691616773595 -0.0092260576784610731 0.02447045594453812 -0.0012087952345609663 -0.025610916316509243 0.018918227404356006 0.030405193567276004 0.019082337617874149 -0.029553119093179699 0.0057011377066373834 0.0071355514228343972 -0.0013569220900535581 -0.053515732288360589 0.0002782155061140657 -0.0073217805474996558 0.027879254892468456 -0.0226159393787384 0.0099015138112008589 -0.01771620940417051 0.0008586430922150613 -0.0051054134964942923 -0.024579476565122601
decision_type=2 2 2 2 2 2 2 2 2 2 2 2 2 2 2 2 2 2 2 2 2 2 2 2 2 2 2 2 2 2
left_child=2 8 6 4 9 20 14 -6 11 -3 19 12 -2 -7 16 18 -1 -13 26 -10 -5 -12 29 -24 28 -20 -4 -16 -8 -17
right_child=1 3 15 5 7 13 24 -9 10 -11 21 17 -14 -15 27 22 -18 -19 25 -21 -22 -23 23 -25 -26 -27 -28 -29 -30 -31
leaf_value=0.0025681168050103614 -0.0053141832441968425 0.01329812395321826 0 0 0.018580785907832836 0.011167213212299736 0 -0.0015954220826592484 -0.016662604607200111 -0.0087145342562488255 -0.0037193918811266897 -0.009638823911670218 0.012904583436380714 -0.0084893710416635154 -0.0021773783937421498 0 -0.021039582208284245 0.0043547028780228682 -0.00060638676323959684 -0.0035045578017964835 -0.014542221632520952 0.012408590319999033 0.015247072095129774 0 -0.0012518921905697376 0.0095330046665929678 -0.015402445579622883 0.006824696327065915 0.012269161008158435 -0.0060999889907583102
leaf_weight=1.9101098071841978 10.951344030210747 14.599766103201544 1.1276815937890212 12.659375661518423 131.62002614117227 41.617494249396259 0.49374283140059594 11.236231086077167 34.452537750359625 21.222176596696954 6.0649196216836563 23.575058525661007 39.576418825541623 3.8967356339562675 1.1090981060697225 0.4634950113249946 107.8016403226211 18.811071307107341 1.5738920750736713 38.159599988139234 21.536312037787866 8.4878064798831456 12.988132288679479 1.7184880283894006 1.7189183945883986 4.4865923003526405 11.157106699887663 2.6125934556184802 3.4992326890642289 1.7779852685926041
leaf_count=139 341 281 73 505 3038 632 48 703 2085 693 227 1070 960 105 163 8 13114 709 379 2237 1324 219 526 85 235 178 1377 130 126 105
internal_value=0 0.00484317 -0.0134709 0.00976308 0.013691 0.000315772 -0.0177108 0.0167907 -0.00212718 5.20814e-05 -0.00772992 0.00294884 0.00829264 0.00821669 -0.0193096 0.0005194 -0.020273 -0.00299117 -0.00650431 -0.0108055 -0.00914159 0.00492054 0.00923876 0.012911 0.00543226 0.0051037 -0.0137864 0.000991989 0.0107418 -0.002991
internal_weight=592.906 438.467 154.439 258.388 178.678 79.7099 119.145 142.856 180.079 35.8219 87.1649 92.9139 50.5278 45.5142 113.433 35.2934 109.712 42.3861 18.3453 72.6121 34.1957 14.5527 16.9481 14.7066 5.71189 6.06048 12.2848 3.72169 3.99298 2.24148
internal_count=31815 15129 16686 7281 4715 2566 13955 3741 7848 974 4768 3080 1301 737 13546 2731 13253 1779 2007 4322 1829 446 724 611 409 557 1450 293 174 113
is_linear=0
shrinkage=0.03


Tree=19
num_leaves=30
num_cat=0
split_feature=69 65 29 65 16 22 36 20 63 63 36 29 49 65 49 5 17 31 41 4 68 67 36 68 27 32 28 23 65
split_gain=47.0052 20.3333 8.56863 6.94517 7.32798 6.85494 5.50672 5.40681 4.99597 4.91281 3.65321 3.46684 3.42737 3.14519 2.59677 1.32792 1.0353 0.780073 0.779121 0.473482 0.355635 0.34326 0.41091 0.178335 0.147718 0.0691591 0.0873437 0.0505281 0.0400303
threshold=1.0227915048599245 -0.31679368019103998 0.010364394634962084 0.6706797480583192 0.039969265460968025 -0.038783833384513848 -0.0070729516446590415 -0.0074330009520053855 0.01703042816370726 0.0079168807715177553 -0.014121234416961668 -0.036520523950457566 -0.01045708730816841 1.590309798717499 0.0040629208087921151 0.1197388991713524 0.018875243142247203 -0.0029575545340776439 -0.015547238290309904 0.059480750933289535 0.47723145782947546 -0.83608481287956227 0.014985874295234682 0.64612844586372387 -0.0085346251726150495 0.050634525716304786 0.031679576262831695 0.082920856773853316 1.6268638968467715
decision_type=2 2 2 2 2 2 2 2 2 2 2 2 2 2 2 2 2 2 2 2 2 2 2 2 2 2 2 2 2
left_child=1 8 3 4 -3 14 -5 19 11 10 24 18 -7 -12 -4 -13 27 20 -1 21 -11 28 -23 -19 -9 26 -21 -10 -2
right_child=7 2 5 6 -6 12 -8 9 16 17 13 15 -14 -15 -16 -17 -18 23 -20 25 -22 22 -24 -25 -26 -27 -28 -29 -30
leaf_value=0.0079503986881029505 -0.0023400172301560732 -0.0073380181166021723 -0.0026545135059497802 0.013438616513518199 0.0091374298704986218 0 0.0007947279213325896 0 -0.004578738202943306 0.0070015113802445765 0.022313124809932992 -0.022769993266161227 -0.015875369186593706 0.0019414742239832908 0.015555399333265676 0 0.010326311370896306 -0.0076029910050751598 -0.00544407449793732 -0.0069277897331608239 0 0.0075594786067532472 0 0 -0.004214285777050149 0 0 0 0
leaf_weight=2.5946834175847471 1.7720982565078895 106.05426885129418 8.5548474651877786 47.703747919789748 25.170010233297944 16.977600134821841 90.768535721726948 1.513566640904173 2.4170602358935862 9.1044296232867037 89.754734467132948 65.367073776433244 62.175505272258306 11.989637927443253 7.5080308303877237 1.8591193928441487 3.3268121032742783 3.4978615771688046 2.4619740041380274 3.265345407795393 1.9259741207933974 9.8391913882805948 2.475095820322168 1.2505648679507428 2.9372088084346606 1.2869541494874281 0.87046460178680707 0.24104713008273382 0.78197106526931737
leaf_count=74 182 7650 476 1248 1234 882 2538 66 318 100 1073 9375 4384 203 230 195 92 143 241 251 57 314 119 67 182 29 54 21 17
internal_value=0 -0.00483166 -0.00166444 0.00100159 -0.00373826 -0.00918844 0.00567619 0.0147045 -0.0182515 0.0170029 0.0192324 -0.0204019 -0.0128268 0.0203969 0.00610486 -0.0221038 0.00245412 0 0 0 0.004813 0.00292768 0.00525523 -0.00582457 -0.000921216 -0.00495439 -0.00590058 -0.00379035 -0.000373642
internal_weight=585.445 443.18 364.913 269.697 131.224 95.216 138.472 142.265 78.2678 121.974 106.195 72.2829 79.1531 101.744 16.0629 67.2262 5.98492 15.7788 5.05666 20.2911 11.0304 14.8684 12.3143 4.74843 4.45078 5.42276 4.13581 2.65811 2.55407
internal_count=31815 28958 18642 12670 8884 5972 3786 2857 10316 1891 1524 9885 5266 1276 706 9570 431 367 315 966 157 632 433 210 248 334 305 339 199
is_linear=0
shrinkage=0.03


Tree=20
num_leaves=31
num_cat=0
split_feature=69 64 69 42 28 56 42 20 6 11 62 67 12 46 59 28 0 66 21 6 20 47 37 10 10 8 46 27 10 59
split_gain=45.091 17.9189 9.23751 6.97918 6.15944 5.69174 5.69005 5.20783 4.96509 4.30483 3.45004 3.41101 3.06025 2.72155 3.07686 2.72023 2.67708 2.61172 2.49812 0.918875 0.86501 0.517643 0.487498 0.428979 0.410767 0.36539 0.147753 0.0614548 0.0294043 0.0157673
threshold=1.0227915048599245 0.42307692766189581 0.49309144914150244 -0.011866568587720392 -0.0050830915570259086 -0.0036185011267662044 0.0079497476108372229 -0.0074330009520053855 -0.047907829284667962 0.044362125918269164 -0.0062966346740722648 -0.40369309484958643 0.012920068576931955 -0.016941500827670094 0.020256079733371738 -0.036563716828823083 -0.24557372927665708 0.016149858944118026 0.0063083767890930184 -0.058331400156021111 0.02287198789417744 -0.0070403609424829474 0.0022671632468700413 0.0089189298450946825 -0.062614075839519487 -0.015565305948257445 0.01575572416186333 0.026831321418285373 -0.036143142729997628 -0.00621095485985279
decision_type=2 2 2 2 2 2 2 2 2 2 2 2 2 2 2 2 2 2 2 2 2 2 2 2 2 2 2 2 2 2
left_child=1 2 9 13 6 16 -5 19 -6 12 20 -7 -1 22 -15 27 -4 -17 -11 26 25 28 -3 -23 -22 -9 29 -12 -21 -2
right_child=7 3 5 4 8 11 -8 10 -10 18 15 -13 -14 14 -16 17 -18 -19 -20 21 24 23 -24 -25 -26 -27 -28 -29 -30 -31
leaf_value=-0.021004610319243916 0 -0.0013020829016574462 0.0017905510199864594 0.013067498072868436 0.009529967174022793 -0.0030227780913175506 -0.0010853653716946716 0.0077893694785969138 -0.0055809387136627744 -0.010795571357754693 -0.0029620498485881425 0.011740316928515789 -0.0078573552741375858 -0.01978822437485675 0.0018578925643814239 0 -0.019608508136235294 0.020214192977324994 0.0031557321070312043 0.0018728203355396545 0 -0.011166933218381492 0.0077340335590257193 0 -0.009052375471305097 0 0 0 0 0.0076978603867857336
leaf_weight=80.314835102704819 0.60080656205536787 1.4286979777971307 3.1510900515422682 67.158120409672847 19.89123423746787 19.356957221374611 32.775038845575182 8.7872743231710029 77.715921564347809 15.876704200287348 1.7128001535311335 24.217919314425675 41.183675289445091 19.446377286425562 3.6002207536366759 3.4113769759424022 11.455672614742069 100.46422350400826 17.359779439255362 2.5450455172685906 1.2703644703724419 4.45902813656721 3.2968254538136534 3.5086835288093425 2.8563914760015896 1.4617396295361675 1.1256139461183918 1.3773412014706989 1.8235174449218909 5.9113052076427293
leaf_count=10044 37 114 199 1538 490 1521 953 183 3631 1492 97 1366 3955 1000 97 89 1064 1219 1390 87 39 336 104 212 156 84 41 24 79 174
internal_value=0 -0.00476693 -0.0109142 0.00102266 0.00319693 -0.000137291 0.00830935 0.0144403 -0.0018948 -0.0146474 0.0166909 0.00492851 -0.017272 -0.0116555 -0.0156087 0.0184949 -0.0141827 0.0193448 -0.00326428 0 0.000411323 -0.00434694 0.00265253 -0.00782225 -0.00548025 0.00576999 0.00628624 -0.000665868 0 0.0074116
internal_weight=579.545 438.229 212.917 225.312 197.54 58.1816 99.9332 141.316 97.6072 154.735 121.342 43.5749 121.499 27.7721 23.0466 106.966 14.6068 103.876 33.2365 19.974 14.3758 12.3363 4.72552 7.96771 4.12676 10.249 7.63773 3.09014 4.36856 6.51211
internal_count=31815 28958 21031 7927 6612 4150 2491 2857 4121 16881 1891 2887 13999 1315 1097 1429 1263 1308 2882 966 462 714 218 548 195 267 252 121 166 211
is_linear=0
shrinkage=0.03


Tree=21
num_leaves=31
num_cat=0
split_feature=65 1 11 65 9 55 12 36 48 53 45 67 26 13 63 21 11 8 0 63 61 15 12 61 20 63 4 58 36 53
split_gain=37.0931 11.7541 10.2815 8.33189 6.79245 5.83163 5.12658 4.79254 4.17173 4.15024 4.08345 3.6762 3.1892 2.88373 2.26632 2.09962 1.87547 1.69711 1.52287 1.51856 1.40406 1.3666 1.20399 0.983766 0.673735 0.601254 0.446636 0.403014 0.169962 0.0950551
threshold=0.051765551790595062 0.10219704359769823 0.043754078447818763 0.63494807481765758 -0.062059974297881119 0.0015151817351579668 0.0056583872064948091 0.011987470090389253 0.0061510642990469941 0.017177639529109005 0.020911381579935554 -0.36184406280517573 -0.028592422604560849 0.019082337617874149 0.0050007151439785966 0.012517720460891725 -0.085862398147582994 0.0051978379487991342 0.39458091557025915 -0.0073217805474996558 -0.0057335831224918357 -0.022080011665821072 0.035155270248651511 0.0081295548006892222 0.019870073534548286 0.019999338313937191 0.18107741326093676 -0.006571657955646514 -0.024579476565122601 0.018518200144171718
decision_type=2 2 2 2 2 2 2 2 2 2 2 2 2 2 2 2 2 2 2 2 2 2 2 2 2 2 2 2 2 2
left_child=2 3 6 11 21 10 18 -6 16 24 14 17 -13 15 -3 26 -8 -2 25 28 -21 -5 -10 -11 -7 -1 -4 -17 -15 -12
right_child=1 5 13 4 7 9 8 -9 22 23 29 12 -14 19 -16 27 -18 -19 -20 20 -22 -23 -24 -25 -26 -27 -28 -29 -30 -31
leaf_value=-0.022695085879758704 -0.0030797789528620866 0.022081723705742937 -0.014787595912793713 0.00055141161687589783 0.0090962499334525035 -0.0092158620388367706 0 -0.00052930804071831493 0.0098894802960157752 0 -0.0066558003581864119 0.0017512927865128481 -0.012380166760048666 0 0.0054255839626272022 -0.0011820321777713781 -0.015648255727927964 0.0095309754949810775 0 0 0.016464753115431541 -0.014730356500917512 -0.0028025834654568944 0.016186107587500297 0 0 0 0.0061924894097165383 -0.0055889180940684969 0
leaf_weight=69.82784195219574 12.51354717713548 53.93481973715825 9.0374314470682293 1.9510883973562165 145.02330909876036 10.621534741512734 4.3557306605507611 58.497146253532264 9.6253649279242364 1.8623849691648491 1.9653152219834731 12.805931886978213 55.121502365625929 0.41806311218533698 19.041334726789501 2.0282036818389315 22.87007039075252 12.506889343407236 1.0558893925917789 3.9929286755796065 11.030979509232562 13.413546519353982 4.205664603461627 10.190194697177501 12.767683079204287 1.374961183493723 0.64728518790798339 5.9532046470558262 1.7258617161132885 0.75856363191269327
leaf_count=9589 779 1031 1303 83 4009 587 263 1418 691 129 147 723 4181 8 442 230 2712 475 64 241 370 601 480 76 416 156 53 421 105 32
internal_value=0 0.004534 -0.0126702 0.00136799 0.00461681 0.0127173 -0.0169062 0.00623939 -0.00625349 0.00140196 0.0172282 -0.00582158 -0.00936727 0.000748727 0.018747 -0.00610615 -0.0126251 0.00276211 -0.0217742 0.00894213 0.0124066 -0.0116577 0.00471762 0.0134706 -0.00503747 -0.022331 -0.0134782 0.00227402 -0.00282773 -0.00537336
internal_weight=571.124 422.975 148.149 311.833 218.885 111.142 113.316 203.52 41.0568 35.4418 75.7 92.9479 67.9274 34.834 72.9762 17.6661 27.2258 25.0204 72.2587 17.1678 15.0239 15.3646 13.831 12.0526 23.3892 71.2028 9.68472 7.98141 2.14392 2.72388
internal_count=31815 15129 16686 12269 6111 2860 13955 5427 4146 1208 1652 6158 4904 2731 1473 2007 2975 1254 9809 724 611 684 1171 205 1003 9745 1356 651 113 179
is_linear=0
shrinkage=0.03


Tree=22
num_leaves=28
num_cat=0
split_feature=69 65 47 69 32 51 59 2 63 34 32 63 27 59 16 69 2 6 55 42 47 15 51 20 60 43 60
split_gain=40.5023 17.7782 7.41289 6.21637 6.02037 4.99152 4.56125 4.45399 4.66687 4.24059 3.59261 3.49024 3.35526 3.28741 1.84048 1.67643 0.900702 0.698125 0.670648 0.484853 0.574001 0.416799 0.310765 0.156019 0.14245 0.105967 0.076912
threshold=1.0227915048599245 -0.28480093181133265 0.011828572489321234 0.074847951531410231 0.0092417225241661089 0.010595037136226894 -0.00016402825713157651 0.15458114445209506 0.0079168807715177553 0.0054849358275532731 0.025919254869222644 0.01703042816370726 0.0097355060279369372 -0.0026901848614215846 0.079873651266098036 0.51174500584602367 -0.080010697245597825 -0.058331400156021111 -0.016288960352540013 -0.011866568587720392 0.0098843760788440722 0.0256018340587616 -0.0091642811894416792 0.024364219047129158 0.012299138121306898 0.0240479214116931 0.0044504310935735711
decision_type=2 2 2 2 2 2 2 2 2 2 2 2 2 2 2 2 2 2 2 2 2 2 2 2 2 2 2
left_child=1 11 3 6 13 7 -3 8 10 -5 -2 14 -6 -4 15 -1 26 -10 23 24 -21 25 -16 -7 -9 -20 -13
right_child=5 2 4 9 12 18 -8 19 17 -11 -12 16 -14 -15 22 -17 -18 -19 21 20 -22 -23 -24 -25 -26 -27 -28
leaf_value=-0.020800507149144214 0.021276527048091541 -0.015216618551747088 -0.0094499230823251127 -0.0032054244330768679 0.01764312630671076 0 -0.0030281032127148222 -0.0080047852260194119 0.0049724407283168607 0.007799891945409065 0 0.0088897136185451045 -0.00039644127204440711 0.0046077157432004457 -0.0041453630207749477 0 -0.0054572330128411107 -0.0046270483258590038 -0.011208655474577507 0.0068334071107423525 -0.0018342675610767212 0 0.0048183172368167432 0.004841881812347449 0 0 0
leaf_weight=65.867150948499329 90.333092258922989 52.702169428259367 20.253354241576744 86.986569533182774 31.627797225635732 0.81801667646504972 74.426568264054367 2.1116823198681227 12.646385455329439 42.447282735520275 6.8647250649519256 3.452035793132382 7.9168266442720769 30.035143634217093 1.5686868179764135 4.653212029777932 2.1672265935048918 4.3987319936277336 4.2700222504208778 7.789592996647114 3.4011775167891756 2.1332560880691744 2.1851556806068393 2.5151305480394512 0.66427370527526353 0.59982527338434 0.50919852493097995
leaf_count=9796 1256 4005 1039 4726 582 72 4154 80 236 1836 129 123 389 1180 149 487 327 205 283 193 168 132 119 56 28 19 46
internal_value=0 -0.00458936 -0.0014497 -0.00410348 0.00562987 0.0138052 -0.00869261 0.015432 0.0173106 0.000336431 0.0197647 -0.0168878 0.013719 -0.00085389 -0.0186239 -0.0196475 0.00037154 0.000646729 -0.00287 0 0.00259324 -0.00760461 0 0.00207172 -0.00648963 -0.0104085 0.00817386
internal_weight=565.344 426.798 346.396 256.563 89.8331 138.546 127.129 128.21 114.243 129.434 97.1978 80.4027 39.5446 50.2885 74.2742 70.5204 6.12846 17.0451 10.3363 13.9667 11.1908 7.0031 3.75384 3.33315 2.77596 4.86985 3.96123
internal_count=31815 28958 17911 14721 3190 2857 8159 2295 1826 6562 1385 11047 971 2219 10551 10283 496 441 562 469 361 434 268 128 108 302 169
is_linear=0
shrinkage=0.03


Tree=23
num_leaves=30
num_cat=0
split_feature=6 9 34 9 16 32 1 6 54 35 4 60 4 67 13 36 15 48 20 22 56 4 26 60 53 2 53 41 35
split_gain=17.485 9.35855 8.48233 9.40815 8.2008 9.02379 6.87715 4.80919 4.66722 4.30463 3.91163 3.85763 3.61212 3.22583 4.15809 3.20427 3.12333 2.65101 2.62123 2.55155 1.8281 1.77498 1.16126 1.0679 0.856842 0.42397 0.364902 0.36386 0.3075
threshold=-0.046236097812652581 -0.0039038062095642086 -0.00098178070038557031 -0.040430435910820954 -0.036371260881423943 0.0065916161984205255 -0.22747361660003659 0.0735004097223282 -0.0083268024027347547 -0.002509146928787231 -0.11401360481977461 -0.016720971092581745 -0.031326569616794579 0.22519638389348987 0.058033738285303123 0.0058539062738418588 -0.07090964168310164 0.0085384994745254534 0.050249528139829643 0.012897124513983728 -0.0060253674164414397 -0.15505039691925046 -0.033072164282202714 -0.00024448987096548075 0.014490440487861635 -0.072689279913902269 -0.016466125845909115 0.018544994294643406 0.0041703339666128167
decision_type=2 2 2 2 2 2 2 2 2 2 2 2 2 2 2 2 2 2 2 2 2 2 2 2 2 2 2 2 2
left_child=1 8 3 11 17 -6 9 16 12 19 28 27 26 14 -12 22 -8 -5 -13 -4 -9 -11 -10 -15 -14 -17 -1 -2 -3
right_child=2 10 6 4 5 -7 7 20 15 21 13 18 24 23 -16 25 -18 -19 -20 -21 -22 -23 -24 -25 -26 -27 -28 -29 -30
leaf_value=0 0.0069642848379544544 -0.0097496193830053941 0.018731355376166051 -0.02012926120755552 -0.00059541676380114373 0.013427374196559958 0 -0.010789081732254888 0 0.0022027865862379609 0.01647405509907034 -0.019831937878205259 0.018586857008996233 -0.0081097945608216288 -0.0034315721779410971 0.0061880596449402931 -0.015793279505236294 0 0 -0.0015496753421850109 0.0028071912807897362 -0.011495277803160345 -0.016092800479399705 0.0048139345153951655 0 -0.00080858640320487186 -0.0087995702250106573 0 0
leaf_weight=0.83371170624741342 4.8669427294807965 2.9834918302367437 11.407145689881871 10.347744001774119 79.711171485541854 72.182967656321125 10.742155941174131 7.0141559150360981 2.2224816851958158 8.9419969004520663 99.61555145480088 25.288809298013806 10.285065434320126 4.2132150054967505 6.0092440219013943 5.9971393324667588 97.796699358892511 7.4165464980178504 4.6506519255053709 3.6121985944628241 26.690480270131957 11.577235349745026 21.311259692025491 10.32605360250454 0.54558761604130346 6.5330506514001154 3.650301582092653 1.3633146632055284 0.91244581021601323
leaf_count=34 163 171 184 742 5284 2389 363 636 218 181 2252 2984 315 520 277 333 8480 394 185 157 1230 498 2155 657 94 499 293 57 70
internal_value=0 0.00771742 -0.00358334 0.000445769 0.00361015 0.00609281 -0.00829677 -0.0112102 -0.00242492 0.00256875 0.0120815 -0.0123043 0.0088744 0.0132204 0.0149665 -0.0084501 -0.0141799 -0.0129757 -0.0165359 0.0131863 -0.000275431 -0.00508827 -0.014219 0 0.0168776 0.00163863 -0.0059998 0.00366789 -0.00736177
internal_weight=559.049 175.439 383.61 205.828 169.658 151.894 177.782 142.243 51.3786 35.5386 124.06 36.1697 15.3147 120.164 105.625 36.0639 108.539 17.7643 29.9395 15.0193 33.7046 20.5192 23.5337 14.5393 10.8307 12.5302 4.48401 6.23026 3.89594
internal_count=31815 7888 23927 12198 8809 7673 11729 10709 3941 1020 3947 3389 736 3706 2529 3205 8843 1136 3169 341 1866 679 2373 1177 409 832 327 220 241
is_linear=0
shrinkage=0.03


Tree=24
num_leaves=30
num_cat=0
split_feature=69 65 29 22 65 9 16 65 63 46 20 63 29 36 69 20 5 41 41 6 9 41 20 23 53 1 44 67 23
split_gain=36.4117 17.5785 7.66264 6.48383 6.04864 6.04745 5.22007 5.03631 4.17793 3.65348 3.55738 3.22119 3.00266 2.8641 2.41144 1.24129 1.0772 0.669393 0.630029 0.42283 0.361401 0.35822 0.31753 0.20795 0.177435 0.08258 0.0793508 0.0499025 0.0283143
threshold=1.0227915048599245 -0.31679368019103998 0.010364394634962084 -0.038783833384513848 0.6706797480583192 -0.062059974297881119 0.039969265460968025 1.590309798717499 0.0079168807715177553 0.0049532651901245126 -0.0074330009520053855 0.01703042816370726 -0.036520523950457566 -0.014121234416961668 -0.088680893182754503 0.017523664981126789 0.1197388991713524 -0.015547238290309904 -0.0080473423004150373 -0.052495628595352166 0.0026868879795074467 0.0036141052842140202 -0.0022552032023668285 0.020694345235824588 -0.00033321883529424662 -0.13268274068832395 0.0025263763964176182 -0.56966051459312428 0.082920856773853316
decision_type=2 2 2 2 2 2 2 2 2 2 2 2 2 2 2 2 2 2 2 2 2 2 2 2 2 2 2 2 2
left_child=1 11 4 14 6 -6 -3 8 10 -5 26 12 17 -12 -4 21 -14 -1 -17 22 28 25 -10 -22 -21 -9 -2 -20 -13
right_child=7 2 3 9 5 -7 -8 15 19 -11 13 20 16 -15 -16 18 -18 -19 27 24 23 -23 -24 -25 -26 -27 -28 -29 -30
leaf_value=0.0074894671141863007 -0.0031911511133062374 -0.0065198965005231098 -0.006958754655005118 -0.017315780023765499 -0.010664124971362134 0.0079406740905521994 0.0076021210421324138 0 0.0057590222122863499 -0.0018684059008267262 -0.00036888710742887822 -0.0034525102028457066 -0.02136472157785195 0.020521047207579093 0.012072689021188538 0 0 -0.0049686539938961684 0.010954022343101222 0 0.0074626373883023289 0 0 0 -0.0068485941079878196 -0.0097524918262191646 0.00032345466852131934 0 0
leaf_weight=2.4976079679036047 1.9077276317111671 99.931802094040904 2.9820623425766835 46.432086573709967 12.325766428024506 119.26749512946117 24.169063192472095 1.5894661131314931 10.25293559092097 27.08498205646174 3.1395423786598249 1.7649461432301894 60.545523386506829 86.772416206833441 12.640319368627384 3.1514051508856937 1.7591647290973913 2.3679852439963716 5.0891135648707859 1.4717214172123934 3.2106983090634462 5.6592538622498978 3.0560619129100823 0.45878147517214518 1.8253557743446425 4.6225951676024142 5.2392142527969554 2.1437844389001821 0.16191071562934656
leaf_count=74 224 7650 218 3459 540 3246 1234 50 159 1807 184 255 9375 1073 488 57 195 241 82 64 105 245 123 64 129 126 278 63 7
internal_value=0 -0.00440361 -0.00138211 -0.00874356 0.00118762 0.00565184 -0.0033493 0.0132058 0.015662 -0.0124882 0.0179458 -0.017327 -0.0190702 0.0194945 0.00617877 0 -0.0207393 0 0.00623809 0 0 -0.00554368 0.00346724 0.00558176 -0.00439738 -0.0086602 0 0.00976172 -0.00282176
internal_weight=553.521 417.6 344.834 89.1395 255.694 131.593 124.101 135.921 113.665 73.5171 97.0589 72.7666 67.1703 89.912 15.6224 22.2556 62.3047 4.86559 10.3843 16.6061 5.59634 11.8713 13.309 3.66948 3.29708 6.21206 7.14694 7.2329 1.92686
internal_count=31815 28958 18642 5972 12670 3786 8884 2857 2234 5266 1759 10316 9885 1257 706 623 9570 315 202 475 431 421 282 169 193 176 502 145 262
is_linear=0
shrinkage=0.03


Tree=25
num_leaves=31
num_cat=0
split_feature=69 64 69 47 42 28 42 7 5 5 51 8 51 52 8 38 59 46 61 38 16 26 5 27 42 19 53 25 19 19
split_gain=35.2672 15.5418 7.3606 6.57341 5.31832 4.98422 5.20628 4.76868 4.58211 3.92597 3.7301 3.42642 2.89167 2.75164 2.25801 1.98372 2.865 1.76512 1.72118 0.772841 0.406696 0.430509 0.336586 0.316484 0.207425 0.175336 0.122703 0.0901125 0.0722174 0.0239451
threshold=1.0227915048599245 0.42307692766189581 -0.20139178633689878 0.0065194666385650643 -0.011866568587720392 -0.0050830915570259086 0.0079497476108372229 0.0023555979132652287 0.019749391824007038 0.038792308419942863 0.010595037136226894 0.029336065053939823 -0.0070649171248078338 0.009637484326958658 -0.082121826708316789 -0.011956386268138884 0.020256079733371738 0.013364028185606005 -0.017745075747370716 -0.016908705234527584 0.019543886184692386 -1.0000000180025095e-35 0.089717227965593352 -0.022547677159309384 -0.024602407589554783 0.0085813477635383623 0.010331134311854841 0.0045856311917305001 -0.0027829706668853755 0.020094603300094608
decision_type=2 2 2 2 2 2 2 2 2 2 2 2 2 2 2 2 2 2 2 2 2 2 2 2 2 2 2 2 2 2
left_child=1 2 14 11 15 6 -6 20 -7 -5 12 -4 17 -14 23 19 -17 -9 -16 -3 25 27 24 -1 -12 26 -2 -22 -23 -24
right_child=7 4 3 9 5 8 -8 10 -10 -11 22 -13 13 -15 18 16 -18 -19 -20 -21 21 28 29 -25 -26 -27 -28 -29 -30 -31
leaf_value=0.0031902791285040818 -0.0067364084175152274 -0.0038890661274612421 -0.014433519829177604 -0.0035776879814660785 0.012294097772947318 0.0025886539668173482 -0.0015416333733219206 0.0094023144042693803 -0.010760843275692988 0.012723306906842776 0 -0.00054022437015857248 0.021369055765988083 0.00019777591012178081 0 -0.019229577219456805 0.0017411141818553721 -0.0043598068071807388 -0.01959998630455579 0.0084888084018962823 -0.0036929738477384788 0.0069289304184602489 0.0026693141080867105 -0.0046068005434964487 -0.0069140010133418011 0 0 0 0 0
leaf_weight=3.6660533606482204 5.7252562243666052 3.4840552711975761 48.643428516006679 21.321996932718321 65.603362300986191 63.403471674246248 30.479339573590551 16.193956133909527 28.848463507951237 19.472792574611958 0.56122370745288197 29.993111675881664 73.887451903370675 9.1506268639932369 1.9640886459092133 15.480506650608733 3.7266145001049145 6.619044277642387 70.190612411766779 2.8911894693446838 1.3119538409810059 7.3938686891342504 1.8620525281876328 4.265284631837857 4.8250716891197944 2.0561897028819658 1.1366461829748002 1.4524107719189485 1.4893103785579995 0.73217152390861873
leaf_count=125 384 234 5762 1940 1538 2813 953 252 1308 713 13 2881 934 242 173 904 108 165 9004 69 96 141 53 433 289 97 52 48 64 27
internal_value=0 -0.0043538 -0.0102841 -0.00486987 0.00114883 0.00308348 0.00774918 0.013069 -0.00161606 0.00408787 0.0153777 -0.0098422 0.0168439 0.0195205 -0.0172451 -0.0102885 -0.0144023 0.00426475 -0.0188229 0.000350915 0 0.00297719 -0.000755321 0 -0.00521981 -0.00396191 -0.00563214 -0.000800993 0.00617885 0.00189751
internal_weight=547.832 413.434 199.517 119.431 213.917 188.335 96.0827 134.397 92.2519 40.7948 113.832 78.6365 105.851 83.0381 80.086 25.5824 19.2071 22.813 72.1547 6.37524 20.5656 11.6475 7.98052 7.93134 5.3863 8.91809 6.8619 2.76436 8.88318 2.59422
internal_count=31815 28958 21031 11296 7927 6612 2491 2857 4121 2653 1975 8643 1593 1176 9735 1315 1012 417 9177 303 882 349 382 558 302 533 436 144 205 80
is_linear=0
shrinkage=0.03


Tree=26
num_leaves=31
num_cat=0
split_feature=69 65 69 64 41 34 7 28 17 67 11 68 4 11 12 37 0 38 17 61 26 65 64 5 37 67 6 26 5 27
split_gain=33.7874 15.9179 5.91221 6.73549 6.51488 6.18139 4.99556 4.34524 4.30626 4.10206 3.64402 2.65024 2.44031 2.409 2.28174 1.95664 1.26942 1.13701 0.906271 0.488907 0.341556 0.376517 0.310275 0.251648 0.248825 0.204171 0.143549 0.0385994 0.0140329 0.00304388
threshold=1.0227915048599245 -0.31679368019103998 0.022327792830765251 0.80769231915473949 -0.014618873596191405 0.005649394355714322 0.0023555979132652287 0.009682879317551853 -0.0051345871761441222 -0.72279942035675038 -0.049177471548318856 -0.58287850022315968 -0.13091038912534711 0.043754078447818763 0.060126449912786491 0.0028442880138754849 0.39458091557025915 -0.023324884474277493 0.019178857095539573 -0.0026619099080562587 0.012388531118631365 1.4115395545959475 1.3461538553237917 0.044747959822416312 -0.024132606573402878 -0.27816651761531824 -0.086379036307334886 0.026015896350145343 0.0060921832919120797 -0.013231329619884489
decision_type=2 2 2 2 2 2 2 2 2 2 2 2 2 2 2 2 2 2 2 2 2 2 2 2 2 2 2 2 2 2
left_child=1 13 3 4 -3 8 20 -5 -4 -7 15 25 -13 14 16 23 -1 -17 24 -20 21 26 -22 -8 -15 -12 -2 -24 -16 -23
right_child=6 2 5 7 -6 9 10 -9 -10 -11 11 12 -14 18 28 17 -18 -19 19 -21 22 29 27 -25 -26 -27 -28 -29 -30 -31
leaf_value=-0.021531438165709453 0 0.0031159279504877576 -0.00962093876984846 0.0041536856179789621 -0.015848413316974862 -0.0060532726779746731 -0.0067699725716556117 -0.010687442196667092 0.0021129787993917201 0.012257016380556653 -0.00093795336263249136 0 0.021780514765750488 0 0 -0.00060988055902520876 0 0.011096043221382069 -0.0015261896772179903 0.0072620354938823942 0.0055936191654182262 0 0 0 -0.0091472031776943588 0.0037738144333357756 -0.0086563766465864063 -0.0021273957787119333 0.0012954668844152571 0.00059815702533945491
leaf_weight=52.33194462271058 1.7719703944749197 16.412102964241058 37.276936051959638 65.779961206630105 61.673898485518293 7.8226911786478004 5.9996070401684838 18.561327571835136 73.241048294090433 57.200697945430875 2.2864167426596387 2.4029485437204121 67.441021171864122 0.85700470904703152 1.5277559570386063 3.3912036555120748 0.56496935428003681 21.562658413837198 1.0433980447123756 4.9758636270416892 6.8884992169332673 1.3195313966134565 0.97113805654225904 1.7667842260270843 7.1497694730351204 8.2270233856397663 4.1112656948098465 2.6758433246286586 2.5255175080965273 2.6566754344967194
leaf_count=8392 40 1359 2707 1656 5804 558 251 1206 3378 1974 129 82 907 81 151 82 22 294 113 221 157 76 46 50 1195 180 304 142 141 117
internal_value=0 -0.00429117 -0.00138326 -0.0054816 -0.0115538 0.00228952 0.0128279 0.000136414 -0.00183021 0.00935081 0.0152004 0.0186832 0.020732 -0.0167406 -0.0194281 0.00450913 -0.0209606 0.00866742 -0.00201383 0.00301488 0 -0.00380091 0.00244309 -0.00466359 -0.00780647 0.00084327 -0.00713174 0 0 0
internal_weight=542.417 408.945 337.969 162.427 78.086 175.541 133.473 84.3413 110.518 65.0234 113.078 80.3574 69.844 70.9762 56.9502 32.7203 52.8969 24.9539 14.026 6.01926 20.3949 9.85944 10.5355 7.76639 8.00677 10.5134 5.88324 3.64698 4.05327 3.97621
internal_count=31815 28958 18642 10025 7163 8617 2857 2862 6085 2532 1975 1298 989 10316 8706 677 8414 376 1610 334 882 537 345 301 1276 309 344 188 292 193
is_linear=0
shrinkage=0.03


Tree=27
num_leaves=31
num_cat=0
split_feature=69 65 5 20 47 69 63 4 26 65 63 17 49 65 37 48 69 69 20 44 5 61 7 9 67 48 20 46 69 59
split_gain=32.5702 15.1648 6.25933 5.25642 5.06608 5.02254 4.79285 4.62227 4.28769 3.69772 3.40844 3.31661 3.26345 3.23775 2.88046 2.53329 2.30731 1.74169 0.841991 0.541657 0.360524 0.331986 0.289118 0.336837 0.284738 0.223187 0.17194 0.154708 0.0739079 0.0320497
threshold=1.0227915048599245 0.051765551790595062 0.087813496589660658 -0.0074330009520053855 0.011828572489321234 -0.069542292505502687 0.0076406393200159082 -0.013978119008243082 -0.00080880522727966298 1.8564465045928957 -0.0097303967922925932 0.0077619501389563092 0.0054913721978664407 1.590309798717499 -0.018896042369306084 0.0022489521652460103 0.76744025945663463 0.24747610837221148 0.013845765031874182 -0.00457128882408142 0.017075844109058384 0.0073827903252094993 0.071479365229606642 -0.030699387192726132 0.10828564316034318 -0.009232258424162863 -0.036794673651456826 -0.018028529360890385 1.316263020038605 -0.0176575593650341
decision_type=2 2 2 2 2 2 2 2 2 2 2 2 2 2 2 2 2 2 2 2 2 2 2 2 2 2 2 2 2 2
left_child=1 2 11 20 5 8 13 12 -3 -7 -9 16 -6 14 -5 -13 -1 21 -19 -15 24 -4 23 -8 27 29 -27 -2 -24 -22
right_child=3 4 17 6 7 9 22 10 -10 -11 -12 15 -14 19 -16 -17 -18 18 -20 -21 25 -23 28 -25 -26 26 -28 -29 -30 -31
leaf_value=-0.021257797613163546 0 -0.0007965599359123955 -0.0083983605499499524 0 0.015916445600835279 -0.002122644253676986 0 0.0078661259302355464 -0.015772349050214261 0.0086779852654335302 -0.0093803551787687792 -0.013463110691028514 -0.0014360971085290012 -0.0034364104363491252 0.020261686863560471 0 0 0.011606943649437495 0 0.0059645076289864991 0 0 0 -0.0076758732455105491 0 0 0.0057669592320404705 -0.0083947241856869199 0.0030419484686684617 -0.0020124064927195965
leaf_weight=58.445864039778826 1.7474925139104014 40.092800629965495 5.9666388061305069 4.1408847537823013 34.95717526707449 90.689150726015214 1.1482551460503589 12.16890854292433 33.856054137751926 34.737341466767248 18.887086786766304 23.945002546810429 7.8947739199793423 6.1933664126554504 83.944514146918664 26.945005158457207 2.7473548048292278 9.1138131000625417 3.7040772285545236 4.9875342958839592 0.64503876987146247 1.4917560928442979 2.05235744564561 3.816817300976254 1.3709627789794465 1.5413339548395013 6.5958047560125088 4.8327177244646036 6.9305321678402834 2.3518403401249097
leaf_count=9479 86 2298 599 152 627 5299 33 259 2043 757 1095 2838 236 131 1093 2498 288 371 162 129 23 109 49 218 35 67 275 323 86 157
internal_value=0 -0.00422928 -0.0123626 0.0126492 -3.09139e-05 -0.00262774 0.0150273 0.00631675 -0.0085976 0.000856621 -0.0016368 -0.0150659 0.0122766 0.0172452 0.0190899 -0.0072854 -0.0200441 0.00141812 0.00801154 0 -0.000403267 -0.00617286 0 -0.00465921 -0.00479218 0.00138537 0.00419244 -0.00691472 0.0017715 -0.00034076
internal_weight=537.942 405.643 132.36 132.299 273.283 199.375 113.214 73.9079 73.9489 125.426 31.056 112.083 42.8519 99.2663 88.0854 50.89 61.1932 20.2763 12.8179 11.1809 19.0852 7.45839 13.948 4.96507 7.95117 11.134 8.13714 6.58021 8.98289 2.99688
internal_count=31815 28958 16344 2857 12614 10397 1891 2217 4341 6056 1354 15103 863 1505 1245 5336 9767 1241 533 260 966 708 386 251 444 522 342 409 135 180
is_linear=0
shrinkage=0.03


Tree=28
num_leaves=31
num_cat=0
split_feature=65 66 11 6 33 30 13 12 50 29 46 14 51 6 55 38 13 56 48 18 48 1 15 67 65 1 11 67 40 16
split_gain=27.9482 10.2975 9.37766 6.92292 5.40438 5.81081 5.64669 4.95775 4.65809 4.35292 5.59059 4.9567 4.92239 4.7382 3.73315 3.50428 2.89963 2.80247 2.52047 2.48777 2.01149 1.98792 1.62156 1.0195 0.905402 0.900293 0.895523 0.806755 0.79179 0.442185
threshold=0.1761327460408211 -0.011278494726866482 0.043754078447818763 -0.038255020976066582 0.0013888031244277956 -0.0026398813351988788 0.02301297523081303 0.0010541295632719996 0.0047716777771711358 0.010140586644411089 -0.0038968920707702632 0.0017497278749942782 0.009122404735535385 1.0000000180025095e-35 -0.0063024144619703284 -0.003990769386291503 0.019082337617874149 0.012514226138591768 0.0027912734076380734 -0.014695867896080015 0.01285709720104933 -0.23498754203319547 0.0015967413783073427 0.93700706958770763 0.082474198192358031 -0.037433698773384087 -0.07764099538326262 0.38646711409091955 0.018310768529772762 0.029711514711380008
decision_type=2 2 2 2 2 2 2 2 2 2 2 2 2 2 2 2 2 2 2 2 2 2 2 2 2 2 2 2 2 2
left_child=2 9 3 7 5 8 -7 24 -3 10 12 -12 -2 18 -9 22 20 21 -11 -17 28 -5 -6 25 -1 -18 -15 -19 -4 -22
right_child=1 4 16 17 15 6 -8 14 -10 13 11 -13 -14 26 -16 19 23 27 -20 -21 29 -23 -24 -25 -26 -27 -28 -29 -30 -31
leaf_value=-0.015537500486831116 0.013042294541320186 0.021441727244483875 -0.012707486907038788 0 0.011536187013060415 0.010484413751172665 -0.0081314618398622938 0.015187158692043708 0 0.0099466769184643009 0.0027381819933125278 -0.011574669144280106 -0.0061950550224904354 0 -0.0034373922616949405 0.0018744824774580568 0 -0.0074072999525112695 -0.0076420226511520715 -0.01335781771969346 0 -0.021648475614273823 0 -0.0011635023795461756 0 0.013132924631201444 -0.017979804922878598 0.0054032599456651101 0 0.0082508915475203639
leaf_weight=18.244837946054762 47.24475478567183 61.232060905138496 12.787078731314979 1.8917754620488256 22.769823039328912 38.928725580510218 15.942412460019112 10.310486634843985 9.7759705290372931 11.024695103347769 48.181999203487067 30.082150036498206 9.9052480449026898 1.4902704978012504 18.283026321121724 12.500386999425247 2.3505318993702593 3.3335246481728964 7.5212654685601583 13.005366733152185 0.89180160372052242 69.734412086589145 11.072652728849787 1.4945601329382032 3.9724334122729479 17.542075544886757 20.751391941244947 4.2081796937563922 1.4923241113137908 4.5925622423237655
leaf_count=2416 1219 834 1660 119 689 1188 744 472 432 409 1758 1432 589 52 1564 571 116 528 377 653 228 9970 556 133 220 671 1461 358 218 178
internal_value=0 0.00472059 -0.00982096 -0.0136811 0.0095676 0.013012 0.00434725 -0.00374182 0.0185866 -0.000332555 0.00212664 -0.00276761 0.00899522 -0.0084929 0.00364624 0.0013523 0.00188278 -0.0191025 0.00143144 -0.0058254 -0.0049402 -0.0208264 0.00758773 0.00906615 -0.0132755 0.0111192 -0.0166133 0 -0.0105839 0.00493239
internal_weight=532.559 361.429 171.13 129.979 185.227 125.879 54.8711 50.8108 71.008 176.202 135.414 78.2641 57.15 40.7876 28.5935 59.3482 41.1509 79.1679 18.546 25.5058 19.7638 71.6262 33.8425 21.3872 22.2173 19.8926 22.2417 7.5417 14.2794 5.48436
internal_count=31815 12964 18851 15647 5667 3198 1932 4672 1266 7297 4998 3190 1808 2299 2036 2469 3204 10975 786 1224 2284 10089 1245 920 2636 787 1513 886 1878 406
is_linear=0
shrinkage=0.03


Tree=29
num_leaves=30
num_cat=0
split_feature=69 65 29 62 3 9 63 65 29 28 65 22 63 3 59 65 6 55 22 23 10 13 13 43 34 4 39 62 63
split_gain=30.1778 13.7909 5.84504 4.75498 4.62617 4.68782 3.63293 2.99989 2.98318 2.67369 2.65143 2.63864 2.29327 1.48049 1.40138 0.876946 0.698509 0.363377 0.237515 0.232206 0.221046 0.173556 0.14468 0.146099 0.125078 0.123841 0.105426 0.0760743 0.0611335
threshold=1.0227915048599245 -0.31679368019103998 0.017558656632900242 -0.0062966346740722648 0.046024875715374954 -0.041831942275166505 0.009280418977141382 1.6618211865425112 -0.037905413657426827 -0.021355023607611653 -0.20563701540231702 -0.039326336234807961 0.01703042816370726 -0.059187024831771844 0.020682264119386676 -0.48823863267898554 -0.059318214654922478 0.0036949496716260914 0.0017071018810383978 -0.011022917926311491 -0.048287339508533471 0.049511093646287925 0.12453662976622583 0.02776251453906298 -0.0020693279802799221 0.12750513106584552 -0.0081983394920825941 -0.0041694026440381995 0.021699295379221443
decision_type=2 2 2 2 2 2 2 2 2 2 2 2 2 2 2 2 2 2 2 2 2 2 2 2 2 2 2 2 2
left_child=1 8 4 17 5 -3 7 9 15 -5 -6 13 16 -4 -13 28 -10 18 25 -9 26 -14 23 -19 -20 -2 -8 -22 -1
right_child=3 2 11 6 10 -7 20 19 12 -11 -12 14 21 -15 -16 -17 -18 22 24 -21 27 -23 -24 -25 -26 -27 -28 -29 -30
leaf_value=-0.00522361925176568 -0.0038789783148115175 -0.0052826965441486774 0.010907303170380602 0.0015440349787961009 0.0026457169366765217 0.0043907331912815695 0 -0.0036673345142371871 -0.0056717207121321821 0.020164078143178506 -0.012646959550094318 -0.014086904473454273 -0.0025514508367353501 -0.0052146300636747968 0 0.0093683365688166619 -0.021438678064113356 -0.0076189632080223505 0 0.0030182579765788173 0 0.0037426221479815681 0 0 0.0059508454584435485 0 0.0036053960387931023 -0.0046240119446691206 0
leaf_weight=1.8585098914336415 2.4074874293291959 52.198174501740141 4.4453829079575371 12.456159236928213 8.2967936443164927 185.13218446311657 1.1465160001534958 3.8562638954608701 13.416871045628794 76.130651418672642 29.103380982211092 42.491031410259893 1.9557723340694781 4.2920054392307048 3.2193565464112899 2.6266171100724014 45.81687580657308 4.7621256268175776 0.728797475574538 4.8655661222874169 0.39395245880586927 2.9187265670334455 0.68076669145375479 0.89078520287876006 4.9227531351498328 3.6822357992059551 8.5079653623979521 3.7320378546428401 0.2104212533449753
leaf_count=194 151 2676 104 386 600 8605 42 123 1957 1081 2863 3337 294 359 98 98 7656 229 39 176 21 94 27 33 162 76 129 182 23
internal_value=0 -0.00410293 -0.00135341 0.0123238 0.000380847 0.00207427 0.0145726 0.0165204 -0.0158681 0.0180888 -0.00863498 -0.00990476 -0.0175379 0.0017885 -0.0126874 0.00112298 -0.0190539 -0.000360175 0.00122339 0 0 0 -0.00518738 -0.00639152 0.0047351 0 0.00234673 -0.00359946 -0.00432326
internal_weight=527.146 397.982 329.178 129.164 274.731 237.33 111.089 97.3086 68.8038 88.5868 37.4002 54.4478 64.1082 8.73739 45.7104 4.69555 59.2337 18.075 11.7413 8.72183 13.7805 4.8745 6.33368 5.65291 5.65155 6.08972 9.65448 4.12599 2.06893
internal_count=31815 28958 18642 2857 14744 11281 2140 1766 10316 1467 3463 3898 10001 463 3435 315 9613 717 428 299 374 388 289 262 201 227 171 203 217
is_linear=0
shrinkage=0.03


Tree=30
num_leaves=30
num_cat=0
split_feature=69 65 69 34 65 20 8 45 7 2 14 29 45 8 51 65 20 68 2 13 48 9 60 24 23 59 46 60 9
split_gain=28.8113 12.8455 5.61614 5.00866 4.92172 4.75796 4.72208 4.67249 3.80238 4.0046 3.53183 2.83691 2.73359 2.20387 2.12551 0.861998 0.610912 0.515131 0.450079 0.438332 0.318149 0.257901 0.428577 0.248269 0.166415 0.144085 0.0936384 0.0751869 0.0019495
threshold=1.0227915048599245 -0.31679368019103998 0.022327792830765251 0.005649394355714322 1.6268638968467715 -0.0074330009520053855 -0.012521281838417051 -0.0037165276007726784 0.0028982833027839665 0.16242012381553653 0.0052065923810005197 -0.037905413657426827 -0.0077473993878811589 -0.077224135398864732 0.011701933573931457 -0.48823863267898554 0.056327993050217635 0.033748022280633456 -0.076011911034584032 0.03833307325839997 -0.0010262602008879183 0.034142915159463889 0.0056444397196173677 -0.014892399311065672 -0.028327636420726773 -0.018226411193609234 -0.014128837734460829 -0.009641261771321295 0.00078983604907989513
decision_type=2 2 2 2 2 2 2 2 2 2 2 2 2 2 2 2 2 2 2 2 2 2 2 2 2 2 2 2 2
left_child=1 11 4 6 7 18 -4 -3 21 14 -5 15 -6 19 -10 27 -15 -11 23 -13 25 22 -7 -2 -25 -20 -23 -1 -22
right_child=5 2 3 10 12 8 -8 -9 9 17 -12 13 -14 16 -16 -17 -18 -19 20 -21 28 26 -24 24 -26 -27 -28 -29 -30
leaf_value=0 0 -0.00054053309863047786 -0.0083342044735031234 0.013361937553154646 -0.0074377304180616157 0.0056231705378315755 0.0036541614755845405 -0.013706546926327728 0.019522545807995912 0.0038588162714534554 -2.4196813664640374e-05 -0.005763306275659406 0.0067299543023291069 -0.01945030295492339 0 0.0092370670248753048 0 -0.0056814382289547116 0 0.0035761773716937624 0 0 -0.0017556552754774081 0 0.0064622793489481339 -0.0085539616993117133 -0.0050589066530597956 -0.005402316730601495 0.00046369711761077588
leaf_weight=0.1772342448239218 1.2916033549117854 45.31330806526239 47.269174319284502 41.616620317101479 11.677183582884025 9.9097162646066845 60.115696237597149 65.123982394754421 80.705177957715932 5.049485329713205 21.565730529691791 3.2710478505032361 34.154161717218813 54.480648264870979 2.9651143519440657 2.6236700409790492 0.84476354354410332 4.7270422007422894 0.50704834354110051 4.3650518067588564 2.5568637196847686 0.59097721846774254 1.7116639639716584 0.70823913923231874 6.3170106675243023 4.8713398212275933 3.2044095614401149 1.9299226787989026 3.160145540285157
leaf_count=21 140 2947 2933 1275 468 282 3152 5892 882 134 1257 475 718 9161 143 98 97 129 21 268 107 15 108 34 169 357 198 196 138
internal_value=0 -0.00402922 -0.00136912 0.00224738 -0.00544984 0.0120786 -0.001492 -0.0088217 0.014435 0.016606 0.0086862 -0.0154826 0.0021535 -0.0171414 0.0186229 0.000975572 -0.0190762 0 -0.000156882 0 -0.00436221 0 0.00253027 0.002732 0.00518137 -0.00755649 -0.00378038 -0.00435156 0
internal_weight=522.804 394.528 326.836 170.567 156.269 128.276 107.385 110.437 108.864 93.4468 63.1824 67.6923 45.8313 62.9615 83.6703 4.73083 55.3254 9.77653 19.4123 7.6361 11.0954 15.4168 11.6214 8.31685 7.02525 5.37839 3.79539 2.10716 5.71701
internal_count=31815 28958 18642 8617 10025 2857 6085 8839 1891 1288 2532 10316 1186 10001 1025 315 9258 263 966 743 623 603 390 343 203 378 213 217 245
is_linear=0
shrinkage=0.03


Tree=31
num_leaves=30
num_cat=0
split_feature=65 20 6 50 8 8 21 1 67 33 16 12 63 28 42 33 44 1 42 6 5 54 13 65 23 52 43 16 9
split_gain=24.6569 9.09751 8.11942 7.8346 6.29605 5.82598 5.44447 5.44074 5.0061 4.28016 3.85964 3.15937 2.0946 2.06278 1.8787 1.85074 1.71406 1.48594 1.42724 1.24656 1.18363 1.1405 1.04071 1.02491 0.730399 0.552364 0.487203 0.296837 0.00682054
threshold=0.20969025790691379 -0.022380257025361058 -0.13495407998561856 0.011283719912171366 0.038265120238065727 -0.08745942264795302 -0.023945800960063931 0.012263424694538118 -0.69087067246437062 0.016275621950626377 0.059866324067115791 0.00037421286106109625 0.0041603110730648049 -0.0099030318669974787 0.0040077371522784242 0.0059160515666008004 0.0028719864785671238 -0.23498754203319547 0.0012590093538165095 -0.067226082086563096 0.0075055547058582315 0.023271728307008747 0.054931372404098518 0.082474198192358031 0.013888031244277956 0.006980396807193757 -1.0000000180025095e-35 -0.05484261363744735 -0.079354301095008836
decision_type=2 2 2 2 2 2 2 2 2 2 2 2 2 2 2 2 2 2 2 2 2 2 2 2 2 2 2 2 2
left_child=2 4 12 5 9 15 -7 10 23 19 17 -10 16 20 26 -3 28 -4 -11 -2 -5 -15 -16 -9 -12 -18 -6 -14 -1
right_child=1 3 7 13 14 6 -8 8 11 18 24 -13 27 21 22 -17 25 -19 -20 -21 -22 -23 -24 -25 -26 -27 -28 -29 -30
leaf_value=0 0 -0.0097640783805204492 0 -0.0068767311362168708 -0.0069926195527308188 -0.00070184655146892977 0.011869261969930293 -0.017865836309188809 -0.0075364537823874016 0.0081034089442341486 -0.0060489466595722739 0.0050886007531499074 0 -0.014811093308379614 0.015882689254944956 0.003567955790537267 0.020032936205380422 -0.020225451487234279 -0.0068772709874713386 -0.020652332947145934 0.00673463636705503 0 0 0 0.0059994575470620161 0 0.0014564012766800838 -0.0065286935733235175 -0.0011488261580804091
leaf_weight=0.32544551210594352 5.0211099363805287 14.990208208124388 1.8277338971674897 3.2369407795486067 4.2765743100026157 30.638980923948111 201.28043121265364 18.977820697909923 26.285862828925019 7.769740639603695 2.3447720761469082 36.185466877359431 0.94697352041839611 14.349546512996314 9.2556974326143955 9.7145765284076315 8.3894572086282988 63.493285961798392 4.5093585129943676 22.122790316032479 10.192956719576612 2.7573440903797737 2.3083100843650746 1.8749415310448956 5.7968202671327163 1.1918723749113258 4.154380201740425 3.1050361205998334 1.339272068478748
leaf_count=28 246 542 130 211 250 1060 5966 2626 3147 204 270 2708 50 1097 266 255 153 9146 250 1612 285 31 94 187 330 50 218 244 159
internal_value=0 0.00459811 -0.00912896 0.00684432 -0.00548052 0.00860279 0.0101021 -0.0112665 -0.00501969 -0.0121873 -0.0171982 0 0.0086793 -0.00622044 0.0063353 -0.0037935 0.0143295 -0.0194787 0.000467617 -0.0180275 0.000850564 -0.0120655 0.0126712 -0.0161357 0 0.0182872 -0.00160339 -0.00294136 -0.000578197
internal_weight=518.664 346.579 172.085 287.161 59.418 256.624 231.919 156.787 83.3241 39.423 73.4626 62.4713 15.2981 30.5368 19.995 24.7048 11.246 65.321 12.2791 27.1439 13.4299 17.1069 11.564 20.8528 8.14159 9.58133 8.43095 4.05201 1.66472
internal_count=31815 12587 19228 9447 3140 7823 7026 18544 8668 2312 9876 5855 684 1624 828 797 390 9276 454 1858 496 1128 360 2813 600 203 468 294 187
is_linear=0
shrinkage=0.03


Tree=32
num_leaves=30
num_cat=0
split_feature=65 15 51 7 18 6 7 55 1 20 1 35 20 47 65 53 53 58 43 14 46 65 21 3 35 58 18 24 46
split_gain=22.9164 9.99177 8.43698 6.83733 5.66498 5.55648 5.34332 4.19719 4.06611 4.01871 3.64939 3.46971 2.74997 2.6808 2.61584 2.19988 1.95566 1.41488 1.38586 1.33794 1.33733 1.21882 1.09271 0.714882 0.432089 0.312077 0.306409 0.0991433 0.0605995
threshold=0.34655645489692694 -0.03192902356386184 -0.011334882117807863 0.11073410511016847 0.050630137324333198 -0.14567397534847257 -0.014122977852821348 -0.011947480961680411 0.020030990242958072 -0.021834701299667355 -0.20745094120502469 -0.014536183327436445 0.046545537188649184 0.0087431157007813471 0.1761327460408211 0.01070784777402878 0.0026975232176482682 0.014595959335565569 0.0077506785746663817 -0.031350832432508462 0.0051418282091617593 -0.20999400317668912 -0.034806653857231133 -0.096337825059890733 -0.020019434392452237 0.0021545402705669407 0.059411108493804939 0.027718387544155124 0.018521245568990711
decision_type=2 2 2 2 2 2 2 2 2 2 2 2 2 2 2 2 2 2 2 2 2 2 2 2 2 2 2 2 2
left_child=3 2 20 5 9 19 16 26 14 10 -3 -11 -8 -10 -7 18 -4 -9 21 22 23 -5 -1 -2 -21 -22 -6 -17 -20
right_child=1 4 6 15 7 8 12 17 13 11 -12 -13 -14 -15 -16 27 -18 -19 28 24 25 -23 -24 -25 -26 -27 -28 -29 -30
leaf_value=0 0 0.0033984029599156626 0.0084392427655503918 0 0 -0.018859285256288955 0.021766294176057809 0.016826909724103407 -0.0087598141214374585 0.0082678078609706232 -0.014544546833741538 -0.0018786555147479642 0 0.0023195689480822721 -0.0032858198478949879 -0.008491476935147086 -0.0056224157979952337 0 -0.003333007892012805 0.0017316986422329362 -0.00087154225619556151 0.014579184722178326 0.015196416133723504 -0.013891071945029367 -0.0066159757498731762 0.005376922670348212 -0.0086148649989637102 0 0
leaf_weight=1.304423080262495 1.111397337983363 9.037328104634069 14.867631225381048 2.5239312453050031 1.516143298591486 67.560220311264857 61.046608916542027 29.035045600874586 53.136510428928887 37.655470580677502 27.630073570209788 93.310712932609022 4.3186078323633401 21.51669878953544 19.751683404698269 2.6693204184994097 9.3958660644420871 1.8326172507076979 2.0631731479516016 2.0566757471533483 4.998138602357356 16.963240533455973 6.7208860315731709 6.7523245055635943 4.0362496917368844 4.9621821595355868 3.9774097011541016 0.81588802972692054 0.54519899483420875
leaf_count=76 46 250 415 446 53 9604 951 581 6441 1011 1602 3787 115 1502 1873 271 346 119 252 67 151 548 187 250 401 95 234 98 43
internal_value=0 0.00507434 0.0122806 -0.00776991 0.000931979 -0.00991402 0.0159643 0.0109689 -0.0115445 -0.00132599 -0.00952508 0.00101478 0.0202366 -0.00524471 -0.01603 0.00521579 0.00193853 0.0152701 0.00930905 0.00534866 -0.0043682 0.0120768 0.0115023 -0.0112372 -0.00158331 0.000992765 -0.00610026 -0.00739298 -0.00177328
internal_weight=513.112 311.448 107.453 201.664 203.995 176.083 89.6287 36.3612 161.965 167.634 36.6674 130.966 65.3652 74.6532 87.3119 25.5808 24.2635 30.8677 22.0955 14.1182 17.824 19.4872 8.02531 7.86372 6.09293 9.96032 5.49355 3.48521 2.60837
internal_count=31815 10006 2369 21809 7637 20151 1827 987 19420 6650 1852 4798 1066 7943 11477 1658 761 700 1289 731 542 994 263 296 468 246 287 369 295
is_linear=0
shrinkage=0.03


Tree=33
num_leaves=30
num_cat=0
split_feature=69 3 47 9 20 35 28 2 17 19 20 17 28 15 43 35 32 14 55 17 6 47 34 19 10 19 46 47 1
split_gain=26.013 9.00429 5.47348 4.63847 4.19814 4.09278 5.62432 3.94443 4.4374 3.53388 3.1608 2.65332 2.29645 2.13257 2.54402 2.06355 1.62899 1.32019 0.650273 0.515893 0.361007 0.477899 0.320638 0.438738 0.227137 0.183808 0.121423 0.0650658 0.0155605
threshold=1.0227915048599245 0.0027532125823199753 0.011369612999260427 0.042233347892761237 -0.0074330009520053855 -0.00050891749560832966 -0.016823705285787579 0.033656693994998939 0.014862814452499153 0.016151539981365207 0.043341554701328285 0.017513183876872066 -0.02860123477876186 -0.026544623076915737 -0.012446649372577666 0.028257049620151523 -0.03374884091317653 0.011043306440114977 0.0069317128509283074 0.035351417958736427 -0.058331400156021111 -0.0070403609424829474 -0.014076946768909691 0.015111923217773439 0.0089189298450946825 -0.0037075355648994441 0.012367084622383119 -0.014186955988407133 0.13641829043626788
decision_type=2 2 2 2 2 2 2 2 2 2 2 2 2 2 2 2 2 2 2 2 2 2 2 2 2 2 2 2 2
left_child=1 2 5 15 20 9 -7 17 -9 -1 11 12 -6 18 -15 16 -3 -4 -5 -13 26 28 -12 -24 -23 -17 27 -2 -22
right_child=4 3 7 13 10 6 -8 8 -10 -11 22 19 -14 14 -16 25 -18 -19 -20 -21 21 24 23 -25 -26 -27 -28 -29 -30
leaf_value=0.0041396395356208884 0 0 -0.010812666964374128 0 0 0.0036546085352409268 -0.011821318773418469 0.016544625202024835 -0.0011497216787076268 -0.0096683433214491306 0.0034572941382865693 -0.0036074540473293301 0.018920741264705849 0.0049712293387952737 -0.011584821830836348 0.0046008609975381554 -0.016031984788772054 0.0014015097982304845 0.0083520290351588589 0.0049623716973268266 0.0012695465291398579 -0.010052360041957118 -0.0081749112410468561 0 0 -0.00017677044853680861 0 0.0048759273301807278 0
leaf_weight=75.78184696729295 0.79949020268395532 5.1812819640035732 7.0414027825027032 11.928609001537554 7.1512693069817024 23.543816420686198 66.842342643707525 33.079943039017962 13.759989465033867 15.474556468368972 5.625288899987936 4.1899849108885965 74.83799516200088 5.778440146532378 22.114452749214252 2.9752143322839406 77.98926424261299 11.51377304951893 9.8813149241323099 9.1016188858775404 3.6889592646621177 3.7599342348112232 3.3262410932802577 3.4476389601477422 3.1478660189895891 0.93138672760687669 1.2678994276793671 5.2036361771170077 0.59765562461689103
leaf_count=3788 32 402 813 849 233 1174 5119 606 404 1255 121 141 953 302 2377 198 10537 552 440 207 113 336 151 85 212 142 50 170 53
internal_value=0 -0.00389703 -0.000305938 -0.00993177 0.0115538 -0.00309952 -0.00749537 0.0066964 0.0111584 0.00110593 0.0137439 0.0155118 0.0174587 -0.00165169 -0.00700863 -0.0139858 -0.0150098 -0.00327128 0.00410975 0.000373123 -0.000146023 -0.00393422 0 -0.00370444 -0.00756108 0.000633728 0.00246808 0.00408964 0
internal_weight=509.963 383.818 247.038 136.78 126.145 181.643 90.3862 65.3951 46.8399 91.2564 107.68 95.2809 81.9893 49.7028 27.8929 87.0771 83.1705 18.5552 21.8099 13.2916 18.4654 11.1944 12.3992 6.77388 6.9078 3.9066 7.27103 6.00313 4.28661
internal_count=31815 28958 13711 15247 2857 11336 6293 2375 1010 5043 1891 1534 1186 3968 2679 11279 10939 1365 1289 348 966 714 357 236 548 340 252 202 166
is_linear=0
shrinkage=0.03


Tree=34
num_leaves=30
num_cat=0
split_feature=69 65 29 22 65 19 9 62 11 49 20 25 8 49 34 44 20 13 32 9 20 33 19 8 21 9 10 6 11
split_gain=25.0835 11.054 4.77303 4.60005 3.98762 4.20058 4.11201 3.98709 3.32849 2.71364 2.39335 2.54129 1.9835 1.92792 1.23113 0.838946 0.58504 0.496141 0.363443 0.25837 0.223964 0.311797 0.204154 0.10715 0.11047 0.0727565 0.0547176 0.0288341 0.00422978
threshold=1.0227915048599245 -0.42660900950431818 0.010364394634962084 -0.038783833384513848 0.6706797480583192 0.032344862818717963 -0.062059974297881119 -0.0062966346740722648 -0.045641653239727013 -0.01045708730816841 -0.025839462876319882 -0.023965872824192044 -0.077224135398864732 0.003834541887044907 -0.014076946768909691 -0.024695269763469693 0.056327993050217635 0.03833307325839997 0.011364245787262918 0.065069235861301436 0.02287198789417744 -0.020582415163516995 0.018681339919567112 -0.04438840597867965 -0.047640915960073464 -0.084550548344850526 -0.041419677436351769 -0.10294069349765776 0.082295622676610961
decision_type=2 2 2 2 2 2 2 2 2 2 2 2 2 2 2 2 2 2 2 2 2 2 2 2 2 2 2 2 2
left_child=1 12 4 13 5 -3 -6 20 14 -5 28 -12 17 -4 18 -14 -17 26 -9 -16 23 -22 -19 24 -2 -23 -1 -25 -10
right_child=7 2 3 9 6 -7 -8 8 10 -11 11 -13 15 -15 19 16 -18 22 -20 -21 21 25 -24 27 -26 -27 -28 -29 -30
leaf_value=0 0 -0.0057613793911125109 -0.0025403054264081007 0 -0.0094574550119775683 0.0074669533980906934 0.0062408053930935745 0 -0.0006683772717391576 -0.014021513514330864 0 0.019424670638745513 0 0.013601339735702447 -0.0036146934862674907 -0.019309683073602917 0 0.0065955940061351486 0.011505983991794947 0.0012389188301905516 0 0 0 0 0.0039231609267661614 -0.0086881490034494812 -0.0063572629938570572 -0.0017177152402029572 0
leaf_weight=0.15359013070701655 0.96185111417435099 105.97890953833121 7.1615231705945899 14.502127751620717 11.366703128005609 20.589584055123851 111.29845785049838 1.4844329341431164 3.5215077173197638 51.940802876182715 7.8837273876124518 68.377236589469248 1.2009464864822792 6.7553095747134648 12.787203538144242 42.855584055214422 0.70435538815217924 3.3604037128388886 7.3297845799825154 6.2725786518421947 1.1892761754570531 0.31686081481166217 0.45470762680633914 0.86479371739551414 7.7732584298937581 2.2752225672011255 2.8144290264608562 3.9280388507177131 0.36359185181208875
leaf_count=27 45 9320 488 971 540 1058 3246 64 198 4771 181 1011 208 238 459 7433 83 169 78 131 45 17 47 23 195 133 359 259 18
internal_value=0 -0.003841 -0.00161113 -0.00775266 0.000364599 -0.00317945 0.00423772 0.01138 0.0134561 -0.0110684 0.0165229 0.0176795 -0.0161658 0.00523312 0.00255364 -0.0182437 -0.0188842 0 0.00972025 -0.000844957 -0.000343065 -0.00480879 0.00451822 0.00024688 0.00265984 -0.00798177 -0.00578406 -0.000200051 0
internal_weight=506.467 381.137 329.593 80.3598 249.234 126.568 122.665 125.329 108.02 66.4429 80.1461 76.261 51.544 13.9168 27.874 44.7609 43.5599 6.78313 8.81422 19.0598 17.3093 3.78136 3.81511 13.5279 8.73511 2.59208 2.96802 4.79283 3.8851
internal_count=31815 28958 20632 6468 14164 10378 3786 2857 2140 5742 1408 1192 8326 726 732 7724 7516 602 142 590 717 195 216 522 240 150 386 282 216
is_linear=0
shrinkage=0.03


Tree=35
num_leaves=31
num_cat=0
split_feature=69 69 1 12 11 17 20 17 36 25 62 24 62 30 14 62 20 20 58 27 61 68 6 47 27 66 36 52 42 1
split_gain=23.4001 8.13581 7.83275 5.47132 5.12752 4.01277 3.55124 3.39581 3.2161 3.1637 3.05205 2.95463 2.70019 2.67422 2.49741 2.02898 1.99454 1.41615 1.33071 1.26467 1.09983 0.358396 0.254454 0.444945 0.202637 0.16702 0.144378 0.0912163 0.0700025 0.0286641
threshold=1.0227915048599245 -0.23336618393659589 -0.21581314504146573 0.012920068576931955 0.047134144231677062 -0.053770508617162698 -0.0074330009520053855 -0.011041382327675818 0.0099180489778518694 -0.01274614781141281 -0.0079742707312107069 0.0028577148914337163 -0.0062966346740722648 -0.0026398813351988788 -0.071876887232065187 8.7216496467590346e-05 0.017523664981126789 0.031861819326877601 -0.018847294151782986 -0.014123801141977308 0.011966011952608826 -1.0000000180025095e-35 -0.058331400156021111 -0.0070403609424829474 -0.0009379349648952483 -0.29252953827381128 -0.013923063874244688 1.0000000180025095e-35 0.0088007282465696352 0.13641829043626788
decision_type=2 2 2 2 2 2 2 2 2 2 2 2 2 2 2 2 2 2 2 2 2 2 2 2 2 2 2 2 2 2
left_child=1 2 9 5 10 15 22 14 -7 17 -4 -9 21 18 -5 -3 -15 -1 -14 -11 -6 26 27 29 -23 -25 -8 -2 -29 -24
right_child=6 3 4 7 20 8 12 11 -10 19 -12 -13 13 16 -16 -17 -18 -19 -20 -21 -22 24 23 25 -26 -27 -28 28 -30 -31
leaf_value=0.015496392490346438 0 0.013512630341983255 -0.0024800153854495719 0.008471408469384073 -0.0041233492556795245 -0.0098811304731320996 0 0.012366963855959135 0 0.0028165561697733091 -0.019827134115139679 3.1353163754197989e-05 0 -0.0029800620539225681 -0.0078257180446908627 -0.0031613667241424405 0.0099916491277374422 0 0.019239636763040593 -0.0097501288773536587 0.0079526318139749013 -0.0071439895030727422 0.0017290467369985381 0 0 -0.0079258126764782007 0.0044508178754956327 0.0048707560795477663 0 0
leaf_weight=10.593695239280349 2.5246214180369888 10.921894642902769 17.15788425662322 5.8233257599931703 15.015564958594043 77.34236635742127 0.67348182114073907 44.788048230897402 42.661600068211555 4.4254641552688545 62.917837137865718 34.677170230046613 2.6710452658007844 10.63257506163791 24.575947438541334 4.5181502425257341 20.089748542581219 5.0392910773225585 60.164259530894924 12.183658616093455 5.2703610711032516 2.3877915199846034 3.6299663768149921 0.38373313785996366 1.5809974630828936 6.4072254736965952 8.0149115137755853 3.7794765475555323 0.89593086147215206 0.61125491274287913
leaf_count=183 89 274 1639 201 1371 7214 74 1710 2924 192 7827 1982 59 318 1951 298 367 207 685 793 192 114 113 15 62 533 212 124 39 53
internal_value=0 -0.00372768 -0.00957577 -0.000318456 -0.0135953 -0.00439263 0.0110267 0.0044157 -0.0064156 0.00227592 -0.016827 0.00765961 0.0130483 0.0147235 -0.00310075 0.00758591 0.00487376 0.0109415 0.018383 -0.00513651 0 0 0 -0.00321603 -0.00465894 -0.00693004 0.00305653 0.00227585 0.00387503 1.64274e-05
internal_weight=502.359 377.912 132.604 245.309 100.362 135.444 124.447 109.864 120.004 32.2421 80.0757 79.4652 106.215 93.5576 30.3993 15.44 30.7223 15.633 62.8353 16.6091 20.2859 12.6572 18.2322 11.0322 3.96879 6.79096 8.68839 7.20003 4.67541 4.24122
internal_count=31815 28958 12404 16554 11029 10710 2857 5844 10138 1375 9466 3692 1891 1429 2152 572 685 390 744 985 1563 462 966 714 176 548 286 252 163 166
is_linear=0
shrinkage=0.03


Tree=36
num_leaves=31
num_cat=0
split_feature=65 15 19 5 2 7 18 55 51 5 50 17 65 12 67 2 14 60 7 36 56 60 25 13 42 23 31 18 12 38
split_gain=19.803 8.39265 8.01144 6.15161 5.78473 5.3182 4.67653 3.55924 2.91591 2.18853 2.1507 2.12016 2.07625 1.99524 2.58269 1.75078 1.56091 1.19338 1.08247 1.02084 0.98531 0.786019 0.746653 0.655109 0.651426 0.445172 0.412567 0.317209 0.0622858 0.00642441
threshold=0.20969025790691379 -0.032935433089733117 0.00021919608116149905 0.065236251801252379 0.29182536900043493 -0.014122977852821348 0.050630137324333198 -0.011947480961680411 -0.028764881193637844 0.036982838064432151 0.0048827901482582101 0.0083437082357704657 0.65282884240150463 0.0014812815934419634 0.85056698322296154 0.0099533200263977068 0.011043306440114977 -0.012782229110598562 0.082828775048255934 -0.017670061439275738 0.0066091883927583703 0.0033891005441546444 0.0053784698247909555 1.0000000180025095e-35 0.0065341363660991201 0.018537029623985294 0.023835754022002224 0.059411108493804939 0.0038877194747328763 -0.01372580975294113
decision_type=2 2 2 2 2 2 2 2 2 2 2 2 2 2 2 2 2 2 2 2 2 2 2 2 2 2 2 2 2 2
left_child=3 2 5 4 11 23 8 27 24 19 -7 18 -9 17 20 -10 -13 25 -1 -4 -15 -11 29 -2 -3 -5 -19 -8 -16 -6
right_child=1 6 9 13 22 10 7 12 15 21 -12 16 -14 14 28 -17 -18 26 -20 -21 -22 -23 -24 -25 -26 -27 -28 -29 -30 -31
leaf_value=-0.018947308071564577 0.0048002819410218603 0.014653682320780596 0 -0.00049612894128458248 -0.00098369039152574299 0.020730709984576705 0 -0.0014425171746757831 0.0010122181159327296 -0.0013545971370237488 0 -0.010008566926942044 0.01577515159079931 0.015189187951737992 0 -0.0047211433056749191 0 -0.011063363057072116 -0.0031632684632336466 -0.013519898858410644 0 0.0084699419473651342 0.013073122031826277 -0.0041813385825512804 0 0.0076023295142661051 0 -0.0085120976012653914 -0.0073005761164262961 0
leaf_weight=55.648832131060772 10.494630369095832 6.6011604022351076 4.6406763413106082 4.5225061250967 0.97529187620966673 58.269861609733198 1.5842504131142039 3.0163896520389235 67.728477561991895 3.8572896718396796 6.6238862213795064 34.343611935400986 29.819611337996321 13.760105177934753 0.093310445052338209 108.91133343183901 18.667120793688809 9.8031405534711649 11.762484059305278 9.4882980058027915 2.8760511844884595 9.9153874824696668 4.4928172544750851 8.3016010946012084 1.5654412017902357 2.6900997114717029 1.1177953025908198 3.9948699434462469 2.7501022218348226 0.91395512598683037
leaf_count=9090 299 73 231 251 109 888 65 346 3219 295 266 3815 522 593 18 4926 1830 1127 1375 602 212 250 128 298 56 73 157 251 387 63
internal_value=0 0.00417723 0.0107196 -0.00837859 -0.0114695 0.0151919 0.000611984 0.00956983 -0.00129504 -0.00205326 0.0190089 -0.0131216 0.013419 0.00146079 0.0077597 -0.00239031 -0.00661218 -0.00422353 -0.0170161 -0.00950862 0.0126118 0.0044924 0.00913781 0 0.012028 0.00194375 -0.00951222 -0.00588382 -0.00674665 0
internal_weight=499.23 334.813 111.592 164.417 126.804 83.69 223.222 38.4151 184.806 27.9017 64.8937 120.422 32.836 37.6131 19.4796 176.64 53.0107 18.1335 67.4113 14.129 16.6362 13.7727 6.38206 18.7962 8.1666 7.21261 10.9209 5.57912 2.84341 1.88925
internal_count=31815 12587 3129 19228 16410 1751 9458 1184 8274 1378 1154 16110 868 2818 1210 8145 5645 1608 10465 833 805 545 300 597 129 324 1284 316 405 172
is_linear=0
shrinkage=0.03


Tree=37
num_leaves=31
num_cat=0
split_feature=69 64 11 11 69 42 63 42 64 32 66 46 46 21 63 12 46 59 32 62 32 17 12 59 37 29 26 26 1 60
split_gain=22.4428 8.55685 5.35222 3.77813 3.70545 3.52432 4.56158 5.53084 3.97464 3.39021 3.34995 2.64434 2.02779 1.78994 1.73726 1.5896 1.52344 1.91163 1.33088 1.24235 0.644577 0.57167 0.500463 0.409128 0.19922 0.138035 0.111371 0.0516317 0.0268333 0.00993118
threshold=1.0227915048599245 0.42307692766189581 0.044362125918269164 -0.045641653239727013 0.51239922642707836 -0.011866568587720392 1.0000000180025095e-35 0.0079497476108372229 1.8846153616905215 -0.0092711709439754469 0.11103397607803346 0.014705024659633638 0.0028828866779804234 -0.0090586394071578962 -0.017975609749555584 0.0038877194747328763 -0.016941500827670094 0.020256079733371738 0.0067985784262418756 -0.0055299103260040275 0.018795654177665714 -0.022092469036579129 0.069772534072399153 -0.0040097571909427634 0.0022671632468700413 0.026197597384452823 0.021739386022090915 0.027597066015005115 -0.21336443722248075 -0.0081579443067312223
decision_type=2 2 2 2 2 2 2 2 2 2 2 2 2 2 2 2 2 2 2 2 2 2 2 2 2 2 2 2 2 2
left_child=1 2 4 18 9 16 7 -7 -8 -1 21 14 19 -14 -12 -6 24 -18 22 -4 23 27 25 -20 -3 -2 -13 -5 -23 -22
right_child=3 5 12 10 15 6 8 -9 -10 -11 11 26 13 -15 -16 -17 17 -19 20 -21 29 28 -24 -25 -26 -27 -28 -29 -30 -31
leaf_value=-0.003679405818972966 -0.0092510565681155794 0 0.0011529778771118819 0.0043011158978605562 -0.006714979337011086 0.011194912952304006 -0.0077366781239863024 -0.0033534338023808305 0.0053790082200098508 -0.01687569417246243 0 -0.0023202859095622294 -0.0027255358727049173 0.011561297728605728 0.018393164631513741 0.0066079411718796329 -0.016022195754067679 0.0010276600848455047 0 -0.0095148266991866657 -0.0009997650292354757 0 0 0.010874638247062217 0.0049750765684845582 0 0.0022740142853502564 0 -0.0066843809711425554 0.00031513217860214482
leaf_weight=34.803235014187521 7.0247733867145161 1.2130978650529893 9.3743075044185407 3.3834188178298064 10.996320916659899 66.514802299672738 50.445428850594908 28.205124531465117 26.349244240409462 77.128488799324259 2.1054951645201063 3.6075892325025034 5.8024940970935885 15.045843964006052 70.221548126486596 11.245332056801997 16.038035092060458 3.1491285291849627 1.2858021713327605 14.610989215143489 2.6539774963748641 0.54453454166650761 2.7812672359868884 9.4880417381646129 2.8705571930040605 0.66206419834634278 5.4219437377760187 0.72521258983761061 4.6374581871204992 7.9665211896062811
leaf_count=3910 409 114 794 78 1209 1876 2803 1304 629 11265 92 233 508 982 1253 684 1000 97 44 1679 62 8 55 154 104 16 76 36 184 157
internal_value=0 -0.00366459 -0.008316 0.0108864 -0.011227 0.000561019 0.00225996 0.00661102 -0.00281602 -0.0133619 0.0139039 0.0157804 4.59826e-05 0.00666632 0.0175749 0 -0.00908469 -0.0123496 0.000766464 -0.00483079 0.00538359 -0.000201335 -0.00542035 0.00923442 0.00130666 -0.00844534 0 0.00345327 -0.00631819 0
internal_weight=496.302 373.792 179.007 122.51 134.173 194.785 171.515 94.7199 76.7947 111.932 90.6472 81.3566 44.8336 20.8483 72.327 22.2417 23.2708 19.1872 31.8624 23.9853 21.3943 9.29062 10.4681 10.7738 4.08366 7.68684 9.02953 4.10863 5.18199 10.6205
internal_count=31815 28958 21031 2857 17068 7927 6612 3180 3432 15175 1960 1654 3963 1490 1345 1893 1315 1097 897 2473 417 306 480 198 218 425 309 114 192 219
is_linear=0
shrinkage=0.03


Tree=38
num_leaves=31
num_cat=0
split_feature=65 5 15 19 18 2 20 36 5 9 24 36 66 54 50 18 40 5 57 18 25 28 28 44 44 25 48 22 38 32
split_gain=17.686 8.27728 7.98981 6.50468 4.90879 4.54772 3.35035 3.26973 3.1144 2.97299 2.48828 2.71827 2.2596 2.24101 2.13489 2.07125 2.07458 1.87664 1.36968 1.35055 1.17568 0.972493 0.828858 0.620618 0.465784 0.454127 0.395311 0.337521 0.0873998 0.0078246
threshold=0.34655645489692694 0.065236251801252379 -0.032935433089733117 0.00051888823509216319 0.050630137324333198 0.29182536900043493 -0.021834701299667355 -0.01734991371631622 -0.017643444240093228 -0.04128418676555156 -0.01515020430088043 0.00456872582435608 -0.11725936084985732 0.0027352087199687962 0.0060083363205194482 -0.028093248605728146 -0.018602835014462468 0.036982838064432151 -0.013426290825009344 0.085015073418617262 0.0053784698247909555 0.043226856738328941 -0.0082814842462539656 -0.029553119093179699 -0.0078943334519863111 0.027916505932807926 0.01791607961058617 0.035424068570137031 0.0035506263375282292 -0.043242597952485078
decision_type=2 2 2 2 2 2 2 2 2 2 2 2 2 2 2 2 2 2 2 2 2 2 2 2 2 2 2 2 2 2
left_child=1 5 3 8 6 10 7 -4 18 26 23 -12 25 -8 -10 24 -17 21 -2 -11 28 -5 -19 -1 -14 27 -6 -3 -7 -22
right_child=2 12 4 17 9 20 13 -9 14 19 11 -13 15 -15 -16 16 -18 22 -20 -21 29 -23 -24 -25 -26 -27 -28 -29 -30 -31
leaf_value=0 -0.0064793646106689204 -0.011161254810598297 0.0033331750813142547 -0.011885788960039775 -0.0073946474507243587 -0.0037328004735398853 -0.0029407923578941095 -0.013818517446447824 0.020850443581928998 0.01537385301882643 -0.012472890117624784 -0.0016878179232946116 0 0.0047007736873757389 0 -0.0031964112205383156 0.012765566424740644 0.010398902877474336 0.0070677680382929481 0 0 0.00058434100650862192 -0.00066105718871067268 -0.020081051329321687 -0.0077924188025477441 0 0 0 0 0.012972717304732841
leaf_weight=0.79970925135421467 2.0895837281132144 5.9482886608602694 8.6083768194075656 11.136854196083734 4.3098047852690788 2.1283392931218255 61.228864691744093 26.778172001446364 48.255820426187711 28.561884872062368 57.704210341136786 45.251178333710413 2.7877620796498377 63.715864774945658 4.3480517875286742 3.6982188572292207 28.038337052072169 5.500274984864518 26.808819865109399 1.7293963513802726 0.53966686307103362 1.5971898227580812 3.3143558669253235 33.349250250597834 4.543072109197964 1.3424823492241555 1.6385004987241698 1.3003705505980176 0.48047604918247078 4.5476257549598813
leaf_count=92 63 843 374 565 236 203 2846 1485 576 578 8579 5212 202 1994 156 252 1391 94 605 102 23 92 169 4254 344 147 71 105 24 138
internal_value=0 -0.00699346 0.00453323 0.0111107 0.000746133 -0.0105228 -0.00142451 -0.00900716 0.0148525 0.0100853 -0.0118984 -0.00830822 0.00314108 0.000756109 0.0191982 0.00656938 0.00990703 -0.00204338 0.00439199 0.0137961 0.00665498 -0.00890627 0.00533457 -0.0195127 -0.00360517 -0.00692294 -0.00374179 -0.00930313 -0.00164801 0.0125932
internal_weight=492.081 192.459 299.622 103.051 196.571 144.8 160.331 35.3865 81.5023 36.2396 137.104 102.955 47.6585 124.945 52.6039 39.0674 31.7366 21.5487 28.8984 30.2913 7.69611 12.734 8.81463 34.149 7.33083 8.59114 5.94831 7.24866 2.60882 5.08729
internal_count=31815 21809 10006 2320 7686 18525 6699 1859 1400 987 18137 13791 3284 4840 732 2189 1643 920 668 680 388 657 263 4346 546 1095 307 948 227 161
is_linear=0
shrinkage=0.03


Tree=39
num_leaves=29
num_cat=0
split_feature=65 5 6 28 1 2 68 58 9 8 56 24 0 68 66 63 68 63 11 42 25 20 55 61 41 42 52 16
split_gain=16.5851 7.61058 6.76917 6.39385 4.35689 4.25935 3.77266 2.96661 2.9077 3.14014 2.57014 2.72006 2.27751 2.21794 2.12095 2.72065 2.34592 1.91357 1.66872 1.14983 1.10442 1.06372 0.980645 0.813389 0.776648 0.503467 0.223598 0.0551094
threshold=0.34655645489692694 0.065236251801252379 -0.049045771360397332 -0.0037924597272649403 0.10219704359769823 0.29182536900043493 0.22523508220911029 0.00014565885066986087 -0.040430435910820954 0.014896884560585024 0.0053868684917688378 -0.01515020430088043 -0.0063484236598014823 0.16467346251010898 -0.11725936084985732 0.0040534147992730149 -0.27047011256217951 0.021699295379221443 -0.045004319399595254 0.0095309764146804827 0.0053784698247909555 -0.029698539525270459 0.0016204658895730974 0.0081295548006892222 -0.015386506915092467 0.019116490148007873 -0.014567971229553221 0.068472132086753859
decision_type=2 2 2 2 2 2 2 2 2 2 2 2 2 2 2 2 2 2 2 2 2 2 2 2 2 2 2 2
left_child=1 5 6 8 7 10 18 -5 13 -10 17 -12 23 -4 25 16 -16 -1 -2 -14 27 -20 -6 -8 -17 26 -3 -7
right_child=2 14 3 4 22 20 12 -9 9 -11 11 -13 19 -15 15 24 -18 -19 21 -21 -22 -23 -24 -25 -26 -27 -28 -29
leaf_value=-0.015278773387586422 0 0 -0.0086608519250936222 -0.012569798548214496 0.013840775946465624 -0.0030273049202529743 -0.0098560950447676363 -0.00065400621886339166 0.011628836392251603 0 -0.014062690620430805 0.00011679377535532669 0.010238293641006984 0.0057870600338836026 0 0.0026052461439973868 0.016181207517306138 0.0014778742313140115 0 -0.00019618126722087032 0.012243091250733867 0.019429825654014531 0 0.00040869191595426142 -0.0081666456316861931 0 -0.010884306065785264 0
leaf_weight=89.366428515088046 3.2285466383909798 0.91171107196714718 15.366529317339884 38.582095417426899 7.4155447540397272 2.2817170051275748 7.5662761508719978 44.244980701914756 66.180421385448426 22.477598107769154 11.265311164010198 32.830503436009167 24.068182734306905 11.448277106886961 10.745422003994461 2.0927746406232464 18.071453090175059 2.2318331352435044 2.8138047514948985 5.9463713648437979 5.0006406367465388 40.137334833329078 3.8985419776290655 4.0200884651567321 8.2321391654841118 1.6996955462673211 5.8957522760465491 0.29576384884421703
leaf_count=12743 78 71 486 2425 248 211 315 2033 1533 859 1527 3712 421 364 665 121 665 155 93 210 161 543 214 184 738 150 874 16
internal_value=0 -0.00679945 0.00440536 0.00122549 -0.00427481 -0.0102136 0.0112001 -0.00694575 0.00595002 0.00852058 -0.0115529 -0.00395789 0.00311782 -0.00160945 0.00289143 0.00622875 0.0107796 -0.0145046 0.0168789 0.00758145 0.00644324 0.0183139 0.00957546 -0.00543627 -0.00388803 -0.00686431 -0.00960611 -0.00150378
internal_weight=488.316 190.921 297.395 209.614 94.1412 143.272 87.7806 82.8271 115.473 88.658 135.694 44.0958 41.6009 26.8148 47.6489 39.1418 28.8169 91.5983 46.1797 30.0146 7.57812 42.9511 11.3141 11.5864 10.3249 8.50716 6.80746 2.57748
internal_count=31815 21809 10006 8162 4920 18525 1844 4458 3242 2392 18137 5239 1130 850 3284 2189 1330 12898 714 631 388 636 462 499 859 1095 945 227
is_linear=0
shrinkage=0.03


Tree=40
num_leaves=28
num_cat=0
split_feature=65 6 3 60 11 63 44 19 20 12 34 6 3 65 22 0 38 43 49 31 22 42 67 4 32 67 36
split_gain=16.2565 8.31361 5.28946 5.20654 4.73868 4.42531 3.75138 3.04829 3.02014 2.93981 2.63367 2.43574 2.37773 2.13419 1.84337 1.7105 1.65654 1.23529 1.00415 0.945252 0.944086 0.580485 0.521951 0.155517 0.0958081 0.0825566 0.00911871
threshold=-0.25606115162372584 -0.046236097812652581 -0.083088446408510194 0.0060365637764334687 -0.0092260576784610731 -0.00052159838378429402 0.0037363134324550633 -0.016161769628524777 -0.01899086311459541 0.034207960590720184 -0.0040602879598736754 -0.067226082086563096 0.02288184687495232 1.6268638968467715 -0.0050368288066238156 0.40117868781089788 -0.016908705234527584 0.025674464181065563 0.018918227404356006 -0.0097355628386139852 -0.00381506560370326 -0.039246974512934678 0.93700706958770763 -0.15806098282337186 -0.028744326904416081 -0.036097349599003785 0.017583616077899936
decision_type=2 2 2 2 2 2 2 2 2 2 2 2 2 2 2 2 2 2 2 2 2 2 2 2 2 2 2
left_child=9 3 4 10 8 7 -6 -4 -3 15 14 16 -12 -7 -2 17 -5 18 -1 21 24 -11 -22 -23 -21 -13 -19
right_child=1 2 5 11 6 13 -8 -9 -10 19 12 25 -14 -15 -16 -17 -18 26 -20 20 22 23 -24 -25 -26 -27 -28
leaf_value=-0.0178352949393541 0.0034235988977329057 -0.0026426193352265437 0.0071402357219935656 0 -0.0078889612517899568 -0.011448048843626272 0.0060551148490794512 -0.0036305356148142389 0.012788555198898786 0 0.0089652302141993104 -0.0017298188269508441 -0.0055011122949875984 0.00099012276674232498 -0.0097203398501000647 0.0016845286416727206 0.020345226168881292 0 0 0 0.010560956018362069 0 0 -0.0117022489088734 -0.0048501298404880827 0.0023765071170544802 0.0011379554973178767
leaf_weight=53.053157333852141 10.084872602456018 8.7508831054728926 32.330606941221049 5.0126463364285874 33.56880924582947 60.885606056486722 25.193500968511216 58.767387751460774 49.063274354557507 0.66890600032638747 51.287397710082587 4.8201221071358304 6.2462565687601446 9.1040471206069906 15.431329020269912 0.97459364568930951 36.857228995591868 0.55159154464490612 1.4522395734966256 0.25273912772536311 7.9400724488805245 0.39218595792772237 0.80928769752790675 4.4895193559059434 2.4823908363759992 2.9529263019794589 1.3376085094641892
leaf_count=9863 351 476 1755 131 1449 5583 973 3535 1144 27 1578 300 514 323 980 23 801 132 245 8 412 13 152 503 321 161 62
internal_value=0 0.00237765 -0.000501115 0.0084189 0.00414233 -0.00406567 -0.00143412 5.24419e-05 0.00995083 -0.0124373 0.00301883 0.015801 0.00660065 -0.00947193 -0.00383255 -0.0154712 0.0183807 -0.0163694 -0.0171798 0 0.00359974 -0.0077709 0.00841447 -0.0108325 -0.003407 0 0
internal_weight=484.761 410.357 277.664 132.693 116.576 161.088 58.7623 91.098 57.8142 74.4043 83.0499 49.6429 57.5337 69.9897 25.5162 57.3692 41.8699 56.3946 54.5054 17.0351 11.4845 5.55061 8.74936 4.88171 2.73513 7.77305 1.8892
internal_count=31815 20054 15238 4816 4042 11196 2422 5290 1620 11761 3423 1393 2092 5906 1331 10325 932 10302 10108 1436 893 543 564 516 329 461 194
is_linear=0
shrinkage=0.03


Tree=41
num_leaves=29
num_cat=0
split_feature=65 7 30 28 21 18 3 15 13 46 20 68 67 27 64 7 16 28 40 20 41 27 29 9 5 40 37 36
split_gain=15.4785 9.41913 5.17698 4.12954 4.07844 3.35297 3.55877 3.2465 2.2376 2.00819 1.87033 1.76604 1.22221 1.21597 1.18666 1.6287 1.09555 1.0066 0.635038 0.671291 0.445187 0.751203 0.419608 0.301361 0.214924 0.200209 0.0684686 0.00460741
threshold=-0.25606115162372584 0.049467988312244422 -0.00179902883246541 -0.0041554896160960189 -0.028355818241834637 0.03238832205533982 -0.15527515113353726 -0.026544623076915737 0.046905536204576499 -0.0075095370411872855 0.021023574285209182 -0.37508635222911829 0.30953766405582434 0.0043342262506484994 0.42307692766189581 0.14490149915218356 -0.0021969452500343318 0.050788445398211486 -0.0049487315118312827 -0.0080299396067857725 0.010275229811668398 0.0221066027879715 -0.02836140617728233 -0.027681099250912663 0.11261732503771783 -0.029162405058741566 -0.024132606573402878 0.019549116492271427
decision_type=2 2 2 2 2 2 2 2 2 2 2 2 2 2 2 2 2 2 2 2 2 2 2 2 2 2 2 2
left_child=8 3 4 7 24 6 -5 11 17 -6 -9 -2 22 -7 15 -4 -16 20 19 -14 21 -1 -10 -22 -3 -24 -20 -19
right_child=1 2 14 5 9 13 -8 10 12 -11 -12 -13 18 -15 16 -17 -18 27 26 -21 23 -23 25 -25 -26 -27 -28 -29
leaf_value=-0.01884196852030794 -0.00034039517610355541 -0.0090558864182236718 -0.012804019940825546 0.0058153493317626512 0 0.0074836208344937327 -0.0085876796149040244 -0.003081822751503753 0 0.016321758255071431 0.0047618164033986941 0.011624898017580938 0 -0.0022369556458393309 -0.0013908540943509988 0.0012057092464531603 0.010050815901116488 0 0 0.011743365965184141 -0.0063531823291564614 -4.9698357858211806e-06 0 0 0 -0.011150020275401329 -0.0031541786996836301 0.00081138272803276941
leaf_weight=38.744630468427204 8.2847426527878252 2.7254074822994876 7.8498204452334965 11.954043509846086 5.4143542234378392 21.093535700521898 99.124504282488488 67.336708931310568 1.0471538994752343 71.370363079739036 38.937037505005719 37.914283645251999 1.1343917583581058 11.151231881085549 6.4959551697829729 8.3805987972882559 8.5765600331942533 0.42983454302884538 0.77922468725591931 5.5457764590682928 5.9596117135952227 5.3868717073637518 0.30334110243711698 4.8540747379447549 0.53866173361893732 6.072488839534345 1.7139291245985058 1.298649293661583
leaf_count=6840 662 209 871 349 381 958 6645 3607 66 1642 1618 1347 130 755 325 362 303 96 29 191 1321 947 21 860 20 891 299 70
internal_value=0 0.0023226 0.00956634 -0.000418245 0.0134157 -0.0040887 -0.00659548 0.00286172 -0.0122302 0.0150554 0 0.00906955 -0.000343958 0.00346745 0 -0.00557673 0.00450697 -0.0149144 0.00447485 0.00853156 -0.0156194 -0.0173878 -0.00811815 -0.0032897 -0.00729776 -0.0102552 -0.00083097 0
internal_weight=480.418 407.148 111.352 295.796 80.0488 143.323 111.079 152.473 73.27 76.7847 106.274 46.199 16.5963 32.2448 31.3029 16.2304 15.0725 56.6737 9.17332 6.68017 54.9452 44.1315 7.42298 10.8137 3.26407 6.37583 2.49315 1.72848
internal_count=31815 20054 4113 15941 2252 8707 6994 7234 11761 2023 5225 2009 1627 1713 1861 1233 628 10134 649 321 9968 7787 978 2181 229 912 328 166
is_linear=0
shrinkage=0.03


Tree=42
num_leaves=31
num_cat=0
split_feature=3 7 63 9 1 64 64 21 28 9 47 5 55 55 24 7 9 30 61 9 3 61 49 42 9 67 30 55 67 1
split_gain=12.644 9.08846 5.65434 4.78009 4.12873 3.92425 2.62445 3.1716 2.68754 2.68626 2.55695 2.30959 1.89579 1.89543 1.85684 1.69585 1.84277 1.60339 1.54711 1.46599 1.43212 1.15759 0.991784 0.927099 1.05944 0.874932 0.703002 0.170417 0.153238 0.114624
threshold=-0.015543418005108832 -0.0013405829668045042 0.0075011197477579125 -0.03741160407662391 0.12240293994545938 0.57692310214042675 0.19230769574642184 -0.020180881023406979 -0.0094666257500648481 -0.042297527194023125 -0.011622995138168333 0.0075055547058582315 0.0019338224083185198 0.00062602572143077861 0.0033248588442802434 0.15831281244754794 0.10991518199443819 -0.014682962559163569 0.010800275020301344 0.097688674926757826 -0.080231372267007814 -6.0987193137407296e-05 0.0052836574614048013 -0.029692975804209706 0.055224269628524787 -0.25130337476730341 -0.029271414503455159 0.0088141933083534258 -2.2337180376052852 0.3245928436517716
decision_type=2 2 2 2 2 2 2 2 2 2 2 2 2 2 2 2 2 2 2 2 2 2 2 2 2 2 2 2 2 2
left_child=1 6 3 17 5 15 8 19 14 -9 -5 18 21 26 -1 16 -2 -3 -4 -8 -13 25 -15 27 -25 -6 -7 -14 -10 -23
right_child=4 2 11 10 12 13 7 9 28 -11 -12 20 23 22 -16 -17 -18 -19 -20 -21 -22 29 -24 24 -26 -27 -28 -29 -30 -31
leaf_value=-0.0092830101654779538 -0.014555097298588041 0.0064711978075817017 -0.016768074279606308 0 0 0 -0.011794171821756941 -0.0070824496763631584 0 0.005905672037980393 0.013917147519876128 0.0059709901883731658 0 0 0.0074234699180564818 0.00083772403341566127 0 -0.0052509821677764693 0.00069980436528916984 0.00019606155927830629 -0.0065549871746580935 -0.0035136846131529507 0.010992908377828958 -0.011824732304870798 0.0010422383850761301 0.013523725091501761 -0.011047195042637748 0.0051500088897513266 -0.017616852205378664 0
leaf_weight=5.796025779447521 79.51120517255913 13.63359793226118 7.6696587523620092 9.1927310301107337 3.8874863221426521 2.6081751505844286 19.449662564817121 11.887585187942021 0.15779544647375487 62.175839481758885 112.11838931668899 21.254896334721707 0.71407047042157801 12.97507211356424 8.4429350889404287 3.4472195229609488 7.6527403728105119 19.036095722520258 1.8521680683479642 7.0278011660557231 5.6057868255884413 3.7140892911411347 7.4959202220197758 10.939160115405683 1.9032177143672004 11.938991969509514 9.1030168966972251 2.4972511886444408 13.528431357830412 1.647233996336581
leaf_count=691 11852 448 593 374 493 76 988 655 55 2367 3229 534 50 469 520 355 644 1361 78 174 279 507 212 1237 157 509 849 58 1873 128
internal_value=0 0.00344428 0.00756807 0.0100574 -0.00675833 -0.00935883 -0.00249624 0 -0.00984873 0.0031255 0.0127032 -0.00218459 0.00119874 0 0 -0.01241 -0.0132765 0 -0.0122334 -0.00813297 0.00179679 0.00697252 0.00492355 -0.00484279 -0.00847877 0.010533 -0.00807045 0.00235321 -0.0173307 -0.000653324
internal_weight=478.864 318.829 190.363 153.981 160.035 122.793 128.466 100.541 27.9252 74.0634 121.311 36.3825 37.2415 32.1822 14.239 90.6112 87.1639 32.6697 9.52183 26.4775 26.8607 21.1878 20.471 16.0537 12.8424 15.8265 11.7112 3.21132 13.6862 5.36132
internal_count=31815 14219 6896 5412 17596 14457 7323 4184 3139 3022 3603 1484 3139 1606 1211 12851 12496 1809 671 1162 813 1637 681 1502 1394 1002 925 108 1928 635
is_linear=0
shrinkage=0.03


Tree=43
num_leaves=31
num_cat=0
split_feature=69 69 64 41 67 27 62 47 65 11 20 31 9 7 51 29 15 21 29 15 7 5 11 49 29 37 68 32 5 49
split_gain=18.1578 6.39694 6.29249 4.71368 3.90121 3.72227 3.39897 3.30646 2.87385 2.71707 2.64905 2.53105 2.51939 2.30559 2.15536 1.96495 1.82001 1.74482 1.28984 1.18765 1.09397 1.06171 1.05105 0.69922 0.517744 0.401363 0.39965 0.200104 0.123202 0.0904776
threshold=0.022327792830765251 1.0227915048599245 0.80769231915473949 -0.013782694935798643 -0.47551612555980677 0.0091764070093631762 -0.0062966346740722648 0.012241256423294546 0.062406634911894805 -0.0099772289395332319 -0.0078525450080633146 -0.01981762237846851 -0.014561358839273451 0.020109653472900394 -0.0079905861057341081 -0.0079736318439245207 -0.051172271370887749 0.039707474410533912 0.007926886901259424 -0.035408593714237206 0.1360440403223038 0.098312962800264372 0.01774171739816666 0.0023655481636524205 -0.047418653964996331 -0.007933185435831545 -0.043055748566985123 0.016103418543934826 0.054881045594811446 0.0083704888820648211
decision_type=2 2 2 2 2 2 2 2 2 2 2 2 2 2 2 2 2 2 2 2 2 2 2 2 2 2 2 2 2 2
left_child=2 4 3 9 8 11 26 15 21 24 29 -6 -10 23 -12 19 -7 20 -17 -4 -5 -2 -11 -9 -1 -19 28 -28 -3 -8
right_child=1 6 7 17 5 16 10 13 12 22 14 -13 -14 -15 -16 18 -18 25 -20 -21 -22 -23 -24 -25 -26 -27 27 -29 -30 -31
leaf_value=0 -0.016223119960036832 0 6.735293937240175e-07 -0.016010296381649931 -0.0010912507261611516 0.0031849514048386332 -0.0017833419604520459 0.0033466471457532475 -0.0094390455802823899 0.01241237488384656 0.0015212916287312337 0.0095772513197005318 0.0054957317134723413 0.015541659677389784 0.016018939146621079 0.0045157020482115215 -0.0090951289252068912 0.0051860828628460141 -0.0059020475575958771 -0.01408060554869071 0 0 0 -0.00727281997706855 -0.012626469906615746 -0.0042731611317598566 -0.0079072820817282959 0 0.0033034166130717392 0.0019966480833583438
leaf_weight=0.67373261816101138 15.199755336187083 5.4792877607978863 1.8571885291021342 82.197389270790154 19.565618757944321 11.008862226677595 9.3553442019619961 7.7791457526618633 11.076485556288388 7.8534368825639822 17.204886912542861 69.479559357772814 22.649847397668054 11.243560657254418 70.678882237669313 19.859698926709825 20.107908419304295 3.0343392631330062 13.772557501448317 14.996960269141708 1.7058637783629809 2.9886248658585819 8.0405123759846884 4.1914357211207971 6.7732778829813496 2.9485192635911508 3.9185422476148224 0.94224844448035572 5.6291427433025092 3.9739045237074597
leaf_count=37 2283 235 54 11860 861 440 455 155 686 542 351 3730 937 161 1092 711 1860 156 790 819 164 223 909 172 1047 361 238 28 216 242
internal_value=0 0.00468225 -0.00717872 -0.01147 0.00074174 0.00382808 0.00995603 0 -0.00558353 0 0.011942 0.00698071 0 0.00809422 0.0137384 -0.00450745 -0.00408044 -0.0144441 0 -0.0115111 -0.0155028 -0.0137135 0.00703594 0 -0.0106472 0 -0.00104645 -0.00618764 0.000563168 0
internal_weight=476.187 289.259 186.928 113.227 172.077 120.162 117.182 73.7005 51.9147 23.341 101.213 89.0452 33.7263 23.2141 87.8838 50.4864 31.1168 89.8861 33.6323 16.8541 83.9033 18.1884 15.8939 11.9706 7.44701 5.98286 15.9692 4.86079 11.1084 13.3292
internal_count=31815 13877 17938 15076 11020 6891 2857 2862 4129 2535 2140 4591 1623 488 1443 2374 2300 12541 1501 873 12024 2506 1451 327 1084 517 717 266 451 697
is_linear=0
shrinkage=0.03


Tree=44
num_leaves=29
num_cat=0
split_feature=69 65 29 27 17 29 46 51 2 37 49 41 8 17 66 24 20 12 18 13 4 47 19 37 46 4 17 2
split_gain=17.2329 8.13459 3.70422 3.44798 3.10551 3.07094 2.40301 2.3768 2.64732 2.14341 1.99038 1.76075 1.5256 1.25998 1.25148 0.90696 0.741933 0.40616 0.317858 0.301061 0.269784 0.210829 0.164154 0.129803 0.0523528 0.0431588 0.0296182 0.0290234
threshold=1.0227915048599245 -0.42660900950431818 0.010364394634962084 0.00087210163474082958 0.018875243142247203 -0.0016391333192586897 0.0049532651901245126 0.010595037136226894 0.13636488467454913 0.0028442880138754849 -0.0027199909090995784 0.017593495547771457 -0.075547881424427019 0.04251165688037873 -0.16400804370641706 0.02214339375495911 0.017523664981126789 0.079978652298450484 0.035734668374061591 0.03833307325839997 -0.028058623895049092 0.0097212037071585673 0.018681339919567112 0.015985945239663128 -0.011682033538818358 0.16607463359832766 0.052593342959880836 -0.17863890528678891
decision_type=2 2 2 2 2 2 2 2 2 2 2 2 2 2 2 2 2 2 2 2 2 2 2 2 2 2 2 2
left_child=1 12 3 5 7 -3 11 8 10 -5 -2 -4 19 15 -8 -14 18 27 24 25 -18 -10 -21 -22 -6 -1 -15 -9
right_child=4 2 6 9 16 -7 14 17 21 -11 -12 -13 13 26 -16 -17 20 -19 -20 22 23 -23 -24 -25 -26 -27 -28 -29
leaf_value=-0.0050145839945334916 0.001430551402398597 0 -0.012818638095636881 0 0 0.0089781291667151465 -0.0071333612718852647 0 0.0015019797362465755 -0.0093341756677579844 0.016774204549562174 0.00039632580270340336 -0.019095537521758757 0.0017578819129184186 0.0040337919011347355 0 0 0.0010120431023169989 0 0.005713922936746006 0.0063920447112292252 -0.0046190043839579656 0 0 -0.0091435368686975833 0 -0.00097718329435580553 -0.0072123482006881496
leaf_weight=2.6901672883686838 14.528643667930735 83.100732991864788 41.005197198450333 64.565485138489748 0.53167235845467065 52.277737470256398 9.121940507320689 0.2260092509677637 7.6769382421043684 32.134683593991213 68.302119679196039 5.6295973159285486 33.455069777803146 1.4829788219649338 20.058772282980499 4.0239186487160614 0.97929071175167415 2.3328582337708212 2.5222930702148005 3.0908871302672201 7.6114260099129716 2.5531385031645186 0.42948782793246199 1.0761897494085131 5.1207161908096186 0.13791052333544929 1.935941273361095 3.1043030235450706
leaf_count=401 384 4608 3727 4288 29 2742 958 24 246 2526 1040 496 6111 129 1287 1099 46 71 117 169 158 157 47 42 225 14 356 318
internal_value=0 -0.0032967 -0.00130914 0.000487363 0.00976653 0.00363331 -0.00686955 0.0117784 0.0129682 -0.00358402 0.0146591 -0.0107585 -0.0143101 -0.0162178 0 -0.0176319 -0.000193786 -0.00187318 -0.00623973 0 0.00325768 0 0.00369645 0.00539545 -0.00866073 -0.00444309 0 -0.00688992
internal_weight=471.706 355.141 307.894 232.079 116.566 135.378 75.8155 98.724 93.0608 96.7002 82.8308 46.6348 47.2464 40.8979 29.1807 37.479 17.8416 5.66317 8.17468 6.34845 9.66691 10.2301 3.52037 8.68762 5.65239 2.82808 3.41892 3.33031
internal_count=31815 28958 20632 14164 2857 7350 6468 2240 1827 6814 1424 4223 8326 7695 2245 7210 617 413 371 631 246 403 216 200 254 415 485 342
is_linear=0
shrinkage=0.03


Tree=45
num_leaves=31
num_cat=0
split_feature=69 69 1 41 63 67 55 1 2 24 51 35 9 6 52 48 29 43 30 2 4 22 43 61 35 52 16 31 40 52
split_gain=16.5965 5.89384 4.29745 4.89603 3.91092 3.40831 3.54623 3.31089 3.16372 2.97636 2.79914 2.57539 2.52899 2.03416 1.94779 1.8991 1.54184 1.71912 1.52765 1.49283 1.48004 1.377 0.990849 0.947338 0.666599 0.587782 0.485825 0.409558 0.343419 0.1122
threshold=0.022327792830765251 1.0227915048599245 -0.21581314504146573 -0.015386506915092467 0.0075011197477579125 -0.40369309484958643 0.011595086194574835 -0.028118290007114407 0.13636488467454913 -0.012079738080501555 0.010595037136226894 -0.01613080874085426 -0.014561358839273451 0.06443727016448976 0.035070082172751434 0.019946606829762462 -0.0075672436505556098 -0.0026946011930704112 -0.026040417142212387 0.22797042876482013 -0.15505039691925046 0.0039564501494169244 -0.020825134590268132 -0.0064112385734915725 -0.00065100751817226399 -0.013166315853595732 -0.024678871035575863 -0.017168316058814522 0.0087735485285520571 1.0000000180025095e-35
decision_type=2 2 2 2 2 2 2 2 2 2 2 2 2 2 2 2 2 2 2 2 2 2 2 2 2 2 2 2 2 2
left_child=2 5 20 16 8 7 15 12 10 14 -3 -8 -2 -11 -5 -7 17 -4 -18 -9 23 24 -23 -1 -22 -25 29 -28 -10 -6
right_child=1 4 3 9 26 6 11 19 28 13 -12 -13 -14 -15 -16 -17 18 -19 -20 -21 21 22 -24 25 -26 -27 27 -29 -30 -31
leaf_value=-0.00034824507111239382 -0.0073292312101391815 0.015252411077622907 -0.0013298568192623838 -0.021608479704896273 0 0.00738992226263031 0.0046376533984202866 -0.013672378146957339 0.0020165831337461298 -0.010016372425355824 -0.0029963121949992374 -0.014840046452575186 0.0081972138181634815 0 0 -0.0061092761989295329 0.0038510453643027446 0.013461902286981842 -0.010185827595303943 0 0.007674806857698285 0.00093547979704922959 -0.01156692462166887 0 -0.0019150941102466924 0.012208815370855304 0 -0.0082155369985131357 -0.0050122974966927561 0.0030394816200837393
leaf_weight=3.83182331331773 9.2495009353151563 80.395696227584267 6.6228383706184095 31.42787232316914 2.4843487645266595 90.914591309599928 4.2594500805716953 24.811766802376951 7.9913850673183315 60.238648707076209 3.7418905791128045 9.5741678608756029 19.371629584857146 17.98540195194073 1.5371559179329768 4.1977200742985579 4.7622864351433263 8.5689635996532179 11.266881528921656 7.2876791850139844 6.6986663755087648 1.5628636775363691 11.909888574140494 1.8113193034660078 3.6872418599086831 11.714087763335552 0.95143012207699929 7.3688180592434929 5.1996098624658771 7.7452112766623031
leaf_count=170 591 1337 454 4227 94 5120 176 2866 310 8425 295 751 784 1043 46 365 211 476 1330 367 215 81 732 91 218 219 35 373 274 139
internal_value=0 0.0044986 -0.0069293 -0.00935029 0.00958439 0.000678442 0.00394284 -0.00457649 0.0119358 -0.0121994 0.0139817 -0.00761082 0.00194347 -0.00752651 -0.0200461 0.00621911 0.000251531 0.0067952 -0.00466479 -0.010677 0.000893209 -0.00299071 -0.00863196 0.00704865 0.00280439 0.010292 -0.0013939 -0.00591623 0 0.00104924
internal_weight=469.171 285.545 183.626 142.41 115.878 169.667 108.946 60.7206 97.3286 111.189 84.1376 13.8336 28.6211 78.2241 32.965 95.1123 31.221 15.1918 16.0292 32.0994 41.2159 23.8587 13.4728 17.3572 10.3859 13.5254 18.5498 8.32025 13.191 10.2296
internal_count=31815 13877 17938 16212 2857 11020 6412 4608 2216 13741 1632 927 1375 9468 4273 5485 2471 930 1541 3233 1726 1246 813 480 433 310 641 408 584 233
is_linear=0
shrinkage=0.03


Tree=46
num_leaves=31
num_cat=0
split_feature=65 7 67 43 51 51 32 54 56 40 12 57 33 15 56 49 32 65 9 42 67 57 48 67 37 48 49 61 27 43
split_gain=12.9056 8.32164 4.35409 4.01296 3.3567 3.32048 4.59489 3.15274 2.75638 2.41762 2.2771 2.08444 1.85623 1.62543 1.10648 0.82087 0.673754 0.549437 0.54346 0.45577 0.395546 0.354301 0.277381 0.186089 0.131872 0.0587043 0.0502773 0.00871854 0.000422847 0.000184241
threshold=-0.25606115162372584 0.049467988312244422 0.5255594551563264 0.0077506785746663817 -0.01110292039811611 -0.0013185152783989904 0.0029845396056771283 -0.010524857789278029 0.0055471714586019525 -0.0079067014157772047 0.034207960590720184 -0.013426290825009344 -0.020582415163516995 0.0029651969671249394 0.022523278370499614 0.018918227404356006 0.0048008915036916741 0.33767202496528631 -0.021891087293624874 0.016230766661465171 0.93700706958770763 0.0039377752691507348 0.0008586430922150613 0.82130932807922374 -0.042428225278854363 -0.027281679213047024 0.024071190506219867 0.0014831002335995438 -0.0087962113320827467 -0.0055291093885898581
decision_type=2 2 2 2 2 2 2 2 2 2 2 2 2 2 2 2 2 2 2 2 2 2 2 2 2 2 2 2 2 2
left_child=10 5 3 4 -3 6 13 8 -7 -9 12 -8 22 -2 15 -14 -5 26 19 24 21 -20 25 -24 -12 -1 -4 -22 -21 -19
right_child=1 2 17 16 -6 7 11 9 -10 -11 18 -13 14 -15 -16 -17 -18 29 20 28 27 -23 23 -25 -26 -27 -28 -29 -30 -31
leaf_value=0 0.00045686055981382243 -0.0027266822220670386 -0.011659940944198987 -0.0060958695197102621 0.014967504208131935 -0.0036537280579713822 -0.0033718201071877294 -0.013948070116233835 0.011652042577970787 -0.0029732946522449217 0 0.0093670592395894252 -0.01752220265516951 -0.0079789633294896356 0 0 0.0028813305703238334 0.00016551885177235645 0.0078808777710573496 0.00025293647832497234 -0.0018441078126872903 0 0.0057643637561425537 0 -0.010354382685422331 -0.0048376241955980538 0 0 0 0
leaf_weight=0.20044675265671719 43.28990897978656 6.1835248538118313 4.6388176877517244 9.2714736306224967 79.505775628786068 14.300638274289669 7.3154538166709235 24.33509615319781 15.327572567097375 89.230793098307913 0.10494696366367895 67.463055878994055 44.622200747398892 25.741703628300456 1.0409574181248888 1.1999407429684641 7.0041124538693103 1.0524932814878409 7.3442502910183958 0.94843158812727779 1.1230789887486015 2.0549957223265665 3.580736409756355 0.61667448798834801 3.5175915643631042 2.8981351848196928 0.21000423934310664 0.52705408955807787 0.38710137130692579 0.93666107690660272
leaf_count=19 2234 297 754 672 1956 1081 320 1905 658 5988 7 2192 8856 1563 90 208 256 55 398 25 163 170 426 154 572 572 56 32 69 67
internal_value=0 0.00213926 0.00901929 0.0107693 0.0132799 -0.000475988 0.00258057 -0.00373163 0.00393721 -0.00606704 -0.0114071 0.00761158 -0.0141411 -0.00261004 -0.0161343 -0.0168891 -0.00105328 -0.00806868 0 -0.0062124 0.00255528 0.00557669 0 0.00357638 -0.00959916 -0.00403727 -0.0113341 -0.00139688 0 0
internal_weight=465.974 395.807 108.803 101.965 85.6893 287.004 143.81 143.194 29.6282 113.566 70.1665 74.7785 54.1591 69.0316 46.8631 45.8221 16.2756 6.83798 16.0075 4.95807 11.0494 9.39925 7.29599 4.19741 3.62254 3.09858 4.84882 1.65013 1.33553 1.98915
internal_count=31815 20054 4113 3181 2253 15941 6309 9632 1739 7893 11761 2512 10325 3797 9154 9064 928 932 1436 673 763 568 1171 580 579 591 810 195 94 122
is_linear=0
shrinkage=0.03


Tree=47
num_leaves=31
num_cat=0
split_feature=69 64 69 11 11 47 15 64 28 9 69 36 22 11 12 17 69 25 44 17 43 34 48 37 30 66 52 66 69 58
split_gain=15.0393 5.89694 5.39125 3.60285 3.19159 3.06013 2.95801 2.8035 2.70686 2.4132 2.22917 2.1958 2.01945 2.15096 1.78939 1.80387 1.66435 1.53552 1.49976 1.25004 1.13702 1.07635 0.920908 0.788389 0.360193 0.329673 0.328268 0.314519 0.565292 0.0646721
threshold=0.022327792830765251 0.80769231915473949 1.0227915048599245 -0.022336389869451519 -0.045004319399595254 0.012241256423294546 0.039079699665308006 1.3461538553237917 -0.021355023607611653 -0.041831942275166505 0.76843151450157177 0.024877272546291355 -0.021218748763203617 0.036956867203116424 0.0089236693456769007 0.0090851942077279108 0.64652428030967724 -0.015759460628032681 -0.029553119093179699 -0.024300863966345784 -0.025974603369832035 -0.014076946768909691 0.0063332961872220048 0.0073584280908107766 -0.0098069272935390455 -0.40628840029239649 0.002184604294598103 0.080105137079954161 -0.51088741421699513 0.0079243928194046038
decision_type=2 2 2 2 2 2 2 2 2 2 2 2 2 2 2 2 2 2 2 2 2 2 2 2 2 2 2 2 2 2
left_child=1 11 3 6 21 12 16 8 -6 22 -11 18 17 -14 15 -7 -2 -3 29 -8 -20 23 -5 -4 -23 -16 -9 28 -13 -1
right_child=2 5 4 9 7 14 19 26 -10 10 -12 27 13 -15 25 -17 -18 -19 20 -21 -22 24 -24 -25 -26 -27 -28 -29 -30 -31
leaf_value=0 -0.014751148798660843 -0.0045588994148903087 -7.9538396591159865e-05 -0.008818184912403491 0 0.01718232029135271 0.011241501325277029 0.0025003725116577538 0.01664326517114929 0.0071792257555540924 -0.0028698093892097379 -0.00043786138938096383 -0.010566518645245531 0.0032976537478996127 -0.0059825606987689867 -0.00053649673445008931 0 0.011581509955216011 0 -0.0019600603516837321 -0.013355576245748152 0 0.0011840743007478338 0.011014884433315499 -0.0055324359740122463 0.001212183714226622 -0.0046818943170761204 -0.0033752877146179905 0.0083595496659397001 0.0039710422280342991
leaf_weight=0.2803473503445264 21.57151869706286 2.5747595496359281 1.8977685069548913 13.074834250044661 12.326409904373575 12.260448115412148 5.3538317322090734 8.0486347646219638 59.716201940784231 89.305691894493066 17.42026795836864 2.8719944774347814 32.064025017840322 7.1885286120523224 2.9686373611039025 2.5730992541648439 9.1201721121324208 6.8867890195397177 3.0642059476813293 6.9453221368894429 95.056578579504276 7.1232300458359559 5.2070649715169557 6.7676977088558488 13.774606327671789 4.7030420459923317 4.7564611693378529 1.8409780795773247 5.1940872392151496 0.95618090170319192
leaf_count=84 2131 187 94 1218 527 133 118 295 945 4982 830 353 1632 353 204 68 721 202 196 499 13769 231 521 82 500 83 183 347 315 12
internal_value=0 -0.00665965 0.0042979 0.000620534 0.00919434 0 -0.0062105 0.0120134 0.0141795 0.00334902 0.00521544 -0.0108831 -0.00406429 -0.00726386 0.00823846 0.0132357 -0.0109557 0.00505716 -0.0121911 0.00364059 -0.0127729 0 -0.0050383 0.00724975 -0.00310994 -0.000466472 0 0 0.00396225 0.0023932
internal_weight=462.893 180.484 282.41 167.999 114.411 71.2193 42.9908 84.8477 72.0426 125.008 106.726 109.264 48.7141 39.2526 22.5052 14.8335 30.6917 9.46155 99.3573 12.2992 98.1208 29.5633 18.2819 8.66547 20.8978 7.67168 12.8051 9.90706 8.06608 1.23653
internal_count=31815 17938 13877 11020 2857 2862 3469 1950 1472 7551 5812 15076 2374 1985 488 201 2852 389 14061 617 13965 907 1739 176 731 287 478 1015 668 96
is_linear=0
shrinkage=0.03


Tree=48
num_leaves=28
num_cat=0
split_feature=69 65 69 65 63 65 63 11 19 58 65 7 63 61 4 35 61 16 4 44 44 10 59 53 50 50 19
split_gain=14.4353 6.61795 3.52578 3.24686 3.21316 3.05526 2.62811 2.44866 2.55433 2.44881 2.12968 2.13766 2.01738 1.48101 0.645695 0.547168 0.474772 0.427596 0.369291 0.203693 0.144148 0.12673 0.108842 0.0961621 0.0865893 0.0218128 0.016419
threshold=1.0227915048599245 -0.51201376318931568 0.022327792830765251 1.6618211865425112 0.0075011197477579125 1.5498625040054324 -0.0017956485971808431 -0.023658759891986843 0.059407491236925132 -0.014946196228265761 0.18278959393501285 0.0028982833027839665 0.019999338313937191 -0.0045107933692634097 -0.15075161308050153 -0.069901082664728151 -0.0019028601236641405 -0.024678871035575863 0.14933097362518313 -0.00457128882408142 -0.0048331245779991141 -0.020445425063371655 -0.018226411193609234 -0.006437482312321662 -0.0037326328456401821 -0.0026660673320293422 0.021853588521480564
decision_type=2 2 2 2 2 2 2 2 2 2 2 2 2 2 2 2 2 2 2 2 2 2 2 2 2 2 2
left_child=1 12 3 6 5 10 -3 8 -4 -9 16 -12 14 -5 -1 -16 -2 20 22 21 -6 -7 -19 -21 26 -22 -14
right_child=4 2 7 13 17 19 -8 9 -10 -11 11 -13 24 -15 15 -17 -18 18 -20 23 25 -23 -24 -25 -26 -27 -28
leaf_value=0 0.0043048875021082329 -0.0012806037577348546 -0.0083248478718677896 -0.0052483749681095388 0 0 -0.011250207131774947 -0.0079536032879365323 0.0075525741407152991 0.005099956241425182 0 0.016856943510781097 0.0039411104510872069 0.0057092455724097324 0 -0.018037222808009852 -0.0049565995743619988 0 0 0 0 -0.0053138307844385179 -0.0084635059032514819 0.0033181938291099292 0 0.0038176887125178282 0
leaf_weight=1.8336634543375101 6.2597948679758701 50.902941821375862 31.397045751131373 9.5159727392892801 1.1610953786876042 3.5007951079751365 61.936022066249279 8.3853273755812534 5.9985153917514245 113.66840901289834 8.5604137966292893 62.461903013056144 1.5171588113007604 29.183165707654553 0.52196268163970572 30.22019781834388 3.8989391034701821 0.48457407299429256 1.1021717149415051 0.78788783086929459 2.0190592281287527 4.306169199582655 6.3775053001882025 6.0032885676191636 0.57800145167857309 6.7667037621722583 0.45217739642248478
leaf_count=199 241 4616 2684 387 56 111 7023 582 165 6403 334 850 55 761 37 5927 281 10 36 81 48 123 362 195 78 129 41
internal_value=0 -0.00305747 -0.00144578 -0.00469955 0.00904464 0.0111724 -0.00725256 0.00151299 -0.00448002 0.00368932 0.0133368 0.0150616 -0.0146215 0.00203608 -0.0166245 -0.0175161 0 -0.000978977 -0.0054471 0 0.00121686 -0.00340769 -0.00777475 0.00171313 0.00106244 0.00331905 0.00352197
internal_weight=459.801 346.111 310.987 151.538 113.69 95.7792 112.839 159.449 37.3956 122.054 81.1811 71.0223 35.1232 38.6991 32.5758 30.7422 10.1587 17.9111 7.96425 14.5981 9.94686 7.80696 6.86208 6.79118 2.54734 8.78576 1.96934
internal_count=31815 28958 22621 12787 2857 2216 11639 9834 2849 6985 1706 1184 6337 1148 6163 5964 522 641 408 510 233 234 372 276 174 177 96
is_linear=0
shrinkage=0.03


Tree=49
num_leaves=30
num_cat=0
split_feature=69 65 29 62 22 30 41 64 8 5 62 8 8 68 24 17 13 42 17 68 6 32 1 41 5 6 11 37 22
split_gain=13.6556 6.21516 3.9855 3.03207 3.01567 2.74341 2.65377 4.17821 2.6257 1.63796 1.36454 1.3321 1.11661 1.08727 0.732436 0.612191 0.574731 0.588727 0.355593 0.329584 0.270806 0.226616 0.0728897 0.0818842 0.0548706 0.0126299 0.00553198 0.00500156 0.00181611
threshold=1.0227915048599245 -0.48823863267898554 0.010364394634962084 -0.0062966346740722648 -0.038783833384513848 -0.0026398813351988788 -0.015386506915092467 0.57692310214042675 -0.010140158236026762 -0.038747176527976983 -0.0064228009432554236 -0.077224135398864732 -0.023052670061588284 -0.58287850022315968 0.02214339375495911 0.039430893957614906 0.021521694958209995 -0.0036510676145553585 -0.019352745264768597 -0.32040575146675104 -0.098118901252746568 0.016978498548269275 0.19066353887319568 0.0070393532514572152 0.029066678136587146 -0.10294069349765776 0.066255737096071257 0.0014199176803231241 0.0095685631968081015
decision_type=2 2 2 2 2 2 2 2 2 2 2 2 2 2 2 2 2 2 2 2 2 2 2 2 2 2 2 2 2
left_child=1 11 6 18 12 9 8 -8 -3 27 -6 22 -4 -11 15 -13 17 -7 24 -18 -20 -22 25 -24 -2 -1 -26 -5 -16
right_child=3 2 4 5 10 16 7 -9 -10 13 -12 14 -14 -15 28 -17 19 -19 20 -21 21 -23 23 -25 26 -27 -28 -29 -30
leaf_value=0 0 0 -0.0036291233470385235 -0.0008144891839691876 -0.00011257957853223726 0.0088816288503067147 -0.0054842601377721118 0.0032096467324030189 0.012893729860302931 0 -0.012413989911531991 -0.018338513245896609 0.0089425154928228466 0.016486958789726325 -0.00048476307305403334 0 0.00033637151863540212 0 0 -0.0057209035150354902 -0.0087251123640294682 0 0.0037922637411375898 0 0.002680314463551668 -0.0025003871652155146 0 0 0
leaf_weight=0.38601902665686783 1.6013813756289881 24.157642742618918 3.7501826568768584 1.7854349602421269 15.787691775505662 9.6370332778315078 93.205217242852086 92.664005847444059 22.722841149690794 3.3076600534841409 45.793025030798162 26.298309597754272 8.8925318501132988 56.27589285740396 1.9554737955913872 2.781888917219475 7.0863261500198877 10.079477964725813 1.0653642052784551 4.9643610470229724 5.5639758019242418 2.7644348534522578 2.6698608757869811 0.53172029156121414 3.9726160607533529 1.4557635165692762 0.64662821573438112 4.0753383764531463 1.2893952456506665
leaf_count=16 78 1255 234 71 1451 140 9172 3499 1222 140 4655 5146 503 831 503 424 273 303 29 280 360 67 170 70 131 217 52 102 421
internal_value=0 -0.00297876 -0.00135969 0.00883171 -0.00719996 0.0107776 0.000488834 -0.00102225 0.00657928 0.0141995 -0.0099561 -0.0138409 0.00354133 0.0155803 -0.015798 -0.017108 0.00193994 0.00502764 -0.00150343 -0.00134538 -0.00497692 -0.00671087 0 0.00211266 0.000948646 -0.00205859 0.00248668 0 0
internal_weight=457.167 344.342 306.973 112.826 74.2234 97.2115 232.75 185.869 46.8805 65.4443 61.5807 37.3684 12.6427 59.5836 32.3251 29.0802 31.7672 19.7165 15.6144 12.0507 9.39377 8.32841 5.04336 3.20158 6.22063 1.84178 4.61924 5.86077 3.24487
internal_count=31815 28958 21991 2857 6843 2140 15148 12671 2477 1144 6106 6967 737 971 6494 5570 996 443 717 553 456 427 473 240 261 233 183 173 924
is_linear=0
shrinkage=0.03


Tree=50
num_leaves=31
num_cat=0
split_feature=69 69 65 67 34 47 62 41 30 65 30 58 22 7 46 65 58 0 25 27 2 57 5 54 30 42 68 15 5 27
split_gain=13.3298 4.63488 4.47966 3.21232 3.04007 2.82298 2.76837 2.68814 2.52377 2.49018 2.44983 2.40691 1.80565 1.73362 1.57454 1.56426 1.55962 1.33822 1.31485 1.26314 1.10213 0.979098 0.888497 0.743423 0.678275 0.472956 0.304552 0.196772 0.100779 0.0758524
threshold=0.022327792830765251 1.0227915048599245 0.68672510981559765 -0.47551612555980677 0.0058083483017981061 0.012241256423294546 -0.0062966346740722648 -0.014059863984584807 -0.0070971588138490907 0.062406634911894805 -0.0026398813351988788 -0.0080659501254558546 -0.021218748763203617 0.020109653472900394 -0.0075095370411872855 0.71879073977470409 -0.0012489147484302519 0.15780777484178546 -0.019365027546882626 -0.034613952040672295 0.30332534015178686 -0.0055510764941573134 0.098312962800264372 -0.0089344941079616529 -0.00077970931306481351 0.010354337282478811 -0.043055748566985123 -0.013465709984302519 0.054881045594811446 -0.0009379349648952483
decision_type=2 2 2 2 2 2 2 2 2 2 2 2 2 2 2 2 2 2 2 2 2 2 2 2 2 2 2 2 2 2
left_child=2 3 7 9 8 12 26 17 -5 22 14 -6 18 25 -8 -14 -11 23 -4 27 -21 -12 -2 -1 -19 -7 28 -9 -3 -28
right_child=1 6 5 4 11 13 10 19 -10 16 21 -13 15 -15 -16 -17 -18 24 -20 20 -22 -23 -24 -25 -26 -27 29 -29 -30 -31
leaf_value=0 -0.015351328261427821 -0.0001342386772814418 -0.0043794171721617927 0.0059299340343802803 -0.0015955347585282977 0.0025513229639541253 0 0.0043597129974817673 -0.0046558077275811616 -0.0054428954448102118 -0.0047051377365652054 0.012580164118168754 0.0040246007372115632 0.013895992221133888 0.014869512685571303 -0.0093712371191236737 0.0063122031428348591 0 0.01055700082973794 -0.013919601238713376 0 0.0050698498827629291 0 -0.010283775388895314 0.010282831949732339 -0.0064852600503009011 -0.0068016765408384127 -0.0022699853815984798 0.0029441627901577567 0
leaf_weight=4.0691398103081156 14.345966716311525 5.3687955353525449 2.4170861928141676 28.920565964072011 8.5786803673545347 8.6032579965540226 3.5196084757335475 2.5421178107062588 44.759430095582502 16.396916753059489 5.9405356185161535 34.846063867691555 3.2395045367884441 10.838675912527831 61.657605837681331 36.864197486749617 14.319718300423117 3.6497448555019218 6.726266956800826 76.943914781571948 2.8464725464000358 25.702115471474826 2.8656161094258996 7.3797133051120927 6.1096562985621841 3.0153166968084397 3.0521542663918808 1.5481291866162781 5.4422731965314597 1.6000829677213904
leaf_count=402 2283 235 159 1505 415 204 184 191 3261 819 247 1710 89 157 960 1977 804 561 225 11981 153 749 223 1124 347 131 169 237 216 97
internal_value=0 0.00407985 -0.00633581 0.000621051 0.00343214 -6.55491e-05 0.00866457 -0.0101443 -6.65507e-06 -0.00535597 0.010519 0.00928461 -0.00438451 0.00738672 0.0137775 -0.00729782 0 0 0.00433502 -0.0124372 -0.0132496 0.00202437 -0.0130099 -0.00623839 0.00618303 0 -0.00121384 0 0 -0.00561436
internal_weight=454.109 277.316 176.793 165.033 117.105 71.7043 112.283 105.089 73.68 47.9282 96.8199 43.4247 49.2471 22.4573 65.1772 40.1037 30.7166 21.2083 9.14335 83.8806 79.7904 31.6427 17.2116 11.4489 9.7594 11.6186 15.4633 4.09025 10.8111 4.65224
internal_count=31815 13877 17938 11020 6891 2942 2857 14996 4766 4129 2140 2125 2450 492 1144 2066 1623 2434 384 12562 12134 996 2506 1526 908 335 717 428 451 266
is_linear=0
shrinkage=0.03


Tree=51
num_leaves=31
num_cat=0
split_feature=69 69 65 20 67 55 47 7 41 18 27 65 12 42 22 17 8 0 29 7 37 60 9 30 9 62 26 13 36 60
split_gain=12.5645 4.41293 4.35939 2.99037 2.94688 3.03137 2.51445 2.511 2.39104 2.34099 2.27263 1.97562 1.77589 1.67884 1.59956 1.49329 1.38116 1.24589 1.18798 0.997248 0.978264 0.908267 0.712685 0.644665 0.587561 0.466792 0.26356 0.246178 0.182779 0.179968
threshold=0.022327792830765251 1.0227915048599245 0.68672510981559765 -0.0078525450080633146 -0.47551612555980677 0.011925073340535166 0.012241256423294546 0.0028982833027839665 -0.014059863984584807 -0.050977379083633416 0.0091764070093631762 1.5498625040054324 0.0089236693456769007 0.0078012086451053628 -0.045801481232047074 0.0090851942077279108 -0.059903241693973534 0.15780777484178546 -0.0079736318439245207 0.1360440403223038 -0.020450275391340252 0.014883098192512991 0.10415673255920412 -0.00077970931306481351 -0.03968419507145881 -0.0026667285710573192 0.013943184167146684 -0.0026707574725151058 0.0048765540122985849 -0.0048402789980173102
decision_type=2 2 2 2 2 2 2 2 2 2 2 2 2 2 2 2 2 2 2 2 2 2 2 2 2 2 2 2 2 2
left_child=2 4 8 28 9 10 13 26 17 24 -6 -9 15 18 -7 -8 25 22 -4 -18 -15 -11 -1 -19 -2 -10 -5 -14 29 -3
right_child=1 3 6 7 5 14 12 11 16 21 -12 -13 27 20 -16 -17 19 23 -20 -21 -22 -23 -24 -25 -26 -27 -28 -29 -30 -31
leaf_value=-0.0096514483862911067 -0.00010697147566454541 0 -0.0063673210687333918 -0.0038715240850735644 0.0077060441273036802 0.0026950889621186044 0.015870601051452868 0.014017083514079369 0.0018699210810383311 -0.0097331128362710424 -0.001433153992487823 0 0 0 -0.012840283284315144 -9.37791972761403e-05 -0.014527763818866436 0 0.0038060610873565212 0 -0.013309239504616641 0.00017871161230248521 7.953684625628249e-05 0.0097930993811351855 0.0090815810840468771 -0.0055590459763658669 0.0022091462295982622 -0.0056803052932155994 0 -0.0059276394862359319
leaf_weight=8.7353260509407864 1.5546663746936245 3.5136954298941419 11.611781587853327 7.0610118836630118 78.172531312709907 3.1527290644589803 11.978009744110752 71.457356632803567 6.9517064792598831 36.519220431204303 25.597322638030164 9.5362709987675753 5.3570387080544615 1.2348730393860012 9.8769713355577533 2.4604195020510806 66.509251011273591 3.6172944290156011 22.31543989336933 1.5980076709674893 13.626288337720323 3.0511499252461354 2.5584465155843636 6.0882535483688098 6.2305498626665203 7.8316881914506649 6.5616906234063208 2.5133701810555049 8.5630193841352575 5.33795380278025
leaf_count=1318 186 210 613 398 4011 92 136 1117 634 3503 1988 185 120 65 800 65 10853 561 986 179 786 228 208 347 212 896 208 171 418 321
internal_value=0 0.00396173 -0.00618924 0.00843655 0.000571345 0.0032679 0 0.0105008 -0.00996742 -0.00518345 0.00521358 0.0124102 0.00704403 -0.00410861 -0.0077124 0.0122825 -0.0121479 0 0 -0.0139343 -0.011036 -0.00836144 -0.00625789 0.00573233 0.00557597 -0.000959552 0 -0.00127326 -0.00128082 -0.0038119
internal_weight=451.173 276.186 174.987 112.031 164.155 116.8 71.0972 94.6163 103.89 47.3556 103.77 80.9936 22.3088 48.7884 13.0297 14.4384 82.8907 20.9993 33.9272 68.1073 14.8612 39.5704 11.2938 9.70555 7.78522 14.7834 13.6227 7.87041 17.4147 8.85165
internal_count=31815 13877 17938 2857 11020 6891 2942 1908 14996 4129 5999 1302 492 2450 892 201 12562 2434 1599 11032 851 3731 1526 908 398 1530 606 291 949 531
is_linear=0
shrinkage=0.03


Tree=52
num_leaves=29
num_cat=0
split_feature=69 65 5 15 58 31 65 47 30 47 59 6 10 69 50 49 0 30 21 2 21 4 43 49 37 59 54 1
split_gain=11.7228 7.09799 5.24425 3.6637 3.76528 3.43584 3.07746 2.96937 2.57309 2.11544 1.65177 1.6143 1.50354 1.37101 1.22466 1.22176 1.06928 0.995872 0.823406 0.539048 0.470995 0.46185 0.37686 0.248265 0.184053 0.11997 0.134124 0.0989451
threshold=0.30251418054103857 0.6706797480583192 -0.038747176527976983 -0.032935433089733117 -0.0036712214350700374 -0.011743608862161635 0.24147664755582812 -0.011622995138168333 0.012279428541660311 0.011828572489321234 -0.00037302635610103602 -0.14567397534847257 -0.027185760438442227 -0.23336618393659589 -0.021321494132280346 0.0059916228055953988 0.25087073445320135 -0.0086088599637150747 0.047076016664505012 -0.088848888874053941 -0.035641513764858239 -0.021106574684381482 0.031512478366494186 -0.015339234843850134 -0.034984206780791276 -0.0016656946390867231 0.0067977607250213632 -0.077651917934417711
decision_type=2 2 2 2 2 2 2 2 2 2 2 2 2 2 2 2 2 2 2 2 2 2 2 2 2 2 2 2
left_child=1 11 12 6 17 -6 21 -8 9 10 -3 25 20 14 -13 -11 -15 -5 19 -14 23 -4 24 -2 -10 -1 -27 -22
right_child=2 8 3 4 5 -7 7 -9 22 15 -12 13 18 16 -16 -17 -18 -19 -20 -21 27 -23 -24 -25 -26 26 -28 -29
leaf_value=0 0 -0.006467735739152632 0.0017763680728723828 -0.0098570176670264333 -0.0058475408603926114 0.0088439528340881774 0 0.017243654785418075 0 0.011860559563208965 0.0033314620711207329 0 0 -0.006678783301773049 -0.014427085529702769 0 0.0019634074690820804 0 0 -0.014122534947363983 0 -0.0066318172657717014 0 0.0084225289732602071 -0.011814010243841024 0.0054363758707792007 0 -0.0039360535219243051
leaf_weight=1.8089044921798629 1.216324201057432 19.267806424992159 3.6970141258498188 11.565638773026874 11.07935955855646 79.095398637669859 6.7492520159285041 49.961281772062648 0.35847406921675329 23.533311368839353 37.476262490643421 6.4675986538059069 1.1887078901054362 53.288190332052181 59.545176881336374 6.6520606758422209 7.8533033299609079 23.462166137382155 3.6506931121111839 13.668045143131165 0.81036727596074376 4.281316961743868 1.1067212409980118 3.9744683798926417 9.052656898275016 3.6003823332139282 0.67680217322777014 2.9091800586611516
leaf_count=202 56 1078 314 655 868 3184 200 813 23 373 1519 664 206 7002 9553 217 885 1057 79 1124 38 363 39 88 576 175 86 378
internal_value=0 -0.00466139 0.00494191 0.00678895 0.00323146 0.0065113 0.012518 0.0148835 0.00121457 0.00331525 0 -0.00906437 -0.00599903 -0.00983603 -0.0131781 0.00910091 -0.00505066 -0.00422123 -0.0103065 -0.0127701 0.00127994 -0.00124075 -0.00968818 0.00636762 -0.0111626 0.00151644 0.00379295 -0.00195958
internal_weight=447.997 230.688 217.309 189.891 125.203 90.1748 64.6889 56.7105 97.4473 86.9294 56.7441 133.24 27.4178 127.154 66.0128 30.1854 61.1415 35.0278 18.5074 14.8568 8.91034 7.97833 10.5179 5.19079 9.41113 6.08609 4.27718 3.71955
internal_count=31815 22392 9423 7454 5764 4052 1690 1013 3825 3187 2597 18567 1969 18104 10217 590 7887 1712 1409 1330 560 677 638 144 599 463 261 416
is_linear=0
shrinkage=0.03


Tree=53
num_leaves=26
num_cat=0
split_feature=64 7 67 28 43 21 51 51 40 12 7 27 56 28 52 52 32 35 19 40 36 37 53 36 28
split_gain=7.86831 6.86248 3.66235 3.59653 3.33333 3.09668 3.01101 2.61833 2.50712 1.9362 1.65097 1.55982 0.89187 0.772665 0.753218 0.70329 0.56959 0.564406 0.525925 0.623644 0.464604 0.438387 0.40256 0.38648 0.0636405
threshold=-0.34615385532379145 0.049467988312244422 0.5255594551563264 -0.0050830915570259086 0.0077506785746663817 0.020551405847072605 -0.010147534310817717 -0.010875463485717772 0.021343938075006012 0.0014812815934419634 -0.042402088642120354 -0.0035590417683124538 -0.02101692650467157 0.06038037687540055 0.016843128949403766 0.002754377201199532 0.0067985784262418756 -0.019731614738702771 -0.017034620046615597 -0.010995356366038321 -0.031533885747194283 -0.031924897804856293 -0.0079461550340056402 -0.025468479841947552 -0.01373076857998967
decision_type=2 2 2 2 2 2 2 2 2 2 2 2 2 2 2 2 2 2 2 2 2 2 2 2 2
left_child=9 3 4 5 7 8 11 -3 -2 13 -8 -5 -7 20 23 18 -6 -17 24 -20 -1 -22 -19 -4 -11
right_child=1 2 14 6 16 12 10 -9 -10 15 -12 -13 -14 -15 -16 17 -18 22 19 -21 21 -23 -24 -25 -26
leaf_value=0 0.0058122422444796245 -0.0020022224288578092 0 0.0074391258109788947 -0.0053721700637698721 0.0003928877854945118 -0.012755356414155844 0.013516326229027469 -0.0074739994895821893 0 -0.003455845859294569 -0.0038422031408514084 -0.0099332606423446768 0 0.00031817417135683211 0 0.0028777527637086457 0 -0.0008377779159960795 0.0080011888506361564 0 -0.015833077074645284 -0.011783789817245141 -0.012530808939614134 -0.0046251187533152922
leaf_weight=0.64931981677363992 112.02125919936225 6.0589589510636861 0.7006599474698304 21.730128577270079 10.33030998260074 3.2771918674698126 28.423303659612429 76.878350326514919 8.162626715784425 1.2332306279422485 79.306846073493944 10.864998274759271 15.443399241208679 0.80644315967219782 1.3930490042839663 1.762112788041122 5.9455089734983622 1.7283097289910072 2.4327091894520008 9.8562327328982029 0.62194108020048133 31.916825239633912 6.1732312015228654 5.5266191293339935 2.4848834135627884
leaf_count=103 5677 331 102 702 771 122 2406 2064 538 176 5651 821 1107 70 70 98 212 167 384 1033 85 6851 942 928 404
internal_value=0 0.00160295 0.0079107 -0.000801551 0.00963116 0.00244579 -0.004196 0.0119921 0.00440774 -0.00969387 -0.00663245 0.00286985 -0.00715908 -0.0140945 -0.00705314 -0.00154049 -0.000980388 -0.00681589 0.0010805 0.00477997 -0.0148681 -0.015363 -0.00960072 -0.0107815 -0.00343452
internal_weight=445.728 386.063 106.833 279.23 99.2131 138.904 140.325 82.9373 120.184 59.6652 107.73 32.5951 18.7206 33.9945 7.62033 25.6707 16.2758 9.66365 16.0071 12.2889 33.1881 32.5388 7.90154 6.22728 3.71811
internal_count=31815 21502 4478 17024 3378 7444 9580 2395 6215 10313 8057 1523 1229 7109 1100 3204 983 1207 1997 1417 7039 6936 1109 1030 580
is_linear=0
shrinkage=0.03


Tree=54
num_leaves=31
num_cat=0
split_feature=69 64 7 31 51 41 48 64 47 5 12 8 59 54 41 8 45 2 8 54 62 46 5 31 8 28 62 49 49 15
split_gain=10.859 4.6025 4.0485 5.21841 3.15146 2.93499 2.72851 2.13605 2.11419 1.43729 1.37807 1.35701 1.34354 1.31041 1.16506 1.1411 1.1076 1.06497 1.05337 0.953894 0.867186 0.826425 0.719658 0.708926 0.617499 0.497698 0.377731 0.365984 0.262191 0.149964
threshold=0.022327792830765251 0.80769231915473949 -0.0036754757165908809 -0.025438837707042691 0.010595037136226894 -0.014059863984584807 0.011402964591979982 0.34615385532379156 0.012241256423294546 0.063955787569284453 0.0089236693456769007 0.049468085169792182 -0.00037302635610103602 0.0046692118048667916 0.0029403418302536015 -0.059903241693973534 -0.02590852044522762 0.30332534015178686 0.0056085214018821725 0.024367658421397213 0.0010790117084980013 -0.013776432722806929 0.07115423679351808 -0.0010047182440757749 0.14241408556699756 0.0007960139773786069 -0.0026667285710573192 -0.020626164972782132 0.0095541290938854235 -0.017946183681488034
decision_type=2 2 2 2 2 2 2 2 2 2 2 2 2 2 2 2 2 2 2 2 2 2 2 2 2 2 2 2 2 2
left_child=1 5 7 22 6 18 -5 9 12 24 19 -6 16 21 -15 26 -3 -17 28 -10 -20 -9 27 -14 -2 -11 -7 -4 -1 -12
right_child=2 8 3 4 11 15 -8 13 10 25 29 -13 23 14 -16 17 -18 -19 20 -21 -22 -23 -24 -25 -26 -27 -28 -29 -30 -31
leaf_value=-0.00798540918416751 -0.012609645104478973 0.00057529708749296676 0 0.010725408952317177 -0.0089240899280176016 0.00082554019751950513 0 0.0033503204310060589 0.014105171274940329 0.0055230622255972991 0 0.0043365925237184178 0.003428021093619497 0.01054916019188543 0 -0.014579882892107144 -0.012162763085841091 0 0.0094949675742353398 0 -0.00095652205662407003 -0.0047926176368358036 0 -0.0048416485251802106 0 -0.0039326836359406658 -0.0054304531471967938 -0.012648893521303276 0 -0.0042688252147462819
leaf_weight=6.6229512080317381 18.529272201019928 2.3619397734582916 1.0858894028351631 132.70936060827808 10.097251580038572 7.2950048238999443 19.481991908542113 9.6005223982210719 12.245302392111627 5.8644934788753726 5.2764884426433136 5.3402578116510986 21.355485997133659 15.622753622999882 11.274669332953634 64.14674482436385 13.747396819875574 2.6432915221957947 8.4737700305413437 2.0461440119543104 4.3923460877704192 24.706735223793657 4.7690384007873936 9.0059697745891736 1.2310217474005174 2.5343481328163762 7.6117169565259228 9.1051131611166038 1.7705113827687453 2.4456562358245701
leaf_count=1003 2650 125 33 4856 968 653 1278 317 168 273 126 343 726 482 506 10919 962 150 672 33 568 1106 132 561 116 271 899 546 212 161
internal_value=0 -0.00581678 0.00370575 0.00624156 0.00788204 -0.00967825 0.00922795 -0.00121371 0 -0.00755354 0.00702464 -0.00293029 -0.00332712 0.00160017 0.00625114 -0.0121287 -0.00918005 -0.0138346 0 0.0115478 0.00497864 -0.00161437 -0.00800695 0 -0.0113425 2.79924e-05 -0.0014235 -0.0112639 -0.00614157 -0.000236845
internal_weight=443.393 171.441 271.953 182.589 167.629 102.956 152.191 89.3638 68.4844 28.1591 22.0136 15.4375 46.4708 61.2047 26.8974 81.6968 16.1093 66.79 21.2596 14.2914 12.8661 34.3073 14.96 30.3615 19.7603 8.39884 14.9067 10.191 8.39346 7.72214
internal_count=31815 17938 13877 8156 7445 15076 6134 5721 2862 3310 488 1311 2374 2411 988 12621 1087 11069 2455 201 1240 1423 711 1287 2766 544 1552 579 1215 287
is_linear=0
shrinkage=0.03


Tree=55
num_leaves=30
num_cat=0
split_feature=69 5 4 9 63 27 7 56 15 1 69 62 56 33 36 52 37 10 41 18 7 46 58 40 41 4 49 55 5
split_gain=10.2957 4.41044 3.90283 3.25304 3.05268 3.61812 3.83394 2.19175 2.07311 2.05903 2.056 2.75939 2.63417 2.03787 1.95238 1.79688 1.04085 0.939619 0.930448 0.871942 0.803727 0.716667 0.67058 0.489486 0.305441 0.242649 0.209611 0.190865 0.148799
threshold=0.30251418054103857 -0.038747176527976983 -0.15075161308050153 -0.0039038062095642086 0.0062291808426380166 0.00062064081430435192 -0.034077808260917657 0.0026772785931825642 0.056191470474004752 0.017061769962310794 -0.23336618393659589 -0.022057820111513134 0.0074199866503477105 -0.020582415163516995 0.0047793984413146981 -0.0024288743734359737 0.042473491281270988 -0.020828340202569958 -0.015547238290309904 -0.0051597654819488517 0.12214550375938417 -0.00056744739413261403 0.00081623345613479625 0.021343938075006012 0.024033147841691974 -0.15806098282337186 0.0099901966750621813 0.0081873210147023218 0.012529782950878145
decision_type=2 2 2 2 2 2 2 2 2 2 2 2 2 2 2 2 2 2 2 2 2 2 2 2 2 2 2 2 2
left_child=2 14 7 8 5 6 -3 22 13 -7 11 -5 -12 -4 16 21 24 27 -10 -9 -17 -6 28 -21 -2 -24 -19 -16 -1
right_child=1 4 3 10 15 9 -8 19 18 -11 12 -13 -14 -15 17 20 -18 26 -20 23 -22 -23 25 -25 -26 -27 -28 -29 -30
leaf_value=0 -0.015596628170599957 -0.00023109584065989327 0 0.0083020666814850735 0.0080653920671845923 -0.0063129429695962715 0.014602879072197558 0 0.0073979739061858863 0.0052013629961930883 0.0037858904932845531 -0.0095530540852690558 -0.008891468446232044 -0.014276723916691471 0.0095140655122105833 -0.0090570444352375407 0 -0.0057908217950824329 -0.0055963053397067352 0.014171126183717556 0 0 -0.0093160677340662391 0 0 0 0 0 0.0035225274645346058
leaf_weight=1.8329896263312564 10.930633804266108 14.428228508564642 8.0240209790354111 3.5027047315379596 14.6730855088681 14.02797659911448 75.312117734865751 1.5605045330739837 5.3388372076733503 39.771749705003458 57.27412772065145 43.714408787083812 13.930066195229299 59.924840003382997 5.2477605502936058 15.79485766545986 2.5380190523865158 4.2504670551134023 3.6708344561629911 13.866779175645204 5.1721314153692211 8.4547249500465096 5.581084927311168 1.1773180061718438 0.80610059297760095 0.58866576390573566 2.3560425881296396 0.75514032706269052 6.7016584622615483
leaf_count=118 1181 625 1180 47 478 805 1996 126 122 2061 4297 4929 1259 8768 154 964 47 311 580 296 175 350 388 56 64 41 149 63 185
internal_value=0 0.00465562 -0.00441108 -0.00604488 0.0063589 0.00842231 0.0120149 0.00438662 -0.0107852 0.00140735 -0.0024091 -0.00698586 0.000491403 -0.0125005 -0.00542428 0 -0.0117554 0.00134206 0 0.010893 -0.00615098 0.00475041 -0.00233784 0.0129247 -0.0146668 -0.00791605 -0.00323616 0.00828812 0.000912807
internal_weight=441.208 214.519 226.689 195.38 187.635 143.54 89.7403 31.309 76.9585 53.7997 118.421 47.2171 71.2042 67.9489 26.8842 44.0948 14.2748 12.6094 9.00967 16.6046 20.967 23.1278 14.7044 15.0441 11.7367 6.16975 6.60651 6.0029 8.53465
internal_count=31815 9423 22392 21182 7454 5487 2621 1210 10650 2866 10532 4976 5556 9948 1969 1967 1292 677 702 478 1139 828 732 352 1245 429 460 217 303
is_linear=0
shrinkage=0.03


Tree=56
num_leaves=31
num_cat=0
split_feature=69 64 69 67 31 18 62 63 41 18 51 47 9 21 29 12 66 8 8 15 15 29 62 9 36 63 58 60 18 34
split_gain=10.1945 4.09414 3.38507 2.69425 2.69227 2.94431 2.6007 2.55154 2.53994 2.33851 1.99988 1.94344 1.4556 1.4076 1.22298 1.20567 1.02898 0.941307 0.845173 0.838932 0.82428 0.795259 0.771282 0.623165 0.316907 0.252485 0.226998 0.21122 0.158907 0.167706
threshold=0.022327792830765251 0.80769231915473949 1.0227915048599245 -0.47551612555980677 -0.01981762237846851 -0.034287199378013604 -0.0062966346740722648 0.009280418977141382 -0.013782694935798643 -0.048458248376846307 -0.0070649171248078338 0.012241256423294546 0.097688674926757826 0.039707474410533912 -0.0079736318439245207 0.0046181026846170434 -0.94151067733764637 0.0056085214018821725 0.11469153314828874 -0.035408593714237206 0.043224819004535682 0.007926886901259424 0.0010790117084980013 -0.03968419507145881 0.0059620738029479989 -0.01196162775158882 0.0019902102649211888 0.0050977533683180818 0.074021995067596449 0.015581044368445875
decision_type=2 2 2 2 2 2 2 2 2 2 2 2 2 2 2 2 2 2 2 2 2 2 2 2 2 2 2 2 2 2
left_child=1 8 3 9 12 -6 28 10 17 23 -8 14 -5 18 19 16 -13 24 -10 -3 -11 -16 -19 -2 -1 -17 -15 -9 29 -4
right_child=2 11 6 4 5 -7 7 27 13 20 -12 15 -14 26 21 25 -18 22 -20 -21 -22 -23 -24 -25 -26 -27 -28 -29 -30 -31
leaf_value=-0.00880101872738814 -0.00046680036106303712 0 -0.0050134701021491025 -0.009397114155121903 -0.0057865550092511967 0.0076702956318691643 0.00021507296744863188 -0.0042905267472817185 -0.013394160043632627 -0.010405572183868912 0.013632841158409017 0.014304408667649851 0.0031548225464926643 -0.0023586836092315384 0.0039520072868459242 0.0014543100801305971 0 0.0087084123226003618 0 -0.011573970105244132 0 -0.0044855799747019094 -0.00094711081324186375 0.0090454338181125728 0 -0.0050930317376200428 0.0045110420466737446 8.9157467823666376e-05 0 0
leaf_weight=5.2140705825877394 1.6013121561263686 1.7525955381279352 9.7453019391978142 15.819731575698826 11.192694305675102 81.725791813107207 17.291740411659703 6.2946037170768232 70.936508591315942 29.337951161112869 64.3197991954803 10.549674328329273 6.021093762246891 2.4733866547321659 18.041707411466636 5.9861510231276043 2.3911295836442177 8.5388005412678449 3.2476881673937887 13.172185964795059 8.7972941664484079 12.686453091737347 4.6435502381791585 6.7012871981132758 3.0837955356109887 2.86463412636658 2.9962922561826417 5.8018530963454396 2.2745139041217035 3.1219603682402512
leaf_count=899 195 54 470 997 1102 4636 440 278 11646 3014 1326 143 156 317 711 77 39 691 378 819 681 790 593 239 352 229 200 96 96 151
internal_value=0 -0.00569269 0.00359258 0.000572229 0.00317835 0.00553024 0.0075804 0.00944527 -0.00936577 -0.00496782 0.0113128 0 -0.004876 -0.0117038 -0.00337967 0.00660987 0.0112128 0 -0.0127452 -0.00918038 -0.00830633 0 0.00433211 0.00546974 -0.00616823 0 0 -0.00102341 -0.00195103 -0.00350648
internal_weight=438.626 168.579 270.047 161.197 114.759 92.9185 108.85 93.708 101.134 46.4378 81.6115 67.4445 21.8408 79.6539 45.6529 21.7916 12.9408 21.4802 74.1842 14.9248 38.1352 30.7282 13.1824 8.3026 8.29787 8.85079 5.46968 12.0965 15.1418 12.8673
internal_count=31815 17938 13877 11020 6891 5738 2857 2140 15076 4129 1766 2862 1153 12541 2374 488 182 2535 12024 873 3695 1501 1284 434 1251 306 517 374 717 621
is_linear=0
shrinkage=0.03


Tree=57
num_leaves=30
num_cat=0
split_feature=69 65 11 29 3 1 51 38 66 11 36 51 12 29 32 51 17 32 52 12 57 56 17 17 50 6 6 20 60
split_gain=9.70482 5.19234 2.9118 2.88361 2.7024 2.34223 2.27181 1.94335 1.86932 1.83594 1.70767 1.67843 1.16626 1.09789 0.827525 0.764461 0.491067 0.443758 0.394469 0.324303 0.313224 0.24406 0.156442 0.136205 0.0968091 0.0819568 0.0814952 0.0354555 0.0323309
threshold=1.0227915048599245 -0.31679368019103998 -0.045004319399595254 0.010140586644411089 0.060536943376064307 0.3741189986467362 0.010595037136226894 -0.012543968856334685 0.11103397607803346 0.02610888704657555 -0.0079554617404937727 -0.0070649171248078338 -0.010540178976953028 -0.036520523950457566 0.0067985784262418756 -0.015787645243108269 0.0030438383109867577 0.018795654177665714 -0.011519148945808409 0.1121826469898224 -0.0037992019206285472 0.0023563150316476826 -0.022092469036579129 0.072138160467147841 -0.014579867944121359 0.20313841849565509 -0.16488879919052121 0.0097622685134410876 -0.0081579443067312223
decision_type=2 2 2 2 2 2 2 2 2 2 2 2 2 2 2 2 2 2 2 2 2 2 2 2 2 2 2 2 2
left_child=1 9 14 4 10 7 8 -5 22 13 -3 -10 -6 27 18 -15 26 20 -2 23 -16 -18 -4 -8 -20 -7 -11 -1 -19
right_child=2 3 6 5 12 25 19 -9 11 16 -12 -13 -14 15 17 -17 21 28 24 -21 -22 -23 -24 -25 -26 -27 -28 -29 -30
leaf_value=0 0 0.006303013425810338 0.0011373026597796621 0 0 0.0082244660858729318 -0.0078663740941810386 -0.010742540743736744 0.0007849652526203065 0 2.196034869746791e-05 0.015517731991396689 -0.012090130239571796 0 0 -0.016684876372222109 0.0051323337562415808 -0.001989886974422777 0 0 0.0082876007289919146 0 -0.0039265184565081511 0 -0.0094265915740086564 0 -0.0062575160237147215 0.00228134360547789 0
leaf_weight=1.4470020837034092 1.9144437115755879 58.269404263512115 3.6555377786862664 19.029591574246297 4.5241803359822397 3.7929827618354457 3.1027157589851408 45.865195480248076 13.525743846257681 0.14491092666867089 127.53502386317996 54.293121213209815 13.529757345822871 4.7115665508608755 1.7160675214836372 31.193930473891673 6.9262027901713719 2.3485808224068023 1.0808514333912187 1.5400872368481939 7.5969299211865309 2.3600566237291787 3.4061791447456917 0.54653641948243592 6.287274504429659 1.0338811502442693 5.7469642013020348 1.1311846820026401 6.965567817562258
leaf_count=172 59 3303 114 1313 548 96 301 4547 415 10 6877 890 1864 688 73 6661 755 62 36 44 125 391 158 28 395 94 1579 60 157
internal_value=0 -0.00258285 0.00759546 -0.000714318 0.000986975 -0.00582338 0.0103645 -0.00767849 0.011786 -0.0107248 0.00226252 0.0132471 -0.00848273 -0.0138986 0 -0.0151493 0 0.00279009 -0.0062664 -0.00292099 0.00638388 0.00257181 0 -0.00661792 -0.00860526 0.00728143 -0.00564815 0 0
internal_weight=435.221 327.242 107.98 273.58 203.858 69.7217 80.0699 64.8948 74.8806 53.6618 185.804 67.8189 18.0539 38.4837 27.9097 35.9055 15.1781 18.6271 9.28257 5.18934 9.313 9.28626 7.06172 3.64925 7.36813 4.82686 5.89188 2.57819 9.31415
internal_count=31815 28958 2857 18642 12592 6050 1950 5860 1577 10316 10180 1305 2412 7581 907 7349 2735 417 490 373 198 1146 272 329 431 190 1589 232 219
is_linear=0
shrinkage=0.03


Tree=58
num_leaves=30
num_cat=0
split_feature=69 64 7 45 43 46 65 5 41 34 24 47 38 27 2 17 29 2 26 8 2 29 32 17 8 2 44 5 21
split_gain=9.68736 4.10194 3.74387 3.17711 3.21231 3.45452 2.29495 2.12007 2.05321 1.99902 3.04552 1.95442 1.91766 1.19008 1.16127 1.12763 1.08669 0.991507 0.959599 0.942953 0.941789 0.819518 0.533269 0.526605 0.498237 0.276963 0.255195 0.143482 0.038079
threshold=0.022327792830765251 0.80769231915473949 0.049467988312244422 0.016590728424489502 0.0077506785746663817 0.014341901987791063 0.051765551790595062 0.054881045594811446 -0.015386506915092467 0.0066897240467369565 0.0028577148914337163 0.012241256423294546 -0.023324884474277493 -0.034613952040672295 0.30332534015178686 0.045192405581474311 -0.0079736318439245207 0.071840271353721633 -0.00080880522727966298 0.12550949305295947 0.047631807625293739 -0.0075672436505556098 0.0067985784262418756 -0.0051345871761441222 0.0033739805221557622 0.31504885852336889 0.024574354290962223 -0.047940760850906365 0.055397056043148048
decision_type=2 2 2 2 2 2 2 2 2 2 2 2 2 2 2 2 2 2 2 2 2 2 2 2 2 2 2 2 2
left_child=1 8 6 4 5 -4 7 19 21 10 -8 16 -11 27 -15 17 20 -13 -18 -2 -3 24 -6 -9 -1 28 -23 -10 -5
right_child=2 11 3 25 22 -7 9 23 13 12 -12 15 -14 14 -16 -17 18 -19 -20 -21 -22 26 -24 -25 -26 -27 -28 -29 -30
leaf_value=0 -0.013353178929659797 0 0.014273855682298046 -0.0094702314373362496 -0.0058045120804122744 -0.0018529556128761156 0.0047312670001962535 -0.0015437792948719499 0.0041898079137743325 -0.0058161730891596397 -0.005687898241198616 0 0.0089587087192031217 -0.012843161344018725 0 -0.0030738427384727689 0.0053885477102203049 0.011796832742523671 -0.0039155218135938329 0 -0.012071743769152854 -0.0073651391782906389 0.0024330134815789936 0.0067459742503949063 0.0079099777815180329 0 0 -0.00098961956608947018 0
leaf_weight=2.7333438451314596 17.434232195388184 3.3491744556813492 68.378101337424596 3.6357460832514326 9.1401906580722407 9.2241446996194991 46.929970291210338 4.4781691239331849 1.9587373805989043 3.2603546775644636 43.792913689481793 2.625727651990025 45.605326192016946 73.848862577477121 3.0638291077339082 1.9085880832280953 12.866397305595457 16.995603778108489 17.494017839955632 1.5506179063231673 11.232646038697565 6.8385035086539556 4.0274519474187391 6.3173368296120298 7.3621614683506778 2.3388775295461528 1.5659287246817255 2.1242143538256633 0.41807466218597245
leaf_count=323 2764 242 2336 314 756 367 1961 372 119 177 2494 142 1524 12322 168 83 562 263 939 143 631 1207 211 353 452 72 117 368 33
internal_value=0 -0.00559398 0.00352221 0.00808642 0.00972037 0.0119976 0.000574987 -0.00613048 -0.00930203 0.00237557 -1.91655e-05 0 0.0069676 -0.011253 -0.0120838 0.00677871 -0.00328795 0.00938514 0 -0.0114628 -0.00880438 0 -0.00165751 0.0020078 0.00464042 -0.00656463 -0.00554743 0 -0.00904205
internal_weight=432.499 165.968 266.532 97.1626 90.7699 77.6022 169.369 29.7804 99.4956 139.589 90.7229 66.4722 48.8657 80.9956 76.9127 21.5299 44.9422 19.6213 30.3604 18.9849 14.5818 18.4999 13.1676 10.7955 10.0955 6.3927 8.40443 4.08295 4.05382
internal_count=31815 17938 13877 4089 3670 2703 9788 3632 15076 6156 4455 2862 1701 12977 12490 488 2374 405 1501 2907 873 2099 967 725 775 419 1324 487 347
is_linear=0
shrinkage=0.03


Tree=59
num_leaves=31
num_cat=0
split_feature=69 65 63 38 31 47 38 47 36 6 59 69 11 31 28 16 37 24 68 61 57 40 31 18 11 54 8 64 60 28
split_gain=9.16441 5.68384 3.1982 3.65054 2.79847 2.69487 2.30515 2.02925 1.95611 1.94755 1.95043 1.81255 1.60426 1.3262 1.03797 1.00803 1.23844 0.949954 0.88436 1.43757 0.81971 0.717924 0.680572 0.568972 0.488535 0.431073 0.335289 0.204054 0.176163 0.0942238
threshold=0.30251418054103857 0.6706797480583192 0.0062291808426380166 -0.023324884474277493 -0.013886565342545508 0.018580976873636249 0.023353785276412967 0.011828572489321234 0.013671815395355226 -0.14567397534847257 0.012367753311991693 -0.069542292505502687 0.03000183962285519 0.0011424776166677477 0.0094681172631680983 -0.023201107978820797 0.0065190689638257035 -0.032330118119716637 0.2452666983008385 -0.011384967714548109 -0.0042594280093908301 0.013113799504935743 -0.01483837980777025 0.075222626328468337 -0.11221081763505934 0.020454376935958866 0.05664635822176934 0.65384617447853099 -0.020245939493179318 0.024594356305897239
decision_type=2 2 2 2 2 2 2 2 2 2 2 2 2 2 2 2 2 2 2 2 2 2 2 2 2 2 2 2 2 2
left_child=1 8 3 21 5 -5 -6 11 9 29 -11 12 -3 -13 20 17 23 28 19 -10 -9 24 -20 -17 -2 -16 -19 -18 -4 -1
right_child=2 7 15 4 6 -7 -8 14 18 10 -12 13 -14 -15 25 16 27 26 22 -21 -22 -23 -24 -25 -26 -27 -28 -29 -30 -31
leaf_value=0.0036442182210539888 0 -0.0098370818083477023 0 -0.0061920811203479021 0.010657386366259829 0.010344227683683541 -0.0032741300258040413 0 0.004027275422556432 -0.012688449026981283 0 0.0077450093550762511 0.0018923242124884135 -0.002820063811448868 -0.0067179551702401512 -0.01243226295926579 -0.0021662620638911701 0.0064409018519151224 -0.002052812998815841 -0.0095323955992583313 0.011359804094023544 0 0.0076561786747530985 0 -0.012832900333338193 0.0023447852205638197 0 0.0033309728267221072 -0.0079032395450997963 0
leaf_weight=4.7610675040777997 1.7172199165215705 25.212430229788879 1.1582720753503966 20.691349460190398 117.25290137255797 8.4606259533902612 5.9989064267429049 5.3129681639256949 4.1360415990202499 83.488325464641093 9.114798573908045 17.631516382476551 8.2058506931352877 11.211730376351623 3.1341617406287687 11.968929712398676 4.3055046242516237 17.940632022917274 1.9616649008530647 13.268051981562166 21.484998453175649 1.8966957519587584 9.7883809867198561 0.86892940066172819 6.4635467607877208 1.0098802148713728 1.5930206368211646 7.616124836349627 2.1234092567610814 0.42359142296481866
leaf_count=321 61 1472 26 1445 4334 138 487 125 358 13367 1214 594 523 538 229 965 455 466 337 1992 338 108 907 32 396 6 109 233 168 71
internal_value=0 -0.0042305 0.00442898 0.00643101 0.00773197 0 0.00964419 0.0011071 -0.0082703 -0.0102423 -0.0113127 -0.00167479 -0.00630461 0.00294189 0.00699377 -0.00179926 -0.00578536 0.00171034 -0.000246338 -0.00479131 0.00918057 -0.00729347 0.0041153 -0.0108777 -0.0104819 -0.00115409 0.005147 0 -0.00588057 0.002098
internal_weight=430.202 220.145 210.056 162.481 152.404 29.152 123.252 93.2035 126.942 97.7878 92.6031 62.2615 33.4183 28.8432 30.942 47.5748 24.7595 22.8153 29.1541 17.4041 26.798 10.0775 11.75 12.8379 8.18077 4.14404 19.5337 11.9216 3.28168 5.18466
internal_count=31815 22392 9423 6969 6404 1583 4821 3825 18567 14973 14581 3127 1995 1132 698 2454 1685 769 3594 2350 463 565 1244 997 457 235 575 688 194 392
is_linear=0
shrinkage=0.03


Tree=60
num_leaves=31
num_cat=0
split_feature=64 5 15 19 51 58 50 51 50 11 60 11 36 34 66 68 55 63 10 28 68 20 19 2 2 44 25 15 60 52
split_gain=6.29724 5.05049 4.29666 4.16978 2.7278 3.70638 2.68989 2.88747 2.02388 2.01593 1.70761 1.91598 1.60867 1.67568 1.5096 1.56916 1.24141 1.18668 1.11423 0.89889 0.810847 0.882022 0.758296 0.623515 0.573057 0.408446 0.284843 0.226297 0.205048 0.154938
threshold=0.11538461968302728 0.065236251801252379 -0.032935433089733117 0.00021919608116149905 -0.0038642222061753269 -0.0075345672667026511 0.0048827901482582101 -0.01110292039811611 0.0005052480846643449 0.044362125918269164 -0.0014365827664732931 -0.014284115284681318 0.00060284137725830089 0.059562180191278465 -0.11725936084985732 -0.27047011256217951 0.0013217702507972719 0.0040534147992730149 -0.065574698150157915 0.0048576258122920999 -0.079321559518575654 0.026284249499440197 0.034421503543853767 -0.10200604796409606 0.29182536900043493 -0.017433248460292813 0.031921967864036567 -0.042055085301399224 -0.0044514872133731833 -0.014567971229553221
decision_type=2 2 2 2 2 2 2 2 2 2 2 2 2 2 2 2 2 2 2 2 2 2 2 2 2 2 2 2 2 2
left_child=1 9 3 6 5 19 7 -2 -7 12 11 -6 13 -1 26 22 -14 -17 -12 -4 25 -22 -16 27 -25 -5 29 -11 -8 -3
right_child=2 14 4 20 10 8 28 -9 -10 23 18 -13 16 -15 15 17 -18 -19 -20 -21 21 -23 -24 24 -26 -27 -28 -29 -30 -31
leaf_value=-0.016632173402969498 0 0 -0.011182163628294779 0 0.0064736909327770837 0.011368008057062437 0.0015864572544776717 0.015652867451521675 0 0 0.0012479766276615239 -0.0034957943179020393 -0.00019566685387148724 0.001747784251609346 -0.006285120974927041 0.014372921178387822 -0.011404240000261729 0 -0.0084236445375650195 0 0.0057765803714978506 -0.0055616919917828491 0.0042866517323439475 -0.0067036197816627927 0.0018596525110601931 -0.0097747876514756235 0 0.0073178603032499744 -0.0036050719330959682 -0.008673302964469649
leaf_weight=36.752040854160441 8.7499493764771596 0.60466927252127778 8.6821331640239823 1.4282327593246007 22.993257135065505 38.393176197569119 4.6994890112546273 53.580433958530193 23.107517769531114 0.71680129386368197 5.6735569906304582 40.105921437832876 31.761960544536123 0.80367116184788656 6.9068195095605933 14.243723260209665 11.996287940928594 3.8429978026106246 46.096490169686149 7.34591924297274 11.375980587996308 3.488975064479745 6.5434193992841756 10.392526498588266 2.2864350375311906 7.7176049276458816 0.78895901274518099 5.5257754177437191 7.3210356240742822 4.7557345189125035
leaf_count=6927 247 54 459 127 1007 1055 157 1137 1218 70 345 2153 3741 12 642 531 2356 375 3454 378 573 184 315 1645 112 633 118 473 473 844
internal_value=0 -0.00517061 0.00249863 0.00743481 0 0.00404803 0.0108453 0.0132127 0.00754559 -0.00865985 -0.00303297 0 -0.0106044 -0.0153748 0.00333432 0.00639696 -0.00473813 0.011222 -0.00681871 -0.00654879 -0.00214092 0.000875114 0 0 -0.00337324 -0.00774036 -0.00550665 0.00565872 0 -0.00757472
internal_weight=428.681 137.922 290.76 98.3617 192.398 77.5287 74.3509 62.3304 61.5007 100.235 114.869 63.0992 81.314 37.5557 37.6863 31.537 43.7582 18.0867 51.77 16.0281 24.0108 14.865 13.4502 18.9215 12.679 9.14584 6.14936 6.24258 12.0205 5.3604
internal_count=31815 18215 13600 3531 10069 3110 2014 1384 2273 15336 6959 3160 13036 6939 2879 1863 6097 906 3799 837 1517 757 957 2300 1757 760 1016 543 630 898
is_linear=0
shrinkage=0.03


Tree=61
num_leaves=29
num_cat=0
split_feature=65 6 58 51 28 38 56 33 59 17 13 41 36 40 35 53 40 59 59 8 35 33 16 46 20 3 16 13
split_gain=7.9898 4.47518 3.27726 4.30986 2.82642 2.70434 2.47108 1.94861 1.73791 1.63804 1.53564 1.22319 1.21678 0.925849 0.768986 1.00508 0.54967 0.269207 0.244188 0.23525 0.207375 0.205744 0.13086 0.112328 0.0715626 0.0660308 0.0558674 0.0109977
threshold=-0.25606115162372584 -0.079986900091171251 -0.0036285743117332454 0.0071304740849882373 0.006630104500800372 -0.024664141237735745 0.0086239147931337374 0.0091426894068717974 0.0092689543962478655 0.0083437082357704657 -0.041683819144964211 0.010275229811668398 0.024877272546291355 0.011331127956509592 -0.011336818337440489 -0.0042791941668838254 0.016773007810115818 -0.010189261287450789 -0.0031564328819513317 -0.047072894871234887 0.012292668223381044 0.032731123268604286 -0.011462852358818052 -0.019262285903096196 0.038675345480442054 -0.03128687106072902 -0.041359946131706231 0.018470212817192081
decision_type=2 2 2 2 2 2 2 2 2 2 2 2 2 2 2 2 2 2 2 2 2 2 2 2 2 2 2 2
left_child=9 5 7 4 -4 23 -5 12 10 11 -7 17 -3 -9 18 20 -17 27 -11 -20 -16 -19 26 -2 -10 -24 -13 -1
right_child=1 2 3 6 -6 8 -8 13 24 14 -12 22 -14 -15 15 16 -18 21 19 -21 -22 -23 25 -25 -26 -27 -28 -29
leaf_value=-0.001266424848666115 0 -0.010235218422092997 0.0066607896390930765 -0.0094441326614678796 -0.001689715417067974 0 0.0044022190461528382 -0.0025816266658207562 -0.0024345403930951569 0 0.013667145125893388 0 0 0.0063422368673900324 -0.0016265237062550344 -0.011802888780648113 0 -0.017805949945633136 0 0.0075947975780549168 0.0039120904498300118 0 0 -0.008377831405660105 0.00033535896896331389 -0.0045004488740173227 0.0026196330484908113 0
leaf_weight=1.1714217754779412 0.35297239024657789 41.762982098007342 122.46994386934966 33.942513268309995 41.51824141315592 10.490682725881923 9.6866427160421136 23.939616460163961 5.702211110852657 1.6425356915424343 48.798701215884648 0.81073022856435262 7.1558136919629751 10.920540813705882 4.3290217511676072 10.273888795811212 1.5626064010721155 23.144631023242258 0.37859078335168295 4.5654139380785663 5.5823194054100895 0.77426644500519515 0.38804607215570319 3.1660853877547188 3.6647167572518811 3.4019024630251797 3.3511554272845387 1.1474080022453561
leaf_count=320 10 3305 5557 3038 2602 659 748 1431 200 253 1400 125 289 525 690 2059 130 5371 60 319 485 168 165 198 92 967 475 174
internal_value=0 0.00173807 0 0.00205686 0.00438165 0.00816183 -0.00561648 -0.00480535 0.00982004 -0.00948703 0.0116109 -0.0137367 -0.00839919 0 -0.0021679 -0.00521881 -0.00984866 -0.0164916 0.00322153 0.0058475 0 -0.0173828 0 -0.00744399 0 -0.00354951 0.000875895 0
internal_weight=426.096 363.572 291.396 207.617 163.988 72.1754 43.6292 83.779 68.6563 62.5239 59.2894 34.1896 48.9188 34.8602 28.3344 21.7478 11.8365 26.2377 6.58654 4.944 9.91134 23.9189 7.95183 3.51906 9.36693 3.78995 4.16189 2.31883
internal_count=31815 20054 17495 11945 8159 2559 3786 5550 2351 11761 2059 7765 3594 1956 3996 3364 2189 6033 632 379 1175 5539 1732 208 292 1132 600 494
is_linear=0
shrinkage=0.03


Tree=62
num_leaves=29
num_cat=0
split_feature=65 6 60 20 8 58 51 11 14 52 40 18 29 59 42 42 23 60 2 56 56 57 11 10 20 42 2 41
split_gain=7.4332 4.496 3.67096 3.19565 4.17623 2.66131 3.20844 2.20063 2.1409 1.47141 1.17937 1.12641 1.06558 1.08323 1.01449 0.741495 0.73297 0.703637 0.585893 0.403053 0.660915 0.38958 0.434968 0.291146 0.0334653 0.0193339 0.0102306 0.00882836
threshold=-0.25606115162372584 -0.079986900091171251 0.0060365637764334687 -0.022801171988248822 0.038265120238065727 -0.0032473318278789516 0.0098786526359617727 0.012590022757649423 -0.10311583429574965 0.0066165719181299218 0.0008491724729537965 0.018486954271793369 -0.037905413657426827 -0.010189261287450789 0.0040077371522784242 0.0058210906572639951 -0.014107078313827513 -0.014769285917282103 0.11499023437500001 -0.0042320461943745604 0.0042021516710519799 0.0080558490008115786 0.020830191671848301 0.01876192539930344 0.056327993050217635 0.0089342133142054098 -0.070981517434120164 0.0068542286753654489
decision_type=2 2 2 2 2 2 2 2 2 2 2 2 2 2 2 2 2 2 2 2 2 2 2 2 2 2 2 2
left_child=7 2 10 4 8 11 -7 12 -3 23 15 -5 25 27 -6 -2 19 -15 -12 24 -21 22 -18 -4 -9 -1 -23 -14
right_child=1 3 9 5 14 6 -8 16 -10 -11 18 -13 13 17 -16 -17 21 -19 -20 20 -22 26 -24 -25 -26 -27 -28 -29
leaf_value=0 0.0081061878396270787 0.003637604123927361 0.018389278759542178 -0.0062627412387219585 -0.0010814068380712086 0.0052276703748411852 -0.0059421981855716857 -0.0019906737893436786 -0.013549022242368553 0 0 0.00075966951074861 -0.00096130189340795245 0 0.0091448405280366001 0 0 -0.017550288929330044 -0.0084079039995208025 0.0098876267946175975 -0.00010256859487894103 0.0011069773147231968 -0.0096899465236943063 0 0 0.0016864468918781814 0 0.00023103177748239783
leaf_weight=1.096165013892459 19.444057420652829 2.5303003198641809 24.164978951594101 39.248554716963554 9.0237404440413247 149.17102157279442 20.568398839590373 2.7681172742741187 36.116672975564143 2.8545235107885665 11.5002791932493 24.235464425670216 3.2187453297665334 1.4836093382182323 9.8100626300147251 7.3865393394371486 2.1285884084936688 28.079419519766816 5.6805942954088087 6.256374030941517 1.5963045884855089 2.5139146165311108 8.5863734827289573 1.2198461690568354 0.59618405048968259 1.1180980259960049 1.0442256514506869 1.5679843699472256
leaf_count=131 677 67 373 2701 686 7045 1990 444 3185 216 496 1366 506 323 455 435 427 6121 280 472 391 306 1885 82 44 75 393 243
internal_value=0 0.00167408 0.00810733 0 -0.00607272 0.00154945 0.00357116 -0.00918638 -0.0114486 0.0157794 0.00146496 -0.00328409 -0.0135415 -0.0147669 0.00378749 0.00543104 -0.000759135 -0.0166274 -0.00320426 0.00297618 0.0062728 -0.00526177 -0.00750108 0.0177754 -0.000281871 0 0 0
internal_weight=425.009 362.955 72.2508 290.704 57.4808 233.223 169.739 62.0541 38.647 28.2393 44.0115 63.484 36.564 34.3498 18.8338 26.8306 25.4901 29.563 17.1809 11.217 7.85268 14.2731 10.715 25.3848 3.3643 2.21426 3.55814 4.78673
internal_count=31815 20054 2559 17495 4393 13102 9035 11761 3252 671 1888 4067 7399 7193 1141 1112 4362 6444 776 1351 863 3011 2312 455 488 206 699 749
is_linear=0
shrinkage=0.03


Tree=63
num_leaves=31
num_cat=0
split_feature=3 6 1 60 12 66 12 8 27 36 0 44 36 2 55 6 22 40 42 0 40 42 11 68 55 12 55 42 55 31
split_gain=6.02584 3.97788 3.108 3.02456 2.80978 3.33926 2.54001 2.68401 2.16891 2.14503 1.68936 1.32194 1.30336 1.29828 1.21929 0.947222 0.907132 0.68727 0.580819 0.566173 0.558908 0.556835 0.497042 0.381697 0.331097 0.294386 0.210844 0.152409 0.0856635 0.00812805
threshold=0.0027532125823199753 -0.079986900091171251 0.12240293994545938 0.0060365637764334687 -0.0037540439516305919 0.14397760480642322 0.039102297276258476 -0.023864775896072384 0.0089651718735694903 0.022822469472885135 -0.038743149489164345 -0.0015170723199844358 0.015231251716613771 0.20191761851310733 0.0019338224083185198 -0.14567397534847257 -0.014859322458505629 0.010125248692929746 -0.029692975804209706 0.27869491279125219 0.013811696320772173 -0.013512688688933848 -0.09275674074888228 0.41849091649055487 -0.0019337926059961317 0.069772534072399153 0.0012262240052223208 0.0029074866324663167 0.0088141933083534258 -0.01531990524381399
decision_type=2 2 2 2 2 2 2 2 2 2 2 2 2 2 2 2 2 2 2 2 2 2 2 2 2 2 2 2 2 2
left_child=1 3 9 16 5 10 8 -8 -6 13 -3 -5 -7 15 17 -2 22 21 28 25 -20 -4 -1 -18 -21 -11 -13 -15 -16 -19
right_child=2 4 14 11 6 12 7 -9 -10 19 -12 26 -14 27 18 -17 23 29 20 24 -22 -23 -24 -25 -26 -27 -28 -29 -30 -31
leaf_value=0 0 0.0063237860735666489 0 0 0.009768243397996668 -0.012308652130989244 -0.0084523258988495296 0.0030943486568776489 -0.00054300602518794869 -0.0060956355829891373 -0.0026732286125899425 0.018291789400049958 0 -0.0013059666843258846 0 -0.012337117919146077 0.00088367784196198215 0 -0.0099742299174716467 0 0 0.010806085900101833 0.0092696367354887198 -0.0047693486837125073 0.0089691342091957772 0 0 0.0041724540829570647 0.0036855224853620549 -0.0010332564846269488
leaf_weight=1.9855881433759339 2.0688690922397646 24.776641102434951 2.0231715840927817 2.5047821152547867 53.899986161733977 29.943915580530302 22.601238076778827 44.822571239099489 18.313194452639436 3.9970808131765789 42.893466062945663 22.178654560266299 5.8764117890095795 4.7235943711857535 0.56048706761794109 64.285468027446768 13.025109329042609 1.8108141079428608 7.400118649195063 1.3012726181623291 3.001582262935699 12.77055811158789 10.564534518402068 10.806866255123166 4.222658976155798 4.0102468191180378 1.723952097192522 1.926393477944657 2.0820936313248239 1.851928544580004
leaf_count=110 202 1268 238 268 2489 3019 1331 2213 1306 566 2073 242 426 437 50 10962 564 125 1037 188 222 832 241 613 187 92 74 99 58 283
internal_value=0 0.00222384 -0.00561971 0.00867015 0.00029696 -0.00322499 0.00313588 -0.000678316 0.00689895 -0.00848995 0.000416553 0.0156722 -0.0100477 -0.0104539 0.0015261 -0.0116552 0.00158336 0.00638207 -0.00354665 0.000448756 -0.00688746 0.00891724 0.00712148 -0.00102178 0.00649486 -0.00230911 0.0175518 0 0.00158085 0
internal_weight=423.953 305.917 118.036 62.7895 243.127 103.49 139.637 67.4238 72.2132 86.5356 67.6701 26.4074 35.8203 73.0043 31.5008 66.3543 36.3821 18.4565 13.0443 13.5313 10.4017 14.7937 12.5501 23.832 5.52393 8.00733 23.9026 6.64999 2.64258 3.66274
internal_count=31815 16237 15578 2112 14125 6786 7339 3544 3795 12733 3341 584 3445 11700 2845 11164 1528 1478 1367 1033 1259 1070 351 1177 375 658 316 536 108 408
is_linear=0
shrinkage=0.03


Tree=64
num_leaves=31
num_cat=0
split_feature=69 30 11 2 34 58 45 13 68 63 39 69 36 34 49 41 33 62 25 35 69 50 46 49 60 34 30 58 21 18
split_gain=8.28489 3.26668 3.17498 3.1347 3.0567 2.81386 2.35549 2.11115 2.09397 1.49913 1.49697 1.46277 1.56375 1.39476 1.12052 1.30372 1.06699 1.04928 1.03607 1.0218 1.43259 1.01385 1.00004 0.917768 0.764464 0.496686 0.460022 0.438725 0.381067 0.0755789
threshold=0.074847951531410231 -0.00179902883246541 -0.033294118940830224 0.036733865737915046 0.0040045827627182016 -0.015204850584268568 0.016224317252635959 0.033961281180381782 -0.55687347054481495 0.00553080439567566 -0.020895246416330334 0.78926628828048717 -0.013334963470697401 0.0054849358275532731 -0.011286495253443716 -0.017638891935348507 -0.020582415163516995 -0.010055748745799063 0.022230911999940876 0.025173258036375049 1.0232782363891604 -0.013278026133775709 -0.0097220949828624708 -0.025508588179945942 -0.023202376440167424 -0.0077573170419782391 -0.0083466633222997171 0.005567442625761033 -0.042105212807655328 -0.0077596306800842276
decision_type=2 2 2 2 2 2 2 2 2 2 2 2 2 2 2 2 2 2 2 2 2 2 2 2 2 2 2 2 2 2
left_child=3 2 19 13 11 26 -7 18 10 21 29 12 -3 14 25 -16 -15 -9 -6 20 -2 -10 -11 -18 -12 -1 -4 -13 -21 -5
right_child=1 4 5 8 7 6 -8 17 9 22 24 27 -14 16 15 -17 23 -19 -20 28 -22 -23 -24 -25 -26 -27 -28 -29 -30 -31
leaf_value=-0.0011327133561467868 -0.010369773828827755 0.00087969558944538584 -0.0075867795126273174 0 0.010137105015274987 0.011550190762369645 -0.002112144693869205 0.0037095675339653337 -0.0042581893352221095 0.00063299239140332964 0 0.0027924956821911511 -0.01118165040940554 0 0.0021269542533986973 -0.0089665210441232795 0 -0.0085495312975815418 -0.00060627629316979182 0 0.00046079440293151773 0.0047208214908507342 -0.010243541572375245 -0.018023458428012066 -0.016743519419192766 0.0072287477113808316 0.00018851770057270247 -0.0040451647122407581 0.0089613432811422415 0.0034331077905416568
leaf_weight=3.5386443383176811 11.288294985075483 6.553257217819918 6.3220704182458576 0.40627000706444993 32.75994096120121 93.19202246927307 7.1990797961625494 3.4063864818599532 6.2796337406034572 5.076700863763107 0.78958912449888785 19.657459468871824 28.774740737586399 3.2731998686504111 5.1748815364117027 34.569307834710344 1.1743596694577778 9.0753970879304671 3.2306361890805411 1.191231217846507 18.755906166974455 57.427079107088502 10.372241174030931 23.214234093553383 9.0224295658699685 4.6677528237923962 1.2633969280577719 7.3796595266612703 5.0967463042179579 1.7666498765465792
leaf_count=487 1130 487 354 110 1541 3443 383 154 517 247 26 844 2820 447 645 6321 69 806 225 49 513 2960 898 3977 1231 451 65 434 96 85
internal_value=0 0.00337611 0.00628474 -0.00511364 -0.000259704 0.00879521 0.0102321 0.00483675 -0.000877998 0.000779372 -0.0105976 -0.00473117 -0.00836873 -0.00947586 -0.00458812 -0.00677535 -0.0150307 -0.00338375 0.00848455 -0.000611801 -0.00365137 0.00315364 -0.00592147 -0.0168451 -0.014797 0.00228782 -0.00434766 0 0.00643803 0.00127892
internal_weight=421.899 255.146 144.309 166.753 110.837 107.977 100.391 48.4724 91.1406 79.1557 11.9849 62.3651 35.328 75.6124 47.9506 39.7442 27.6618 12.4818 35.9906 36.3322 30.0442 63.7067 15.4489 24.3886 9.81202 8.2064 7.58547 27.0371 6.28798 2.17292
internal_count=31815 13344 6033 18471 7311 4245 3826 2726 6074 4622 1452 4585 3307 12397 7904 6966 4493 960 1766 1788 1643 3477 1145 4046 1257 938 419 1278 145 195
is_linear=0
shrinkage=0.03


Tree=65
num_leaves=30
num_cat=0
split_feature=69 65 2 63 5 2 69 66 17 7 8 17 5 21 22 53 53 51 50 45 7 66 17 2 2 25 34 50 1
split_gain=8.05794 4.53673 3.59308 4.93379 2.56563 2.53611 2.07378 1.93831 1.88673 1.75941 1.51457 1.4585 1.45759 1.31717 1.6282 1.21389 1.0526 1.01253 0.954858 0.791386 0.665169 0.624625 0.47854 0.357346 0.244861 0.226173 0.169052 0.0567137 0.0348287
threshold=0.51239922642707836 1.4332514405250552 0.096297740936279311 0.0072190817445516595 -0.038747176527976983 0.14033739268779757 -0.23336618393659589 -0.0013210478355176745 -0.022092469036579129 -0.034077808260917657 -0.029596231877803799 0.046824814751744277 -0.10458260029554366 -0.0023233816027641292 0.025937311351299289 0.0064335772767663011 0.010822376236319544 0.00075564743019640457 -0.0087782517075538618 -0.0053435028530657283 0.02422004193067551 -0.25562275946140284 0.092993061989545836 0.048835285007953651 -0.20716506242752072 0.019654378294944767 -0.00064542074687778939 0.021608103998005394 0.10219704359769823
decision_type=2 2 2 2 2 2 2 2 2 2 2 2 2 2 2 2 2 2 2 2 2 2 2 2 2 2 2 2 2
left_child=1 5 3 4 23 6 12 -8 15 -6 25 13 -1 19 -15 20 22 26 -12 -3 -4 -13 -10 -2 -19 -7 -5 -17 -18
right_child=2 11 8 17 9 10 7 -9 16 -11 18 21 -14 14 -16 27 28 24 -20 -21 -22 -23 -24 -25 -26 -27 -28 -29 -30
leaf_value=0 -0.006103154148232961 0.0049891993393188887 0 0.0025773121023486556 0 -0.0078086395742459052 0.00085544367392675208 -0.007159248715766355 -0.012175492146750519 0.012872355917455785 -0.0019125737889380231 -0.010679816667068997 -0.013060837594268756 0.013700039272152272 -0.0012060463448218854 -0.0052696880577886209 0 0 0.0080630955679882616 -0.0028319510485756106 0.010763992276827576 0 0 0.00072805771587403794 -0.010460492185053861 0 -0.0018133644341899518 0 0.0018661917086228129
leaf_weight=5.9008751685178131 3.8900212984881346 16.309695429954445 3.6687193890393273 13.514532386558132 6.1579665044555432 7.9672741316026059 37.87990188524418 53.601990648254286 15.268814266746636 87.573237468328443 4.4295332874025943 3.4337295278673992 56.630426459058071 17.45248170680134 3.4469898195529813 3.4568275331985201 1.0589384812046763 0.30303072725655766 20.076839208268211 18.054373156512156 10.468054786615538 3.0227887465734957 1.4044709206791584 6.7528235685604159 8.0393023249343916 0.9829683151183416 3.9025592821271884 0.36431690989411425 4.0005062489653938
leaf_count=611 433 475 269 342 373 711 2773 7553 818 2676 369 174 9756 380 202 202 36 25 1131 659 254 43 100 272 726 55 243 28 126
internal_value=0 -0.00340972 0.00495765 0.00735854 0.0102372 -0.00575406 -0.00736507 -0.00365732 -0.00218541 0.0118036 0.000875295 0.00315896 -0.0116728 0.00511822 0.010325 0.00352229 -0.00780061 -0.00309815 0.00522471 0.000280191 0.00789737 -0.0059072 -0.0108979 -0.00100368 -0.00950893 -0.00648744 7.02207e-05 -0.00456469 0
internal_weight=419.014 249.19 169.824 130.133 104.374 187.47 154.013 91.4819 39.6906 93.7312 33.4566 61.7201 62.5313 55.2635 20.8995 17.9579 21.7327 25.7594 24.5064 34.3641 14.1368 6.45652 16.6733 10.6428 8.34233 8.95024 17.4171 3.82114 5.05944
internal_count=31815 24892 6923 5090 3754 22959 20693 10326 1833 3049 2266 1933 10367 1716 582 753 1080 1336 1500 1134 523 217 918 705 751 766 585 230 162
is_linear=0
shrinkage=0.03


Tree=66
num_leaves=31
num_cat=0
split_feature=69 64 11 7 27 44 27 50 50 9 57 54 61 50 61 55 38 8 40 18 29 55 53 59 40 0 11 52 35 0
split_gain=7.92796 3.97888 3.0594 2.40918 2.89061 2.28668 2.11312 1.61104 1.55909 1.52068 1.40391 1.8312 1.3199 1.90589 1.44298 1.234 1.27433 1.2182 0.938534 0.922687 0.894999 0.891719 0.881493 0.495294 0.369452 0.331388 0.280564 0.273261 0.189996 0.0162142
threshold=0.51239922642707836 1.5000000000000002 0.0029108617454767232 0.049467988312244422 -0.013408157974481581 -0.024695269763469693 -0.022156994789838787 0.0053020585328340539 -0.0055970177054405204 0.10790957510471345 -0.013803728856146334 0.0003963522613048554 -0.005429692566394805 -0.012311523780226706 -0.010098135098814963 0.0022123102098703389 0.0047004595398902902 0.11469153314828874 0.012483937665820123 -0.0073440819978713981 -0.014016652479767798 0.0037981532514095311 -0.010952289216220377 0.037826800718903549 0.0019214022904634478 -0.27177180349826807 -0.036025200039148324 -9.6236355602741228e-05 -0.0037222150713205333 0.28086958825588232
decision_type=2 2 2 2 2 2 2 2 2 2 2 2 2 2 2 2 2 2 2 2 2 2 2 2 2 2 2 2 2 2
left_child=1 2 5 12 6 27 29 8 -4 -9 23 18 14 21 28 16 -6 -7 -12 -15 -13 -14 -16 26 -8 -17 -3 -1 -2 -5
right_child=3 10 7 4 15 17 24 9 -10 -11 11 20 13 19 22 25 -18 -19 -20 -21 -22 -23 -24 -25 -26 -27 -28 -29 -30 -31
leaf_value=0.0081175511103543027 0.00017707819647122563 0 -0.0050449114781254273 -0.0015089672803362032 0.0089230049321081511 -0.012004085988505227 0 -0.010373731743118345 0.0034202034527165991 0.002250255091759868 -0.0048711800956278148 0 0.010227755655770429 0 0 0.00062562314066556682 -0.00091834464090398459 0.00029661495294266835 0.0047146145998446095 -0.0071829527924043794 0.011201467876970603 -0.00088926192396976747 0.011709531077201959 0 0.021227143761181441 -0.0051523930668784714 -0.011105296843578073 0 -0.0042268484722894576 0
leaf_weight=1.8759405346499991 6.762369039555777 0.4953184833866543 23.863227956608171 1.4088374519196829 29.452948579448275 73.872497714299243 2.086127521091842 23.860873570723928 52.64087152366119 5.1358059812191632 17.135681230342019 5.4543001455895164 10.659239233151309 18.281667970790295 1.3261092909961032 2.0069275844143695 9.0568167592427908 2.5708506933005983 9.4987405860447307 29.482534194146865 24.745584385062102 2.4716812619590192 19.327293028851273 0.74005779973231245 18.230484025931219 10.838401279033858 4.4459975303907404 1.214624311251099 4.8602571159426589 3.0249625577707775
leaf_count=94 306 19 3133 169 709 10791 91 3875 4364 260 639 183 304 1109 101 93 565 249 221 1670 696 170 521 8 141 583 210 150 345 46
internal_value=0 -0.00339642 -0.00562352 0.00492187 0.00878123 -0.00997952 0.0166355 -0.0017652 0.000264172 -0.00725326 0.00267932 0.00455248 0.00117714 -0.00106564 0.00578876 0.00332344 0.00607944 -0.0112292 -0.000299386 -0.00424029 0.0091185 0.00681237 0.00995489 -0.00660992 0.0200082 -0.00264618 -0.00958035 0.00506006 -0.000577222 0
internal_weight=416.827 247.55 185.035 169.277 76.1055 79.5339 24.7504 105.501 76.5041 28.9967 62.5157 56.8343 93.1712 60.8951 32.276 51.3551 38.5098 76.4433 26.6344 47.7642 30.1999 13.1309 20.6534 5.68137 20.3166 12.8453 4.94132 3.09056 11.6226 4.4338
internal_count=31815 24892 22916 6923 2397 11284 447 11632 7497 4135 1976 1739 4526 3253 1273 1950 1274 11040 860 2779 879 474 622 237 232 676 229 244 651 215
is_linear=0
shrinkage=0.03


Tree=67
num_leaves=29
num_cat=0
split_feature=65 7 67 43 20 51 29 51 33 63 41 52 29 4 20 37 65 48 8 50 51 51 33 49 20 34 21 60
split_gain=6.42157 4.82963 2.68399 2.45106 2.3462 1.93538 2.04123 1.78042 1.28058 1.19691 0.707255 0.714705 0.588102 0.673398 0.455949 0.425687 0.358415 0.284108 0.234023 0.0762292 0.0967781 0.0613112 0.0610489 0.0368017 0.0317907 0.0252737 0.00804694 1.54334e-06
threshold=-0.25606115162372584 0.049467988312244422 0.5255594551563264 0.0077506785746663817 -0.040947396308183663 -0.026910049840807911 0.017913307994604114 -0.01110292039811611 -0.020582415163516995 0.01703042816370726 0.024033147841691974 0.014539802446961405 -0.036520523950457566 -0.14014237374067304 0.027343072928488258 0.0082030147314071673 0.33767202496528631 0.0008586430922150613 0.029336065053939823 -0.0012087952345609663 -0.019990838132798668 -0.012037263251841067 -0.036725414916872971 0.024071190506219867 0.043341554701328285 -0.0025627412833273406 -0.026614829897880551 0.017388179898262027
decision_type=2 2 2 2 2 2 2 2 2 2 2 2 2 2 2 2 2 2 2 2 2 2 2 2 2 2 2 2
left_child=8 4 3 7 10 14 -7 -3 17 12 11 -2 25 -14 -6 -5 23 22 -19 20 -11 -20 -1 -4 -24 -10 -12 -21
right_child=1 2 16 15 5 6 -8 -9 9 19 26 -13 13 -15 -16 -17 -18 18 21 27 -22 -23 24 -25 -26 -27 -28 -29
leaf_value=0 -0.01236620435862025 -0.0010190099372168228 -0.0095678516887146257 -0.0051839235760541887 0.013763750693606993 0.00088945324861255286 -0.0067701312184738072 0.011880421129324121 0.0015742977763487428 0 0.0010184515083973499 0 0 -0.013402573545865095 0 0.0019356526596332267 0 0 0 -1.5065118724705735e-05 0.0045572748406200771 0.007010413861549835 -0.004425386719798946 0 0 -0.0010008746417311631 0 0
leaf_weight=0.39701217957190271 17.4454255552264 5.3826812368934034 4.0413056633988154 7.9770000233547744 6.4695751200779323 190.90738262789091 31.89838732482167 72.171715899952687 1.6329177719162546 0.47117636777693395 1.9822027966147291 4.0815131537237894 2.9897038508788674 40.978078790096333 2.9687154440616723 6.8997512602072675 1.6642286287678869 0.91566698397218704 0.33632273210969277 1.1200948502082599 2.4971530683251335 4.1139202492195182 3.0239639804058229 0.19341886468464498 0.13288873180863436 1.2962126985075872 0.51576773379929264 0.16124772879993532
leaf_count=80 1539 297 754 553 135 11049 2740 1956 76 65 54 268 409 9166 104 375 122 348 79 191 198 304 571 56 27 216 52 31
internal_value=0 0.00156923 0.00706756 0.00853951 -0.000520526 0.000353914 -0.000199979 0.0106142 -0.0086726 -0.0103774 -0.00861196 -0.010254 -0.011716 -0.0125014 0.0110484 -0.000716314 -0.00658066 0 0.00419146 0 0.00293426 0.00644654 -0.00293303 -0.00927576 -0.00396955 0 0 0
internal_weight=414.665 354.599 98.3301 92.4311 256.269 232.244 222.806 77.5544 60.0664 51.1466 24.0249 21.5269 46.8969 43.9678 9.43829 14.8768 5.89895 8.91977 5.36591 4.24967 2.96833 4.45024 3.55386 4.23472 3.15685 2.92913 2.49797 1.28134
internal_count=31815 20054 4113 3181 15941 14028 13789 2253 11761 10352 1913 1807 9867 9575 239 928 932 1409 731 485 263 383 678 810 598 292 106 222
is_linear=0
shrinkage=0.03


Tree=68
num_leaves=30
num_cat=0
split_feature=65 63 27 3 65 47 52 37 41 33 8 47 11 37 11 35 31 24 3 50 17 16 47 24 29 4 14 24 29
split_gain=6.15268 3.8489 3.51399 3.07677 2.87662 2.16313 2.0149 1.94794 1.71624 2.05048 1.451 1.34486 1.32908 1.21038 0.809839 0.809473 0.582668 0.443787 0.458147 0.25816 0.245217 0.196436 0.207765 0.0716596 0.0339996 0.00769798 0.0145869 0.000532419 4.2846e-05
threshold=-0.44374415278434748 0.0062291808426380166 0.0062148980796337136 0.0027532125823199753 1.0094037652015688 -0.011622995138168333 -0.0042938068509101859 0.0014199176803231241 -0.014295667409896849 -0.013229202479124067 0.027881670743227008 0.0014927620068192484 0.02610888704657555 0.0096685746684670466 -0.032265350222587579 0.02020155638456345 -0.013053495436906813 0.02214339375495911 -0.11518225073814391 0.0051712840795516976 0.00033020414412021642 -0.010359100997447966 -0.0031704027205705638 0.024313282221555713 0.015019237995147707 -0.05111416429281234 -0.021021332591772076 0.0090988911688327807 0.021668132394552234
decision_type=2 2 2 2 2 2 2 2 2 2 2 2 2 2 2 2 2 2 2 2 2 2 2 2 2 2 2 2 2
left_child=12 2 3 5 8 -2 14 11 19 -10 -9 -4 15 -5 -6 17 -8 18 -1 -3 23 28 -23 24 -14 26 -17 -27 -22
right_child=1 4 7 13 6 -7 16 10 9 -11 -12 -13 20 -15 -16 25 -18 -19 -20 -21 21 22 -24 -25 -26 27 -28 -29 -30
leaf_value=0 -0.0016541447460958997 -0.0022694599400472672 0.0051413139007736785 -0.0048813940504685675 0 0.0081419534529577064 0 -0.01035153035510414 0 -0.015657391808150817 0.00071660526098993305 -0.0031742080784362332 -0.0059156728876134969 0.0049174659908134853 0.0092699897725695164 0 -0.0081857472028457751 0 -0.017251434308357818 0.0041523102980119322 -7.5042863723397509e-05 0 0.0067089485008193775 0 0 -0.00081600268343055133 0.0015680973719101828 0 0
leaf_weight=0.83411694414099358 16.05390259536216 5.2254080183192837 33.823988326970721 30.563268573052483 4.6136200521723394 144.71397743294074 3.5120787369669406 25.117246434630943 9.5942947378207446 25.353952542616753 8.3151922204124258 23.372395524085732 2.8947387973457799 9.6720426868851046 18.627496982895536 0.29142891260562453 11.47553506164695 1.7574632663308865 20.920908292675453 5.4211603943840601 1.847523758930038 1.1191204033675601 3.9600426524120849 0.6512752208218443 0.095160634038620517 1.2669178590440413 1.6543758172047094 0.17131876478379116 0.29560278959979758
leaf_count=130 836 507 2335 3505 166 5505 125 2147 826 3001 782 1891 712 840 497 43 511 609 4749 350 358 272 306 267 51 257 142 48 47
internal_value=0 0.00121266 0.00289927 0.00511006 -0.0041504 0.00696237 0.00125125 -0.00170107 -0.00894842 -0.0118355 -0.00708302 0.00127896 -0.0107896 -0.0015795 0.00678867 -0.0139128 -0.00538482 -0.0155593 -0.0165204 0 0 0.00179797 0.00463254 -0.00457904 -0.00554514 0 0.000682401 -0.00075744 0
internal_weight=413.216 375.456 291.632 201.003 83.8235 160.768 38.2287 90.6288 45.5948 34.9482 33.4324 57.1964 37.76 40.2353 23.2411 26.8965 14.9876 23.5125 21.755 10.6466 10.8635 7.22229 5.07916 3.64117 2.9899 3.38404 1.9458 1.43824 2.14313
internal_count=31815 23824 17841 10686 5983 6341 1299 7155 4684 3827 2929 4226 7991 4345 663 5978 636 5488 4879 857 2013 983 578 1030 763 490 185 305 405
is_linear=0
shrinkage=0.03


Tree=69
num_leaves=31
num_cat=0
split_feature=69 30 1 64 36 45 36 51 24 52 5 15 51 10 66 56 0 35 56 24 13 46 6 23 63 3 52 63 26 64
split_gain=7.21234 2.75546 2.73043 2.50784 2.37567 2.31812 2.26395 2.10846 2.31394 1.91914 1.41575 1.14244 1.33272 1.01495 0.802553 0.916868 0.851775 0.739781 0.667798 0.870033 0.467712 0.421165 0.533087 0.349929 0.301175 0.27915 0.275665 0.227479 0.114449 0.111011
threshold=0.022327792830765251 -0.00179902883246541 -0.21581314504146573 0.42307692766189581 -0.014121234416961668 0.016590728424489502 0.02447045594453812 -0.031840441748499863 -0.0093530341982841474 0.0052813179790973672 0.01892831921577454 0.066559944301843657 -0.0010878709144890306 0.016134276986122135 -0.94151067733764637 0.00066693313419818889 -0.046987654641270631 0.01293097995221615 0.005100484937429429 -0.015773713588714596 0.0076521299779415139 0.0086703598499298113 0.056972615420818336 0.033918224275112159 0.003653778694570065 -0.077875856310129152 0.0039116339758038529 -0.0033387346193194385 -0.008105374872684477 2.1923077106475835
decision_type=2 2 2 2 2 2 2 2 2 2 2 2 2 2 2 2 2 2 2 2 2 2 2 2 2 2 2 2 2 2
left_child=2 4 14 10 18 9 7 29 -9 -6 13 12 -5 -3 15 28 -17 26 19 -2 -12 22 -16 -7 -19 -20 -8 -13 -1 -4
right_child=1 3 6 11 5 23 17 8 -10 -11 20 27 -14 -15 21 16 -18 24 25 -21 -22 -23 -24 -25 -26 -27 -28 -29 -30 -31
leaf_value=0 0 -0.014529035913639875 0 0.0081108201202469317 0.010733825357243236 -0.0067494364555854627 -0.0055798853466811739 -0.015834791595291008 -0.0049571871905659632 0.0010152227729431954 -0.0044524374208829197 0 0 0 -0.009079574283057357 0 0.011351728644790091 0.010063769572147213 0.0056504236879691416 -0.011324505081495113 0.0026260316140680512 0.0014229150988911373 0 0 0 -0.0003145444572936734 0 -0.0074789057315820693 -0.003484912211801527 0.0066314852996856161
leaf_weight=1.9272137213847598 4.4643882015225254 12.922435714091991 0.81022228757501524 34.892145957797766 85.673050114332 6.9082606226438639 3.940485118509967 36.40260586830118 65.096885567436402 33.326942009094637 9.4709838846174552 3.2438164225313812 26.23854461684823 6.3409607466310254 6.5277328946394828 2.5619764988223315 12.730063703740596 4.5194165048742425 3.738158186286455 7.0842952192324455 14.440912947538889 3.266218734192079 4.9075196146732196 1.6912342045106923 1.0346561480400849 1.7386640354525287 5.9519955734431278 3.5024813539348534 4.1559396798838888 2.6177798379212618
leaf_count=176 272 2106 64 1156 2893 439 582 5203 9688 1592 955 144 1223 909 342 189 345 168 136 679 903 130 203 67 85 193 393 210 341 29
internal_value=0 0.00308607 -0.00498275 -0.000230037 0.00575548 0.00721384 -0.00713287 -0.00872004 -0.00970038 0.00840467 -0.00575518 0.00302649 0.0046418 -0.0108756 0.00145603 0.0051559 0.00864951 0.00167733 -0.00296869 -0.00680667 0 -0.00234394 -0.00535077 -0.00409045 0.00810357 0.00164694 -0.00142555 -0.00480188 -0.000859713 0.00528151
internal_weight=412.128 255.677 156.451 111.052 144.625 127.599 120.374 104.927 101.499 119 43.1753 67.877 61.1307 19.2634 36.0767 21.3752 15.292 15.4466 17.0255 11.5487 23.9119 14.7015 11.4353 8.59949 5.55407 5.47682 9.89248 6.7463 6.08315 3.428
internal_count=31815 13877 17938 7606 6271 4991 16212 14984 14891 4485 4873 2733 2379 3015 1726 1051 534 1228 1280 951 1858 675 545 506 253 329 975 354 517 93
is_linear=0
shrinkage=0.03


Tree=70
num_leaves=31
num_cat=0
split_feature=69 64 60 55 24 22 25 5 18 36 47 22 6 18 9 54 36 47 65 26 30 67 27 3 27 27 5 32 8 4
split_gain=6.49202 2.68089 2.60945 2.77666 3.22081 2.24218 1.98225 1.77264 1.71992 1.6327 1.49878 1.35436 1.33098 1.28239 1.52672 1.24694 1.20308 1.15658 1.13953 0.939158 0.870194 0.590052 0.497642 0.482615 0.44729 0.317214 0.198914 0.0705842 0.051688 0.0242453
threshold=0.022327792830765251 0.80769231915473949 0.013056567870080473 0.0030901897698640828 0.0028577148914337163 -0.015658285468816754 -0.01274614781141281 0.045846223831176765 0.019566051661968235 0.013671815395355226 0.0012744385749101641 -0.022882016375660893 -0.14567397534847257 -0.0099782496690750105 -0.062059974297881119 -0.023729838430881497 -0.0094445310533046705 -0.0099178422242403013 1.9095282554626467 -0.0017576906830072401 -0.017849376425147053 -0.57775115966796864 -0.034613952040672295 0.086512967944145217 -0.00404408574104309 -0.014927044510841368 0.13136139512062076 0.042088981717824943 0.035615622997283942 0.11851903051137926
decision_type=2 2 2 2 2 2 2 2 2 2 2 2 2 2 2 2 2 2 2 2 2 2 2 2 2 2 2 2 2 2
left_child=1 9 3 4 6 26 -2 -6 18 12 11 24 28 25 -15 -14 -13 29 -5 23 -10 -19 -21 -11 -3 -12 27 -4 -1 -7
right_child=2 10 5 8 7 17 -8 -9 20 19 13 16 15 14 -16 -17 -18 21 -20 22 -22 -23 -24 -25 -26 -27 -28 -29 -30 -31
leaf_value=0.0024890902291162436 0 -0.0012130102383814169 -0.0058939676284077936 -0.0092430028138521646 -0.0051417488874019451 -0.0017525843163842464 0.0099344065945725472 0.0037880652096066252 -0.0041896567148437232 0.007787553149494239 0 0 0.0012109628631577004 -0.0038688720325132328 0.0089539598789565474 -0.011818672384300628 -0.012679666944470527 0 0 0 0.0059812859675256293 0.015713616969146981 -0.0079878223615272737 0 0.0069073648074976209 -0.0075214534229076906 0 0 0 0
leaf_weight=3.2882405244599791 19.490532710085972 1.8525204189063513 3.186359653176623 32.769604502944276 37.796604295435827 2.104148379614347 63.522813741859864 30.339213765968452 3.9657032493560136 8.4155970005376748 0.84204003988998 4.5258081771317 1.8424019622034382 4.2492740184825371 28.828743533580564 65.144861039283569 13.719042645840085 2.7549852936354027 11.723102701711467 1.8736283690814151 16.727861819614191 26.184935770812444 9.3228166633925849 1.7141210048139317 4.7472574529238072 4.3963431826559818 2.4790483636897989 0.64380107421311539 0.6348422864684834 0.71651529433438543
leaf_count=214 1107 100 364 3181 2798 156 2896 1100 227 821 36 263 140 187 800 11757 994 168 389 101 809 540 1642 336 219 263 101 21 65 20
internal_value=0 -0.00474437 0.00293358 0.00139204 0.00368734 0.00981846 0.00752111 -0.000768189 -0.00338625 -0.00787044 0 -0.00511363 -0.00993498 0.00362271 0.00622713 -0.0109843 -0.00910438 0.0129114 -0.00666898 0 0.00242852 0.0145337 -0.0053639 0.00500664 0.0025014 -0.00490255 -0.00192336 -0.00500119 0.000735817 0
internal_weight=409.803 155.398 254.405 216.335 151.149 38.0698 83.0133 68.1358 65.1863 92.2365 63.161 24.8446 70.9103 38.3164 33.078 66.9873 18.2449 31.7606 44.4927 21.3262 20.6936 28.9399 11.1964 10.1297 6.59978 5.23838 6.30921 3.83016 3.92308 2.82066
internal_count=31815 17938 13877 12507 7901 1370 4003 3898 4606 15076 2862 1576 12176 1286 987 11897 1257 884 3570 2900 1036 708 1743 1157 319 299 486 385 279 176
is_linear=0
shrinkage=0.03


Tree=71
num_leaves=28
num_cat=0
split_feature=69 65 63 49 27 47 14 38 63 8 28 55 8 28 27 4 34 69 54 12 13 52 58 17 52 17 16
split_gain=6.77047 3.65467 2.11363 2.3018 1.92996 2.72245 2.52098 1.86355 1.34626 1.31039 1.30289 1.73626 1.21687 1.2099 0.414591 0.412917 0.35715 0.348913 0.334743 0.334713 0.216837 0.124057 0.0881629 0.0646684 0.0402123 0.0300625 0.0245016
threshold=1.0227915048599245 -0.51201376318931568 0.0040534147992730149 -0.0028727538883686061 0.009364366531372072 0.0093921041116118448 0.010100748389959337 -0.022772073745727536 0.019999338313937191 -0.080176502466201768 0.00097291555721312772 0.0010268744081258776 0.050323233008384712 -0.0037924597272649403 -0.0037155710160732265 -0.15075161308050153 -0.014342122711241244 0.51279577612876903 0.0012769252061843874 0.063754905015230193 0.053111907094717033 -0.016603939235210415 -0.0062516927719116202 0.072138160467147841 0.016843128949403766 0.022761984728276733 0.019543886184692386
decision_type=2 2 2 2 2 2 2 2 2 2 2 2 2 2 2 2 2 2 2 2 2 2 2 2 2 2 2
left_child=1 8 3 16 5 6 -3 26 15 -9 11 -6 -12 -7 21 -1 24 -17 22 -18 -20 -4 -16 -23 -2 -10 -5
right_child=2 4 14 7 10 13 -8 9 25 -11 12 -13 -14 -15 18 17 19 -19 20 -21 -22 23 -24 -25 -26 -27 -28
leaf_value=0 0.0034643686520243549 0.0011942809570186948 0 -0.0016023064020226593 -0.0067474278608189702 0.0089277431496741898 -0.0068486411950260803 0 0 0.014924671280961066 -0.011129238127361503 0.0034430590869686619 0 0 0 -0.014692659031103299 -0.0069804260359871625 0 0.0055261660880305419 0 0 -0.0067580412346202158 -0.0032899304059563332 0 0 0.0021399292886551801 0
leaf_weight=1.6392315533885327 5.9977076666546045 89.672419405251276 1.9408902670838868 4.1085629941080688 21.090077133412706 36.127487823512638 47.536860483320197 4.1481876801117314 0.7678086129308207 46.048238873045193 28.698098853856209 28.186652785065235 7.1922222643188425 19.311206218597363 5.8442770322435535 25.011272874187856 5.8129348804359307 0.36596353353524946 14.723049461317716 2.2964918982470408 1.4571476271376003 4.509205838461642 2.5893418246996607 0.5164663583273067 0.6781564449192955 1.4791698821936732 0.95716565672773857
leaf_count=199 164 6602 64 164 2062 1567 5078 186 124 815 3480 1729 731 1372 166 5919 291 45 285 88 50 337 147 22 50 50 28
internal_value=0 -0.00222987 0.00652638 0.00926633 -0.000953209 0.00059197 -0.0015241 0.0118873 -0.0115666 0.0135882 -0.00462013 -0.000585468 -0.00867703 0.00601837 0 -0.0134513 0 -0.0142456 0.00191577 -0.00414867 0.00438447 -0.00470091 -0.000456359 -0.0061248 0.00286446 0.000600558 -0.000364016
internal_weight=408.706 307.078 101.628 70.0474 277.815 192.648 137.209 55.2622 29.2634 50.1964 85.1671 49.2767 35.8903 55.4387 31.5804 27.0165 14.7853 25.3772 24.6138 8.10943 16.1802 6.96656 8.43362 5.02567 6.67586 2.24698 5.06573
internal_count=31815 28958 2857 1786 22621 14619 11680 1193 6337 1001 8002 3791 4211 2939 1071 6163 593 5964 648 379 335 423 313 359 214 174 192
is_linear=0
shrinkage=0.03


Tree=72
num_leaves=31
num_cat=0
split_feature=69 30 67 64 64 41 21 33 69 36 66 11 15 1 8 15 49 24 5 10 4 2 4 10 52 30 41 55 11 36
split_gain=6.4034 2.69878 2.98869 2.50509 2.19205 1.8617 1.84423 2.29386 1.65456 1.31798 1.18782 1.1587 1.14321 1.11493 1.11012 1.08548 1.05229 1.03603 1.01598 1.01145 0.988955 0.967854 0.706504 0.690011 0.585361 0.511561 0.424578 0.19653 0.189984 0.172803
threshold=0.022327792830765251 -0.00179902883246541 -0.42433163523674006 0.80769231915473949 0.42307692766189581 -0.013782694935798643 -0.017382413148880001 0.0015183128416538241 1.4553574919700625 -0.014889903366565703 -0.40628840029239649 -0.012521974742412565 -0.026544623076915737 -0.20445351302623746 -0.059903241693973534 0.066559944301843657 -0.0055594854056835166 0.026962697505950931 0.01892831921577454 0.016134276986122135 0.034124828875064857 0.30332534015178686 0.099174149334430708 -0.030208896845579144 0.014238769188523294 -0.00077970931306481351 -0.0092651844024658186 -0.0030949153006076808 -0.13220070302486417 0.0016966462135314944
decision_type=2 2 2 2 2 2 2 2 2 2 2 2 2 2 2 2 2 2 2 2 2 2 2 2 2 2 2 2 2 2
left_child=3 2 8 5 18 11 23 -8 16 20 13 28 -10 -11 27 17 -2 -6 19 -3 24 -16 -12 -4 -5 -13 -20 -7 -1 -17
right_child=1 4 6 9 15 14 7 -9 12 10 22 25 -14 -15 21 29 -18 -19 26 -21 -22 -23 -24 -25 -26 -27 -28 -29 -30 -31
leaf_value=0 0.0016336665294571725 -0.013700136183414237 0.0035713177748731232 0.012205080601423857 0.0059548432700196174 -0.0039911099461549613 0.013614405990195463 0.0011021899226941803 0.011778304474232155 -3.5855795543514604e-05 0.0079324507366084727 0 -0.00085896019602161265 -0.011669599849698635 -0.012435059609857961 -0.0072306613687022981 -0.0071245609845986251 -0.0025162350048453701 0.0029190725347494543 0 -0.0021453675254057693 0 -0.001229335387558813 -0.006315651314669061 0 0.0076186799703112538 -0.0036879197837082311 0.0011790042559738432 -0.008667993938435866 0
leaf_weight=0.41225372455664899 10.747138978025758 12.610135246126449 9.9456858015328162 10.070992612221742 52.623023317253683 4.947605622248374 54.272019080337486 25.281554803033941 8.8229718119255249 23.993443730083523 7.7850474044389539 3.6262550589453921 3.7210827025701283 11.263152915591492 55.57641893584514 3.5529181476740623 24.530641642821138 8.1114043991838098 9.8306799770361994 6.2846756328071924 1.7463814599323075 2.5866434105846556 5.6396675808355212 5.7900609718926708 2.2219153194164383 10.315505266160466 13.803978207943144 8.2528346139442856 5.451180859294257 3.0918014924973249
leaf_count=23 696 2106 241 279 1858 635 1325 1447 104 861 259 557 259 983 10841 214 1804 521 567 909 188 150 172 395 120 923 1291 915 1032 140
internal_value=0 0.00291761 0.00557832 -0.00473789 -0.000377793 -0.00778022 0.00853091 0.0102932 0 0 -0.00246803 0 0.00714317 -0.00548541 -0.00990821 0.00265088 -0.00384002 0.00426177 -0.00558138 -0.0100116 0.00671773 -0.0115977 0.00316624 0 0.00996791 0.00475666 0 0 -0.00751953 -0.00500453
internal_weight=406.909 253.02 143.111 153.889 109.909 91.1687 95.2893 79.5536 47.8218 62.7206 48.6813 19.8052 12.5441 35.2566 71.3635 67.3791 35.2778 60.7344 42.5295 18.8948 14.0393 58.1631 13.4247 15.7357 12.2929 13.9418 23.6347 13.2004 5.86343 6.64472
internal_count=31815 13877 6271 17938 7606 15076 3408 2772 2863 2862 2275 2535 363 1844 12541 2733 2500 2379 4873 3015 587 10991 431 636 399 1480 1858 1550 1055 354
is_linear=0
shrinkage=0.03


Tree=73
num_leaves=30
num_cat=0
split_feature=65 15 7 19 11 7 35 58 51 4 51 50 20 4 66 46 43 45 64 49 50 41 26 10 5 25 44 52 2
split_gain=5.76238 3.6098 3.43852 3.25965 3.11633 3.13014 2.52762 2.11146 2.30806 1.69845 1.57479 1.4612 1.35011 1.13556 0.830347 1.06527 0.737585 0.629123 0.771142 0.626413 0.589847 0.507556 0.505308 0.499502 0.497179 0.418855 0.232891 0.0470695 0.0360154
threshold=0.20969025790691379 -0.032935433089733117 -0.014122977852821348 0.00021919608116149905 0.043754078447818763 0.078810997307300582 0.016171008348464969 -0.0036712214350700374 -0.0042600673623383037 -0.019810637459158894 -0.011334882117807863 0.00015253014862537387 0.016235510818660263 0.013673006091266872 -0.86275979876518238 -0.015353772789239882 -0.025974603369832035 0.017135849222540859 -1.0000000180025095e-35 -0.0036323145031929012 -0.0087782517075538618 -0.02129452675580978 -0.015819524414837357 0.069607328623533263 0.067790459841489806 -0.02727316319942474 0.003117386251688004 -0.023897249251604077 0.33845162391662603
decision_type=2 2 2 2 2 2 2 2 2 2 2 2 2 2 2 2 2 2 2 2 2 2 2 2 2 2 2 2 2
left_child=4 2 19 10 5 6 16 14 12 -8 -4 -10 -9 20 26 -16 -1 18 23 25 -7 -15 -21 -6 -5 -2 -3 -20 -19
right_child=1 7 3 24 17 13 9 8 11 -11 -12 -13 -14 21 15 -17 -18 28 27 22 -22 -23 -24 -25 -26 -27 -28 -29 -30
leaf_value=0 -0.0033798251334097918 0.0044607619293551551 0 -0.0065296120919527542 0.0074018251225537257 0 0.0081769666122978226 0 -0.0052574478556143703 -0.007918111247444971 0.015544016219921825 0.0024829447264652724 0.011136180245869917 0.00055818670631792549 0 -0.0084199331670585555 -0.013133291822694541 -0.0050658725637470203 0 0 0.010445392189764971 -0.0075218337569536251 -0.0085743258689795088 0 0.0016734496724269293 0.0040889850836575122 -0.00061188081777977486 -0.0040243985948357651 0
leaf_weight=4.0049534190911791 1.1347488386381908 6.1463753329007869 5.9505788075912269 5.6313071158510848 24.929092334947203 1.6498849309136847 8.1473528896021872 20.386441929324064 33.905209066928364 5.3599452975322484 46.235790892300429 41.159226613104693 26.168947808793746 3.060712894279277 11.793216814752666 36.938364183006343 63.332945267349714 2.2883945868234146 0.12776545726228539 2.5050254222878738 8.4329095142020396 5.8486744425172201 7.8672670054656884 2.9314587681292315 4.9084103660425171 18.012066630617486 3.1282187785254791 2.5389695674821295 0.19301896850811306
leaf_count=340 55 175 175 521 2181 268 763 1019 2004 952 979 2266 670 116 511 2648 11960 377 9 123 697 863 593 307 157 526 165 385 10
internal_value=0 0.00249519 0.00715086 0.0109105 -0.00501173 -0.00762965 -0.0101521 0 0.00220908 0 0.0138452 -0.000748538 0.00716986 0.00173537 -0.00451151 -0.00612304 -0.0123999 0.00207912 0.00402612 -0.000392108 0.0078724 -0.00338639 -0.00565282 0.00601822 -0.00146959 0.00179575 0.00103315 -0.00322496 -0.00454625
internal_weight=404.717 271.871 92.2452 62.7261 132.846 99.8374 80.8452 179.626 121.62 13.5073 52.1864 75.0644 46.5554 18.9922 58.0062 48.7316 67.3379 33.0087 30.5273 29.5191 10.0828 8.90939 10.3723 27.8606 10.5397 19.1468 9.27459 2.66674 2.48141
internal_count=31815 12587 3129 1832 19228 15959 14015 9458 5959 1715 1154 4270 1689 1944 3499 3159 12300 3269 2882 1297 965 979 716 2488 678 581 340 394 387
is_linear=0
shrinkage=0.03


Tree=74
num_leaves=31
num_cat=0
split_feature=9 41 56 10 51 35 32 26 24 0 45 58 56 54 19 32 60 18 56 4 58 54 66 56 18 41 50 17 32 42
split_gain=3.63323 4.34957 3.80658 2.99901 2.20915 1.89959 1.88301 1.87593 1.81287 1.49209 1.45074 1.44748 1.41758 1.23963 1.12917 1.11192 1.12841 0.977071 0.483471 0.470069 0.703214 0.38627 0.363407 0.296078 0.249241 0.199152 0.122731 0.0968852 0.0555988 0.0241955
threshold=-0.0039038062095642086 -0.015547238290309904 0.005100484937429429 0.0048552937805652627 0.0064859089907258758 -0.014536183327436445 0.0050292834639549264 -0.021916114725172516 -0.01515020430088043 -0.25503689050674433 0.0017713644774630668 -0.0036285743117332454 0.013246357440948488 -0.016392018646001812 0.016151539981365207 -0.014418423175811766 -0.013434570282697676 0.035118713974952705 0.0058000534772872933 0.029476156458258632 0.0012501329183578493 0.010653343051671984 -0.010238120798021553 -0.001969290897250175 0.020080298185348514 -0.039485484361648553 -0.023575477302074429 -0.052127540111541741 1.0000000180025095e-35 0.0037427241913974289
decision_type=2 2 2 2 2 2 2 2 2 2 2 2 2 2 2 2 2 2 2 2 2 2 2 2 2 2 2 2 2 2
left_child=2 3 5 12 6 19 14 18 21 23 -10 -8 13 -2 -3 24 -17 -11 -4 20 -1 -9 25 -6 -7 -5 -21 -20 -24 -14
right_child=1 4 7 22 9 15 11 8 10 17 -12 -13 29 -15 -16 16 -18 -19 27 26 -22 -23 28 -25 -26 -27 -28 -29 -30 -31
leaf_value=0.0074148583442960585 0 0.00015631374289579736 0 0 0.0048916675441875047 -0.0035076015936213582 -0.00024512861341772558 -0.0066575472046957488 0.011603408665543049 -0.011669832105476468 0 0.0073626823331196254 -0.0015591585406174813 0.015193536093998428 -0.0074708049093976832 0 -0.012828601461723368 0 0 0 -0.0020163866445125564 0 0 -0.0010513614867703439 0.0017384480350856014 -0.0076229796727143133 -0.0053343318250251319 -0.010678975156870628 0.0021737937579152863 8.4335587480314584e-05
leaf_weight=10.218954952812057 1.196401873268768 63.909560901302029 1.6075841254350942 0.28327296912902955 6.9262926570663694 10.823936688801043 23.983700612647226 7.1935780862186203 24.518536779403803 22.769256836778371 12.492444029761826 54.721674410538981 3.9392677351279408 39.035555909998948 16.034684757207287 6.5936728103406486 49.466556268234854 5.881966502944123 1.8123476815671891 0.60225071187596757 3.2492712821986052 2.3666436984931352 1.7410470728791532 2.8020715919847117 5.5843349244241827 4.57849401209387 5.407027775028836 5.7490293284354266 5.6283987087081186 1.3005194715806281
leaf_count=476 128 4579 70 9 539 1133 1254 1038 1365 2764 1174 2411 237 1275 1775 435 6892 488 118 43 523 169 228 371 432 396 570 631 256 36
internal_value=0 0.00215892 -0.0036725 0.0090409 0 -0.00735203 0.00156574 0.00200872 0.00488353 -0.00604855 0.00797016 0.00480981 0.0124106 0.0141447 -0.00137001 -0.00947159 -0.0114092 -0.00928705 -0.00704635 0 0.00358522 -0.00363901 -0.00171169 0.0013672 -0.000331823 -0.00618593 -0.00410674 -0.00952078 0.000122054 0
internal_weight=402.418 254.732 147.686 57.703 197.029 91.946 158.65 55.7402 46.5712 38.3796 37.011 78.7054 45.4717 40.232 79.9442 72.4685 56.0602 28.6512 9.16896 19.4775 13.4682 9.56022 12.2312 9.72836 16.4083 4.86177 6.00928 7.56138 7.36945 5.23979
internal_count=31815 16746 15069 2565 14181 10504 10019 4565 3746 4162 2539 3665 1676 1403 6354 8892 7327 3252 819 1612 999 1207 889 910 1565 405 613 749 484 273
is_linear=0
shrinkage=0.03


Tree=75
num_leaves=30
num_cat=0
split_feature=69 60 34 18 24 51 60 2 4 18 64 7 28 21 41 36 19 6 34 60 18 58 24 57 7 57 12 6 13
split_gain=6.05842 3.57036 2.43225 3.25514 1.94845 1.97 1.94585 1.74831 1.66034 1.57136 1.48609 1.13854 1.069 0.992769 0.956007 0.875445 0.865545 1.02195 0.85221 0.790259 0.659344 0.508564 0.401087 0.555964 0.282295 0.169571 0.146653 0.0610465 0.0518463
threshold=0.022327792830765251 0.013056567870080473 0.0054849358275532731 -0.010630190372467039 0.016366168856620792 0.010595037136226894 -0.0075898971408605567 0.062990054488182082 -0.11401360481977461 -0.058276623487472527 -0.34615385532379145 -0.013215035200119017 0.041706455871462829 0.014838315546512605 -0.015386506915092467 -0.018205165863037106 -0.011810213327407835 -0.08369311690330504 -0.017515256069600579 -0.0083909910172224027 -0.018563121557235714 0.00081623345613479625 -0.0067078806459903708 -0.00062114186584949483 -0.1098978742957115 -0.01260098163038492 0.059144392609596259 0.00078095495700836192 -0.022166300565004345
decision_type=2 2 2 2 2 2 2 2 2 2 2 2 2 2 2 2 2 2 2 2 2 2 2 2 2 2 2 2 2
left_child=2 4 3 13 5 10 22 11 18 27 -2 -3 -11 19 -10 -13 21 -18 -5 -1 -7 -6 24 -24 -4 -9 -27 -8 -15
right_child=1 7 6 8 16 20 9 25 14 12 -12 15 -14 28 -16 -17 17 -19 -20 -21 -22 -23 23 -25 -26 26 -28 -29 -30
leaf_value=0 -0.0038051834796130981 0 0 0 -0.0029323320599744115 0 0.0029735063296312805 0.0027386411554006047 0.0047071681587455621 -0.015060786129949587 0.0050627103487927028 0 0 -0.0022991623737061008 -0.0034252224424462852 0.016304119799406942 0 -0.0097419174122226858 0.010880576362718436 -0.015774563950845564 -0.0088492622525752646 0.0045672520702635683 0.0073760569581234519 -0.0007911874635417608 -0.0075808807790254161 -0.0049805632789305231 0 0 0.00070537917192540318
leaf_weight=2.8297825648769495 11.79295618238393 2.1628259637218461 1.0864497656148158 2.6000750137609456 10.706166908625166 6.5286488240672069 1.8932360130565933 3.2365353338827845 12.584302891162222 37.213663201677264 131.86729158477101 1.2510478985204851 1.7879571360535909 2.8031290384824388 36.482292863962357 26.763630375848152 7.8683977127948337 20.684017711959314 16.477650761997211 12.480697761544436 10.30529840706731 10.467891371517906 5.6903571156799453 6.8691607907821863 4.1589155150577453 3.9827607942861487 2.0132403606839944 0.61950095514475823 5.8794051026052312
leaf_count=587 1900 244 67 241 663 661 43 104 1025 5154 5570 69 158 345 5598 513 360 1642 568 2238 1031 680 295 517 555 358 82 76 471
internal_value=0 0.0028548 -0.00464614 -0.00107742 0.00103613 0.00274374 -0.00920815 0.0106715 0.00201598 -0.0124457 0.00402945 0.0137295 -0.0139909 -0.00973047 -0.00054218 0.0152278 -0.00367421 -0.0067258 0.00858767 -0.0133847 -0.00526455 0 0 0.00224733 -0.00515532 0 -0.00287421 0.000894142 0
internal_weight=401.087 249.631 151.457 92.1373 210.221 160.494 59.3192 39.41 68.1443 41.5144 143.66 30.1775 39.0016 23.993 49.0666 28.0147 49.7265 28.5524 19.0777 15.3105 16.8339 21.1741 17.8049 12.5595 5.24537 9.23254 5.996 2.51274 8.68253
internal_count=31815 13877 17938 11073 12507 9162 6865 1370 7432 5431 7470 826 5312 3641 6623 582 3345 2002 809 2825 1692 1343 1434 812 622 544 440 119 816
is_linear=0
shrinkage=0.03


Tree=76
num_leaves=31
num_cat=0
split_feature=69 7 30 64 12 34 51 65 36 8 39 28 28 47 2 8 1 36 34 2 26 36 69 28 1 53 59 47 40 8
split_gain=5.66797 2.60675 2.41923 2.38662 1.82906 1.6393 1.85312 1.3397 1.32663 1.3022 1.58114 1.26634 1.17762 1.05754 0.918935 0.870127 0.990088 0.818241 0.811421 0.82929 0.770019 0.754902 0.78777 0.581949 0.485997 0.399285 0.386459 0.362684 0.16501 0.0764772
threshold=0.022327792830765251 0.049467988312244422 -0.0019948463886976238 0.80769231915473949 -0.090549964457750307 0.0066897240467369565 -0.0031575784087181087 1.590309798717499 0.0124175101518631 0.00081880390644073497 0.018852975219488147 -0.0032486992422491308 -0.017083778977394101 -0.011622995138168333 0.20191761851310733 -0.079103246331214891 -0.18121735751628873 0.0016966462135314944 0.059562180191278465 0.29182536900043493 -0.0015724226832389829 -0.0085184797644615156 -0.233113057911396 0.0080702798441052454 0.18218737095594409 -0.0076021624263375989 0.016620539128780368 0.0040445448830723771 -0.0035246824845671649 -0.082121826708316789
decision_type=2 2 2 2 2 2 2 2 2 2 2 2 2 2 2 2 2 2 2 2 2 2 2 2 2 2 2 2 2 2
left_child=3 5 4 8 29 6 13 -6 18 10 -7 15 -8 -2 23 26 -17 -11 19 -1 25 28 -23 -4 -22 -10 -5 -16 -13 -3
right_child=1 2 14 11 7 9 12 -9 20 17 -12 21 -14 -15 27 16 -18 -19 -20 -21 24 22 -24 -25 -26 -27 -28 -29 -30 -31
leaf_value=-0.010785849448210844 -0.0052769692073312887 0 -0.0085525106770548837 -0.0050350763839135497 0.011849233466851286 0.0097446747666775132 0.00027360749935641216 -0.00028929900277541062 0.0080421996943069209 -0.0059320810778498 -0.0041246221228202259 -0.00051129122185429793 -0.0077256170159585094 0.004529681855997311 0.0069563370840581666 0.0098908556466655844 -0.00011695332061045366 0.0034003876808561392 0.00062298143012676568 0 -0.0076187746194683837 -0.010913124864228938 0 0 5.259968298030663e-05 0 0.0020132264724902478 0 0.0037416192957544091 -0.0053668971115310637
leaf_weight=63.597506072932447 5.9371146323828716 0.48117425193777341 9.9643969494791254 7.7263389598519989 60.294062868546462 32.504014904028736 14.308706105832242 3.6952199956867835 4.4135928949981462 10.923969997063979 2.8835142169555175 1.8142356397875117 43.095670666516526 37.84919417668425 7.1117000618833099 17.310963595489739 5.4744709027872913 10.640672790104871 0.72171521140262385 2.3654407551512113 10.176158948946975 11.816497070962217 7.248553913785142 3.688519511211779 1.2273031710210478 6.2511266826040828 4.4578581061796285 3.2544205136946402 5.7348973590706036 2.0621832738688672
leaf_count=11787 381 31 960 212 1852 1405 873 118 347 854 180 210 3636 1912 301 443 249 547 6 141 1793 956 413 441 60 942 93 193 286 193
internal_value=0 0.00276336 0.00669049 -0.0045131 0.00949645 0.000194692 -0.00188253 0.0107432 -0.00752717 0.00422374 0.00750103 0 -0.00538882 0.0021805 -0.000345239 0.00361305 0.0068183 -0.000424547 -0.00952661 -0.0100965 0 -0.0044211 -0.00733227 -0.00553194 -0.00519989 0.00399082 -0.000875064 0.00411088 0.000532454 -0.00422395
internal_weight=399.031 248.695 90.5517 150.337 66.5326 158.143 101.191 63.9893 88.7528 56.9522 35.3875 61.5838 57.4044 43.7863 24.019 34.9696 22.7854 21.5646 66.6847 65.9629 22.0682 26.6142 19.0651 13.6529 11.4035 10.6647 12.1842 10.3661 7.54913 2.54336
internal_count=31815 13877 4089 17938 2194 9788 6802 1970 15076 2986 1585 2862 4509 2293 1895 997 692 1401 11934 11928 3142 1865 1369 1401 1853 1289 305 494 496 224
is_linear=0
shrinkage=0.03


Tree=77
num_leaves=28
num_cat=0
split_feature=69 69 34 55 34 47 46 62 12 24 23 30 40 46 18 20 28 40 20 50 63 49 30 23 49 19 19
split_gain=5.53651 2.22917 2.50907 2.52575 2.27038 2.26667 2.11007 1.95937 1.95058 2.15614 2.01919 1.83143 1.72634 1.45448 1.37979 1.28169 0.94574 0.878465 0.837197 0.498824 0.402855 0.296278 0.291344 0.151632 0.139348 0.157367 0.0382456
threshold=1.0227915048599245 -0.011144293006509541 0.0053163189440965661 -0.0042958334088325492 0.005649394355714322 -0.01468391716480255 0.022996146231889728 -0.0062966346740722648 0.012920068576931955 0.0026600249111652379 0.028423957526683811 -0.0026398813351988788 -0.014812778681516646 -0.0075095370411872855 -0.010630190372467039 -0.024925723671913144 -0.037837464362382882 -0.029162405058741566 0.015539723448455335 0.0096747875213623064 0.0016459766775369646 -0.012373184785246847 0.0045274198055267343 0.038688659667968757 -0.017816666513681408 0.045334719121456153 -0.010523095726966856
decision_type=2 2 2 2 2 2 2 2 2 2 2 2 2 2 2 2 2 2 2 2 2 2 2 2 2 2 2
left_child=1 2 3 16 8 21 17 23 10 -10 -3 13 -7 26 -5 -15 -1 -4 19 -13 -20 -6 -8 24 -2 -26 -9
right_child=7 4 6 14 5 12 22 11 9 -11 -12 18 -14 15 -16 -17 -18 -19 20 -21 -22 -23 -24 -25 25 -27 -28
leaf_value=0 0 -0.0085621587613666141 0 -0.0044897675555792367 0 -0.0011363613298001631 0.0048469329450113773 0 0.006960493894708656 -0.0041768986590725102 0.0029916425402901621 -0.0072489433813386741 0.0089888527483248156 0 0.0049608154843732762 0.01314847573031692 -0.011372468806600511 -0.013946209612246787 0.0079721144159636687 0 0 -0.0099187875613019772 -0.0017089645014619005 0 -0.0060698645762622301 0 -0.0024863164621615067
leaf_weight=2.4564537623518872 2.3568590325885443 49.931542462130892 3.4146441815246353 12.458807815855833 1.5047000805352579 12.982422675733686 5.7754173643406821 1.0532560710562395 27.218597919883905 22.977748970413813 10.790913244796682 8.1426710879313777 47.714162852367735 3.1002826222393187 41.402417391400377 49.882254746218678 17.810160819804878 36.793509903240192 8.7765274400007893 4.5223528623464508 6.3326370316208331 4.3215644534575395 1.5225956556532763 1.7867493034573261 8.5440262585761939 1.5189724676311005 2.1628786086221217
leaf_count=65 61 6093 152 1788 107 805 290 36 1429 1892 734 451 3240 180 3768 780 2762 4961 199 144 202 673 199 117 490 49 148
internal_value=0 -0.00203757 -0.00508055 -0.000991831 0 0.00432716 -0.0101872 0.00600482 -0.00246461 0.00140221 -0.00598109 0.00778216 0.00644486 0.010722 0.00206941 0.0119893 -0.00911437 -0.0127404 0.00019005 -0.00369873 0.00505078 -0.00775104 0.000901027 -0.00222979 -0.00364911 -0.00487088 -0.00109538
internal_weight=397.255 299.076 121.634 74.1278 177.442 66.5229 47.5062 98.1795 110.919 50.1963 60.7225 83.9729 60.6966 56.1987 53.8612 52.9825 20.2666 40.2082 27.7742 12.665 15.1092 5.82626 7.29801 14.2066 12.4199 10.063 3.21613
internal_count=31815 28958 13985 8383 14973 4825 5602 2857 10148 3321 6827 2140 4045 1144 5556 960 2827 5113 996 595 401 780 489 717 600 539 184
is_linear=0
shrinkage=0.03


Tree=78
num_leaves=31
num_cat=0
split_feature=69 3 63 20 35 47 28 28 62 62 49 56 1 16 4 59 55 66 14 27 11 20 47 52 17 0 52 58 10 47
split_gain=5.37643 2.34641 1.92443 1.80903 1.72257 1.63841 1.79508 2.05273 1.55831 1.48705 1.48284 1.41852 1.25365 1.23961 0.963811 0.829656 0.724764 0.677486 0.582919 0.305754 0.39477 0.224096 0.137985 0.102866 0.0988385 0.0717978 0.070326 0.0190875 0.0143333 0.0136568
threshold=1.0227915048599245 0.0027532125823199753 0.0040534147992730149 -0.0057339575141668311 0.00041204318404197698 0.011369612999260427 0.036771841347217567 -0.01636478956788778 -0.0006185714155435561 -0.0055299103260040275 0.0051896795630455026 -0.0057704029604792586 -0.038945108652114861 0.076040074229240431 -0.040668031200766556 0.003704333677887917 0.019533613696694378 0.3476832807064057 0.004211999475955964 -0.0037155710160732265 -0.060593169182538979 -0.026573684066534039 -0.006701309233903884 -0.016603939235210415 -0.022749237716197964 0.27294608950614935 -0.0023061875253915782 -0.0094257816672325117 -0.02375894412398338 -0.00044964347034692759
decision_type=2 2 2 2 2 2 2 2 2 2 2 2 2 2 2 2 2 2 2 2 2 2 2 2 2 2 2 2 2 2
left_child=1 5 3 22 13 6 7 -1 18 29 11 -7 -11 16 -10 -12 -3 -8 -6 23 27 -22 28 -4 -24 -25 -15 -21 -2 -5
right_child=2 4 19 9 8 10 17 -9 14 12 15 -13 -14 26 -16 -17 -18 -19 -20 20 21 -23 24 25 -26 -27 -28 -29 -30 -31
leaf_value=0.0020536987250541323 0.0012960005102510728 -0.012265207273316375 0 0 0.0048488407138360546 -0.0012527993701840659 0.0092008430326916482 -0.0054221559855965051 0 0 -0.0086163779278292871 0.0096332596518837656 0.013850275274476799 0 -0.0099246166337863713 0.0021410692357730038 0 -0.00038815040211758817 -0.0016722275372365624 0 0 0.0049121143774268428 0 -0.0063547721840773279 -0.0047646507343454426 0 0.0029742615986395379 -0.0032438865242258945 0 -0.0012794682517121192
leaf_weight=39.556541129917605 2.6802890059771021 38.502321129330085 1.8906872176448812 5.3282959593925625 23.641820053111587 7.3383052181306985 11.985359849524682 92.932882151959348 6.6542664830703897 5.1148519476992069 6.2632282748090784 32.706827118818182 44.199137550225714 0.49481219454901326 17.177821351142484 4.7075715882092481 2.3911763180149128 1.4877532207610773 9.398873039033786 2.2505664723576047 1.6025344888621571 17.979157511668738 1.0901291367190422 4.3434609189280335 4.6319987245369685 0.47838694596430276 2.6366610381373894 2.1041214056313065 1.1456719322304705 2.5081428185512769
leaf_count=2400 91 7327 64 110 2338 445 630 8185 999 129 473 1216 690 74 2808 241 187 121 1311 45 78 417 75 336 397 23 203 108 71 223
internal_value=0 -0.00200875 0.0059445 0.00863707 -0.00561091 0 -0.00169406 -0.00297842 -0.00129403 0.0105909 0.00431161 0.00705475 0.012369 -0.00987491 -0.00675868 -0.00289676 -0.0113307 0.00669954 0.00222923 0 0.00137939 0.00378828 -0.000616151 -0.00433516 -0.00347813 -0.00564245 0.000723998 -0.00248089 0 0
internal_weight=395.224 297.876 97.3474 66.6985 100.898 196.978 145.963 132.489 56.8728 57.1504 51.0159 40.0451 49.314 44.025 23.8321 10.9708 40.8935 13.4731 33.0407 30.6489 23.9364 19.5817 9.54809 6.71254 5.72213 4.82185 3.13147 4.35469 3.82596 7.83644
internal_count=31815 28958 2857 1786 15247 13711 11336 10585 7456 1152 2375 1661 819 7791 3807 714 7514 751 3649 1071 648 495 634 423 472 359 277 153 162 333
is_linear=0
shrinkage=0.03


Tree=79
num_leaves=28
num_cat=0
split_feature=69 65 29 14 46 51 39 65 2 22 51 4 8 8 35 2 1 16 42 17 54 65 59 39 22 22 51
split_gain=5.2808 3.14919 2.62033 2.02094 2.23354 1.76301 1.78878 1.74288 1.46147 1.43762 1.01565 1.00691 0.982821 0.726772 0.511533 0.390698 0.275451 0.210301 0.177812 0.124825 0.0974016 0.0704251 0.064002 0.0300295 0.0786492 0.014252 0.001909
threshold=1.0227915048599245 -0.51201376318931568 0.010140586644411089 0.0052065923810005197 -0.0029005222022533412 0.010595037136226894 -0.0083987899124622328 1.2038533091545107 0.13636488467454913 -0.037847734987735741 -0.0070649171248078338 -0.11401360481977461 0.11469153314828874 -0.024560675024986264 -0.011113841086626051 0.24889405071735385 -0.23972791433334348 0.016633637249469761 -0.024602407589554783 0.072138160467147841 0.027180498465895656 2.2690527439117436 -0.01099935546517372 0.0059617049992084512 0.002216034685261548 -0.033205352723598473 0.021120706573128704
decision_type=2 2 2 2 2 2 2 2 2 2 2 2 2 2 2 2 2 2 2 2 2 2 2 2 2 2 2
left_child=1 11 3 7 -5 6 17 -3 10 13 -8 23 -11 -4 -13 18 -16 20 -7 -20 -2 -10 -19 25 -25 -1 -17
right_child=5 2 9 4 -6 15 8 -9 21 12 -12 14 -14 -15 16 26 -18 22 19 -21 -22 -23 -24 24 -26 -27 -28
leaf_value=0 -0.0046143218582835191 0 -0.0037253959457760177 0.0017675416452503803 -0.0071760221570979152 0 0.00029753705956803237 0.007170958170554291 -0.0029206303726720092 -0.0089580179291550328 0.012222661063339963 0 0.0015926056503771584 0.0067071998409919641 0 0 -0.014820151947674692 0 -0.0092413239065549449 0 0 0 0.0025814004836174176 0 0.0036563771840367625 -0.0014935141130538857 0.00049195080297848525
leaf_weight=0.17032661555276751 7.6960163957264722 67.313162397113047 3.4356464773154585 42.448089015699225 41.984270530374488 0.92105655395425845 13.454786346439503 52.500743944576243 2.7776479411404571 51.418339148542145 53.850181899644667 2.5880158790823833 2.3181491737486786 7.7242704754316929 0.22574683401035756 0.48987357693840783 19.925365698807575 0.7336736752768046 4.4255278884957061 0.40978145168628533 0.83608264569193114 3.6346045805548783 5.244773526559583 0.56533430414856445 2.1279728911467828 1.8785304092743924 2.0991247966885567
leaf_count=38 478 6498 271 3314 4200 30 377 1533 180 6029 954 682 223 553 24 41 4951 32 405 16 25 71 178 80 169 393 70
internal_value=0 -0.00199236 -0.000791034 0.00077883 -0.00249679 0.00591638 0.0072949 0.00333505 0.00913375 -0.0058633 0.0104391 -0.0109013 -0.00789529 0.00148009 -0.0131082 -0.00368233 -0.0144156 -0.000455974 -0.00703658 -0.00839175 -0.00367402 -0.000509404 0.000985646 0 0.00178491 -0.000597479 0
internal_weight=393.197 296.624 269.143 204.246 84.4324 96.5731 88.2278 119.814 73.7172 64.8964 67.305 27.4813 53.7365 11.1599 22.7391 8.34536 20.1511 14.5105 5.75637 4.83531 8.5321 6.41225 5.97845 4.74216 2.69331 2.04886 2.589
internal_count=31815 28958 22621 15545 7514 2857 2295 8031 1582 7076 1331 6337 6252 824 5657 562 4975 713 451 421 503 251 210 680 249 431 111
is_linear=0
shrinkage=0.03


Tree=80
num_leaves=31
num_cat=0
split_feature=69 7 1 37 63 24 44 11 24 68 16 2 1 7 33 37 25 26 18 0 69 11 21 17 9 68 42 0 2 25
split_gain=5.10916 2.51861 2.21711 2.09099 2.15183 2.34527 1.91591 1.54235 1.33255 1.57625 1.56834 1.26748 1.02986 1.04992 0.932725 0.879615 0.873923 0.782611 0.69621 0.586787 0.504395 0.467175 0.462093 0.457236 0.426372 0.425083 0.339966 0.281658 0.0423325 0.0412017
threshold=0.022327792830765251 -0.0036754757165908809 -0.21581314504146573 -0.0085211079567670805 0.0072190817445516595 0.017081420868635181 0.021732322871685032 -0.025551617145538327 -0.012079738080501555 0.2452666983008385 -0.1026143543422222 0.016346365213394169 0.14526309072971347 -0.039589222520589822 0.00074985623359680187 -0.031924897804856293 -0.02037965506315231 -0.014190075919032095 -0.0099782496690750105 -0.046987654641270631 -0.74097138643264759 0.0029108617454767232 -0.022723279893398281 0.092993061989545836 -0.068302817642688737 -0.27047011256217951 -0.00071381404995918263 -0.28301882743835444 0.035649783909320838 0.029467102140188221
decision_type=2 2 2 2 2 2 2 2 2 2 2 2 2 2 2 2 2 2 2 2 2 2 2 2 2 2 2 2 2 2
left_child=2 7 16 11 5 -5 8 17 10 -10 -4 14 13 -9 -3 -13 19 28 29 -1 26 -6 -20 -19 -21 -22 -18 -14 -2 -8
right_child=1 3 6 4 21 -7 18 12 9 -11 -12 15 27 -15 -16 -17 20 23 22 24 25 -23 -24 -25 -26 -27 -28 -29 -30 -31
leaf_value=0 0.0021576924087418734 0.0074004836032618088 0.0010768209148340692 0.010327905089784564 -0.0041315071053338185 -0.00022165847428745291 -0.0034844173460127407 0.0070594947529623465 -0.0077086178314995863 0.00029368806652563668 -0.014680144739804942 4.8971578125887092e-06 0 -0.00025482455589949767 -0.0022427170410579404 -0.010468755095951245 0.0059449676650481943 -0.011648937870447075 0 0 0 0.0025206558300421263 0.0096895399499434248 0 0.010645281823395233 -0.0076261863451310948 -0.000455894750396241 -0.007687828258935523 -0.0001711584956567311 0
leaf_weight=1.423144547472474 3.1391192827431977 12.870115151308712 1.9469677619345009 86.393511734873755 13.927378958673218 16.791851665650029 1.9942309186299101 23.771838579690662 40.657812779732922 29.312559307276388 30.489055715937866 3.6351525815698542 2.5320984671416227 26.698872208260585 8.0734280766628199 11.035183043481082 5.0265780847839761 14.31315690478368 0.56039894964487746 1.5000435915717378 3.8111489166622041 10.717305162863338 7.138095442329357 1.3028874287265342 10.368614746344972 9.2846215650788526 3.2858040126302512 7.335666157625381 2.0489781996584497 0.50005988062184759
leaf_count=62 185 643 101 3325 728 987 385 1097 6147 4222 4684 171 447 1519 810 806 358 1338 111 91 232 686 489 40 179 465 339 893 202 73
internal_value=0 0.0026423 -0.00433019 0.00478256 0.00655343 0.00840292 -0.00636445 -0.00134789 -0.00768469 -0.00416006 -0.0129155 -0.000859278 0.000779769 0.00297521 0.00281101 -0.0070068 0.00148539 -0.00763673 0.00308908 0.00673516 -0.00129612 -0.000289451 0.00754939 -0.0103519 0.00897198 -0.00497677 0.00194032 -0.00565573 0 -0.00252647
internal_weight=391.886 244.587 147.299 163.444 127.83 103.185 112.599 81.1426 102.406 69.9704 32.436 35.6139 60.3385 50.4707 20.9435 14.6703 34.7 20.8041 10.1928 13.2918 21.4082 24.6447 7.69849 15.616 11.8687 13.0958 8.31238 9.86776 5.1881 2.49429
internal_count=31815 13877 17938 8156 5726 4312 16212 5721 15154 10369 4785 2430 3956 2616 1453 977 1726 1765 1058 332 1394 1414 600 1378 270 697 697 1340 387 458
is_linear=0
shrinkage=0.03


Tree=81
num_leaves=30
num_cat=0
split_feature=65 20 11 7 50 20 38 28 35 1 46 42 20 16 13 13 52 50 57 67 61 1 40 1 16 14 43 43 17
split_gain=4.63374 2.77363 2.69988 2.65128 2.02301 2.53893 1.81931 1.81097 1.70455 1.56635 1.04345 0.982627 0.972976 0.954826 0.931745 0.769013 0.626851 0.623587 0.582903 0.56382 0.435663 0.433557 0.376713 0.370451 0.306508 0.285583 0.270675 0.218101 0.0639151
threshold=0.1761327460408211 -0.029698539525270459 0.043754078447818763 0.078810997307300582 0.0039278771728277215 0.043341554701328285 -0.018167801201343533 -0.00070647289976477612 0.016171008348464969 -0.20745094120502469 -0.016000101342797276 0.0065341363660991201 -0.024262230843305584 0.079873651266098036 -0.0098458677530288679 0.019082337617874149 0.01613996829837561 0.00062540918588638317 0.0071355514228343972 0.48852075636386877 -0.0058619203045964232 -0.037433698773384087 0.014335450250655414 0.018615871667861942 0.076040074229240431 -0.027324385941028592 -0.0067129842936992637 -0.0025346959009766574 -0.038969688117504113
decision_type=2 2 2 2 2 2 2 2 2 2 2 2 2 2 2 2 2 2 2 2 2 2 2 2 2 2 2 2 2
left_child=2 9 3 8 5 6 -3 11 13 22 28 -6 -9 -1 19 18 -12 -10 26 -5 -17 -22 25 -7 -16 -2 -4 -20 -11
right_child=1 4 15 14 7 23 -8 12 17 10 16 -13 -14 -15 24 20 -18 -19 27 -21 21 -23 -24 -25 -26 -27 -28 -29 -30
leaf_value=-0.012349601778052444 0 -0.0013910486160288236 0 0.010207218816241153 0.0052871838453481725 -0.0054701317639306683 0.0080621235412542819 0.0017637247863218667 0.0042906223782168008 0.0027934050906931965 -0.012748264231883667 -0.0026917431840516848 -0.0087571390190019621 0 -0.0055226606134309349 0 0 -0.005911893324098208 0 0 0 0.010596930114080865 -0.00070356295734489392 0 7.1293670077037907e-05 0.0079870504361173652 -0.0077072269975625024 0.0055054404480846947 0
leaf_weight=59.546322778995091 0.57792378900921892 13.732001152209703 3.3715681185130952 7.3668565969710489 36.209657234867336 12.84352798733744 123.67360394261777 3.169265777483818 8.6401754678518028 2.3718809539859649 18.183699380082547 11.613948328245895 22.362302472523879 2.3357760807703007 7.6062081045602081 6.0448702655121442 2.396885908470721 3.8731212574639349 0.95411890554532863 1.2879487940372198 0.70928151413681817 9.0751376101543411 0.91772217163816083 9.3508958917518594 1.5035644882009362 6.1969672916457048 7.1372725113760707 4.2040827838645773 2.2514671876851962
leaf_count=11823 112 615 270 435 1466 658 4718 153 896 63 1638 692 1937 247 857 398 159 786 207 492 66 456 42 367 111 151 1390 417 193
internal_value=0 0.00222676 -0.00468786 -0.00725617 0.00346888 0.00533099 0.00689106 -0.000281342 -0.00968725 -0.00507472 -0.00865874 0.0027102 -0.00639362 -0.0115904 0.00149858 0.00196967 -0.0111909 0 -0.00130939 0.00756296 0.00619067 0.00897301 0.00308949 -0.00271539 -0.00277511 0.00623167 -0.00554797 0.002853 0
internal_weight=389.508 265.852 123.656 92.16 232.955 159.6 137.406 73.3552 74.3954 32.8965 25.2039 47.8236 25.5316 61.8821 17.7646 31.4963 20.5806 12.5133 15.667 8.65481 15.8293 9.78442 7.69261 22.1944 9.10977 6.77489 10.5088 5.1582 4.62335
internal_count=31815 12964 18851 15647 10606 6358 5333 4248 13752 2358 2053 2158 2090 12070 1895 3204 1797 1682 2284 927 920 522 305 1025 968 263 1660 624 256
is_linear=0
shrinkage=0.03


Tree=82
num_leaves=31
num_cat=0
split_feature=69 18 55 24 34 18 55 36 1 58 38 34 20 10 9 29 42 5 3 21 18 30 68 9 20 38 9 15 34 13
split_gain=4.63824 2.29744 3.08132 2.06389 1.94521 2.93628 2.30179 1.86418 1.60458 1.46051 1.3901 1.37729 1.34956 1.22718 1.15794 1.06546 1.2303 0.960581 0.924758 0.819443 0.646194 0.55445 0.485969 0.413465 0.37885 0.365442 0.329018 0.171876 0.13164 0.0456293
threshold=0.022327792830765251 0.018486954271793369 0.002313114702701569 0.01580370590090752 0.0054849358275532731 -0.010630190372467039 -0.0042958334088325492 0.0018895119428634646 -0.076196268200874315 -0.0040900856256484977 0.0097712352871894854 0.029407229274511341 -0.029698539525270459 -0.065574698150157915 -0.064661242067813859 -0.050299361348152154 0.028443458490073684 0.0082820802927017229 -0.12230796366930007 0.014838315546512605 0.026552803814411167 0.0043314094655215749 -1.0000000180025095e-35 -0.097310796380043016 0.032492704689502723 0.021015025675296787 -0.047618418931961053 -0.081219017505645738 0.0011621746234595778 -0.022166300565004345
decision_type=2 2 2 2 2 2 2 2 2 2 2 2 2 2 2 2 2 2 2 2 2 2 2 2 2 2 2 2 2 2
left_child=4 2 7 10 5 19 18 17 21 -9 12 15 -3 -10 -8 -6 -17 -2 -7 23 28 -4 27 -1 -24 -12 -22 -13 -5 -21
right_child=1 3 8 20 11 6 14 9 13 -11 25 22 -14 -15 -16 16 -18 -19 -20 29 26 -23 24 -25 -26 -27 -28 -29 -30 -31
leaf_value=0 -0.0060507710408587816 -0.00088074478768859917 -0.0025306766881860229 0 0 0.0009267309965466467 -0.0028317239543793095 -6.5934669974542623e-05 0 0.0089679877543359168 -0.0035998632329162757 0 0.011545550017665529 -0.012530983380224932 0.0072245260340670957 -0.013303312730588657 9.4926039696789196e-05 0.0016713410446826402 -0.0095322676307966741 -0.0022186335776330319 0 0.0056661433011243496 0.0074601287797004118 -0.013815766410086259 0 0.0036697244052285036 -0.0087621200276863775 -0.0061094549012478691 0.0043231654701771146 0.00053515769769910289
leaf_weight=1.1481879543716775 16.715991804681835 3.2830980305443509 8.5217316870694066 1.2982638829271298 2.3128238102508467 4.153929655498362 5.3056254251132478 14.24644451093627 9.894787367142273 45.233076547141536 7.283551224798428 2.3909654534654692 54.106053030365729 22.003117211774224 44.802336366941745 37.810068310507631 2.0720823841693337 31.191072942034225 12.11112454808608 2.7221444383903872 2.0273571453872128 7.9700926142395465 5.1462259456311568 13.489275142012049 1.3853294803702736 7.602373711677501 6.8621500462031682 4.8686816525587346 3.9921010881080292 5.6685920025192882
leaf_count=203 1565 219 473 131 72 77 965 818 422 2014 573 54 1927 2786 4294 5525 93 1492 2096 345 173 396 244 2622 125 314 464 752 110 471
internal_value=0 0.00252708 0.000108424 0.00631284 -0.00415442 -0.000894292 0.00204546 0.00309921 -0.0056355 0.00650161 0.00837456 -0.00836829 0.0103402 -0.00921865 0.00545503 -0.0108054 -0.0120058 -0.000773259 -0.00586053 -0.00929112 -0.00207532 0.000431386 0 -0.0126793 0.0044045 0 -0.00665199 -0.00417472 0.00219511 0
internal_weight=387.619 242.231 155.776 86.4549 145.387 89.4012 66.373 107.387 48.3897 59.4795 72.2751 55.9862 57.3892 31.8979 50.108 42.195 39.8822 47.9071 16.2651 23.0282 14.1799 16.4918 13.7912 14.6375 6.53156 14.8859 8.88951 7.25965 5.29036 8.39074
internal_count=31815 13877 9966 3911 17938 11073 7432 5889 4077 2832 3033 6865 2146 3208 5259 5690 5618 3057 2173 3641 878 869 1175 2825 369 887 637 806 241 816
is_linear=0
shrinkage=0.03


Tree=83
num_leaves=30
num_cat=0
split_feature=69 64 69 12 11 29 46 14 6 51 46 64 27 64 46 51 11 50 21 32 34 52 61 15 58 50 11 21 14
split_gain=4.48608 2.63299 2.13883 1.96906 1.91473 1.78221 2.85453 2.51805 1.67161 1.60261 1.59751 1.58329 1.52199 1.43578 0.810058 0.822618 0.778565 0.8293 0.535642 0.514274 0.297573 0.296826 0.248966 0.0839414 0.0637892 0.0563281 0.0295304 0.0160333 0.005154
threshold=1.0227915048599245 0.57692310214042675 -0.20139178633689878 0.0010541295632719996 -0.045641653239727013 0.0093761645257473009 -0.0038023330271244045 0.0030918680131435399 -0.12459480762481688 0.010595037136226894 0.014341901987791063 1.3461538553237917 0.019736424088478092 -1.0000000180025095e-35 -0.0031237155199050899 -0.0017803525552153585 0.068983457982540144 -0.037296976894140237 0.050910048186779029 0.0067985784262418756 -0.013588717207312582 -0.011519148945808409 -0.015641828067600724 0.036642756313085563 0.0045866779983043679 -0.014579867944121359 0.079729221761226668 -0.014440402388572691 0.032664835453033454
decision_type=2 2 2 2 2 2 2 2 2 2 2 2 2 2 2 2 2 2 2 2 2 2 2 2 2 2 2 2 2
left_child=1 2 16 8 19 6 12 -8 -4 10 11 -6 -3 -5 18 -16 17 -1 -7 21 28 -2 -11 -24 -12 -23 -18 -22 -21
right_child=4 5 3 13 9 14 7 -9 -10 22 24 -13 -14 -15 15 -17 26 -19 -20 20 27 25 23 -25 -26 -27 -28 -29 -30
leaf_value=0 0 0.010462551792695894 0.0025853282682801407 0.0069755920118786847 0.012885329121985633 -0.011409132535885861 0.0026501205767790071 -0.0098365121553872902 -0.0078811749452765804 0 -0.002550532523246793 0 -0.0010623012331266531 -0.0017496197316406573 0.0048972646076197576 -0.0058482330463013156 0.0018693129467696507 -0.010976944992373061 0 0 0 0 -0.0069254216736537484 0 0 -0.0086512638097672959 -0.00028173001693063138 -0.0011580527626220887 0.0059679874497187355
leaf_weight=1.1384806073474454 1.608218348002995 40.043468382762512 10.960082629680981 25.623165527780657 48.902310002711602 9.7421835910063255 37.894654223724501 16.003257422329625 45.210776900676137 0.9580280331429093 3.8314093142398615 8.7971860966354125 6.4729030955932094 26.174222278161324 9.4807582156645349 6.4924014454591079 2.4317892500257576 47.662087841672474 2.3400419272074933 2.5722445240826373 4.848465033690446 0.95763942913618194 2.9836639261629894 0.85883681921404775 4.1998832311946899 5.1465777199773557 2.6630835194373503 5.8250154252164039 3.5617907089763321
leaf_count=108 59 1312 649 2458 885 648 1396 1096 7098 28 248 355 474 2203 443 616 196 9802 118 54 109 36 280 68 96 385 341 203 51
internal_value=0 -0.00185994 -0.00438981 -0.00146401 0.00549022 0.0011478 0.00318893 -0.00106834 -0.00530412 0.00791159 0.00927664 0.0109549 0.00832904 0.00227249 -0.00462749 0 -0.00911978 -0.0102015 -0.00917147 -0.00061888 0.00122224 -0.0058937 -0.00291524 -0.00589572 -5.53856e-05 -0.00798901 0 -7.46496e-05 0.00519344
internal_weight=385.385 290.333 161.864 107.968 95.0513 128.47 100.414 53.8979 56.1709 70.5313 65.7308 57.6995 46.5164 51.7974 28.0554 15.9732 53.8954 48.8006 12.0822 24.52 16.8075 7.71244 4.80053 3.8425 8.03129 6.10422 5.09487 10.6735 6.13404
internal_count=31815 28958 22855 12408 2857 6103 4278 2492 7747 1960 1584 1240 1786 4661 1825 1059 10447 9910 766 897 417 480 376 348 344 421 537 312 105
is_linear=0
shrinkage=0.03


Tree=84
num_leaves=26
num_cat=0
split_feature=65 7 47 37 20 59 59 29 57 57 1 8 17 37 5 5 17 31 34 13 19 5 39 13 17
split_gain=4.18711 3.65201 1.90999 1.85402 1.74547 1.42934 1.42013 1.25358 1.21183 0.949489 0.911402 0.886481 0.776916 0.693601 0.592192 0.411442 0.364196 0.268029 0.197748 0.115418 0.103899 0.0638075 0.0197374 0.00174379 0.000534684
threshold=-0.44374415278434748 0.049467988312244422 -0.0011411719024181364 -0.01688397582620382 -0.040947396308183663 0.0089234244078397768 0.014952251687645914 0.017913307994604114 -0.011807666160166262 -0.0042594280093908301 -0.21064807474613187 -0.077224135398864732 0.04251165688037873 0.0080130370333790796 0.11656170338392259 -0.14382962882518766 0.022761984728276733 0.015860276296734813 -0.012746877968311308 0.03833307325839997 0.018681339919567112 0.023822546005249027 0.015986632555723194 0.031681649386882789 0.052593342959880836
decision_type=2 2 2 2 2 2 2 2 2 2 2 2 2 2 2 2 2 2 2 2 2 2 2 2 2
left_child=11 4 8 18 10 -5 7 -6 16 -8 21 19 15 -10 -12 -13 -3 -17 -4 22 -21 -2 23 -1 -14
right_child=1 2 3 5 6 -7 9 -9 13 -11 14 12 24 -15 -16 17 -18 -19 -20 20 -22 -23 -24 -25 -26
leaf_value=-0.0024642386255339177 0 0.0077374257147638046 0 0.012322516987677246 8.2166505495077192e-05 0 -0.0012487487674685718 -0.0059608775014286415 -0.0075633516566457424 0.0086958004389292663 -0.012243923304171813 0 0.00027996770055843526 0.00021859818877951876 0 -0.014163149398632998 0 0 -0.0049876856118854481 0.0047852378437749322 0 0.0027010839945605762 0 0 0
leaf_weight=1.7707761599740472 1.1361780486622617 11.749413874786111 1.4946668593620414 48.534545519025414 175.30870402097935 6.7522941212373544 4.2132395786029546 30.409738994057989 13.167967303947082 21.278698535243166 15.520059011643754 1.4303041895327684 1.1393712786375538 8.1243693248252367 3.3742249604547387 22.43020029797481 0.97004028235096562 2.7480291129031675 4.3428558435407458 2.6687775796017381 0.35501068711164396 2.8711464895168319 0.11624866882630147 0.18685385122080322 1.2583694830245802
leaf_count=328 147 220 163 1915 12683 340 299 3021 1188 863 1637 634 124 584 237 5573 85 742 333 169 47 109 22 14 338
internal_value=0 0.00102836 0.00591995 0.00889204 -0.000766107 0.0106536 0 -0.000789004 0 0.00613307 -0.0078583 -0.00931604 -0.0111022 -0.00397613 -0.0103169 -0.0124391 0.00617189 -0.0132036 -0.00224145 0 0.00319865 0 -0.00175478 -0.00238408 0
internal_weight=383.352 349.248 95.1362 61.1244 254.112 55.2868 231.21 205.718 34.0118 25.4919 22.9016 34.1039 29.0063 21.2923 18.8943 26.6085 12.7195 25.1782 5.83752 5.09767 3.02379 4.00732 2.07388 1.95763 2.39774
internal_count=31815 23824 4828 2751 18996 2255 16866 15704 2077 1162 2130 7991 7411 1772 1874 6949 305 6315 496 580 216 256 364 342 462
is_linear=0
shrinkage=0.03


Tree=85
num_leaves=28
num_cat=0
split_feature=69 11 27 11 68 51 46 13 43 69 53 37 25 41 16 37 24 8 25 41 60 67 44 39 58 67 22
split_gain=4.30175 1.95136 1.76621 1.6657 1.66093 1.43725 1.46011 1.43312 1.21138 1.17137 1.15702 1.15028 1.14338 1.07781 0.706782 0.533865 0.37876 0.359371 0.347175 0.239351 0.220401 0.18657 0.163928 0.0865598 0.0665866 0.0539994 0.0122538
threshold=1.0227915048599245 -0.024237226694822308 0.0097355060279369372 -0.045641653239727013 -0.35033805668354029 0.010595037136226894 0.014341901987791063 -0.15585875511169431 -0.0049749668687582007 0.53371572494506847 -0.0074597024358808986 0.0063776420429348954 -0.024709627032279965 0.011347450315952303 0.037944585084915168 0.0028442880138754849 -0.0077468417584896079 -0.023052670061588284 -0.0010320469737052915 -0.02129452675580978 -0.004153897985816001 -0.57775115966796864 0.016307517886161808 0.031327366828918464 0.0045866779983043679 0.21091075241565707 -0.0040598278865218154
decision_type=2 2 2 2 2 2 2 2 2 2 2 2 2 2 2 2 2 2 2 2 2 2 2 2 2 2 2
left_child=1 7 4 15 11 6 12 17 -6 13 16 -3 -5 -9 -12 22 -4 -1 -11 -7 21 -17 23 -2 -8 -21 -22
right_child=3 2 10 5 8 19 24 9 -10 18 14 -13 -14 -15 -16 20 -18 -19 -20 25 26 -23 -24 -25 -26 -27 -28
leaf_value=0 -0.0080281736713198396 -0.0080209617724245393 0.0035888531153849272 0 -0.0004075780089019738 0 -0.0026138251195348358 -0.011562340221034306 0.0051525255510024822 0.0035761718411082329 -0.0085862250156874403 0.0011487267342177186 0.011838468151399065 0 0 0.0065076761200565545 -0.0027076898056228272 0.0076091722574810937 -0.0039973319919487998 -0.0064093265641868465 0 0 0 0 0 0 -0.001056288634765966
leaf_weight=1.0911571830220053 5.1566832596727208 19.858528863653191 13.935050809668612 5.3069161534076548 43.216375052754302 1.3945701136835849 3.7715521349746259 38.947280799380678 80.364635717873171 8.1230606390745361 35.808703577793494 12.859452946475356 51.837442232121248 11.001434958023308 7.4109890118706963 4.9072034085984342 8.2523249468722479 3.2467839482706031 4.0512598129134849 2.9395354769658293 4.9838243175763672 2.4029909788514532 0.95477134751854453 0.97240156674524758 4.1238402821472846 0.38618837215472002 4.8843505743425268
leaf_count=117 345 2404 749 173 3591 47 248 5705 6303 507 4694 1245 1067 1379 694 123 1056 70 444 320 140 65 40 36 96 9 148
internal_value=0 -0.00182602 -0.000286004 0.00540614 0.0013101 0.00766402 0.00895975 -0.00616405 0.0030346 -0.0075744 -0.00434838 -0.00394702 0.0105651 -0.00944819 -0.00701433 -0.000260897 7.62093e-05 0.00406169 0 -0.00252832 0.00155016 0.00452138 -0.00595957 -0.00719862 0 -0.0057738 0
internal_weight=382.189 288.167 221.706 94.0223 156.299 69.76 65.0398 66.461 123.581 62.123 65.4071 32.718 57.1444 49.9487 43.2197 24.2622 22.1874 4.33794 12.1743 4.72029 17.1784 7.31019 7.08386 6.12908 7.89539 3.32572 9.86817
internal_count=31815 28958 20736 2857 13543 1960 1584 8222 9894 8035 7193 3649 1240 7084 5388 897 1805 187 951 376 476 188 421 381 344 329 288
is_linear=0
shrinkage=0.03


Tree=86
num_leaves=23
num_cat=0
split_feature=65 63 65 6 60 24 24 52 52 2 11 17 63 11 21 24 31 29 10 45 11 17
split_gain=3.95509 2.84335 2.38359 2.23135 2.57863 1.49287 2.23015 1.39044 1.11006 1.0378 1.36219 0.941741 0.876851 0.791853 0.552799 0.520485 0.49389 0.45985 0.279515 0.0225467 0.0157935 0.0136645
threshold=-0.48823863267898554 0.0062291808426380166 1.0094037652015688 -0.08230979740619658 0.0060365637764334687 0.0049859285354614266 -0.015445686876773832 -0.0042938068509101859 0.0041701020672917375 -0.14338077604770658 0.082295622676610961 -0.056154180318117135 0.021699295379221443 -0.032265350222587579 -0.0052172616124153129 0.02214339375495911 -0.0068265013396739951 0.011412508785724642 0.26088322699069982 -0.0006246450648177414 0.025625366717576984 0.022761984728276733
decision_type=2 2 2 2 2 2 2 2 2 2 2 2 2 2 2 2 2 2 2 2 2 2
left_child=12 3 9 4 14 6 -5 13 -6 19 -11 -7 15 -4 -2 17 -9 18 -1 -3 -19 -14
right_child=1 2 7 5 8 11 -8 16 -10 10 -12 -13 21 -15 -16 -17 -18 20 -20 -21 -22 -23
leaf_value=-0.014632563936453966 0.0045712752633950389 0.0016198199032332072 -0.00041543224378785658 -0.0018475950826450684 0.016566994146467354 0.004883440820165539 0.0057164662565546585 0 0 -0.012199652853092066 0.00014667092879951481 -0.0032466981760992447 0 0.0085847256464384805 -0.0020975268612298632 0 -0.0082381996313178208 -0.0013393589982250219 0 0 0 0.0014056305142670325
leaf_weight=19.190181796366247 14.802914670726752 2.7337768633879023 4.2541507696441867 45.906033354724059 19.796100484876664 8.0431369920697744 86.748481843038462 6.9111924464232288 3.9805511537415432 31.641272113876767 4.2261717729415968 78.577491710646427 0.42855886576580715 17.722220836818451 15.832190812245242 2.305088465116568 6.7140833478188124 2.9236569115018929 0.36914899526163836 4.844193614597315 1.8679221915663218 1.2243436698336152
leaf_count=4687 760 142 166 3541 429 468 5135 214 234 4067 366 7095 107 497 950 913 422 921 11 354 294 42
internal_value=0 0.000920635 -0.00379581 0.00243416 0.00766853 0.000859515 0.0029089 0.00124186 0.014205 -0.00824532 -0.0101709 -0.00193903 -0.00988751 0.00597632 0.000472245 -0.0113047 -0.00433809 -0.0124013 -0.0141651 0 0 0
internal_weight=381.043 352.734 79.0471 273.687 54.4118 219.275 132.655 35.6016 23.7767 43.4454 35.8674 86.6206 28.3089 21.9764 30.6351 26.656 13.6253 24.3509 19.5593 7.57797 4.79158 1.6529
internal_count=31815 24840 6228 18612 2373 16239 8676 1299 663 4929 4433 7563 6975 663 1710 6826 636 5913 4698 496 1215 149
is_linear=0
shrinkage=0.03


Tree=87
num_leaves=27
num_cat=0
split_feature=69 65 14 3 56 65 63 36 20 63 17 4 1 63 24 1 7 23 17 46 50 6 56 35 17 17
split_gain=4.04043 2.53415 1.68374 1.92256 1.67396 1.66646 1.57336 1.44842 1.40358 1.26623 1.04091 1.00075 0.930869 0.849129 0.506987 0.36211 0.190086 0.276309 0.143009 0.14086 0.0918205 0.0917264 0.0839089 0.0498171 0.0272301 0.0130469
threshold=1.0227915048599245 -0.49554412066936487 0.0052065923810005197 0.0027532125823199753 0.0021029841154813771 1.9095282554626467 0.0040534147992730149 -0.014121234416961668 -0.0057339575141668311 0.0047407001256942758 0.046824814751744277 0.089817970991134657 -0.038945108652114861 0.021699295379221443 0.02214339375495911 0.30634725093841558 0.030858188867568973 0.026976667344570163 -0.015453193336725233 -0.015580231323838232 -0.010393317788839338 -0.075989738106727586 0.011494226753711702 -0.010864760726690291 -0.052127540111541741 0.022761984728276733
decision_type=2 2 2 2 2 2 2 2 2 2 2 2 2 2 2 2 2 2 2 2 2 2 2 2 2 2
left_child=1 13 5 4 -4 9 7 20 23 -3 -7 -5 -10 14 15 -1 17 19 22 -8 -2 -20 -18 -9 -22 -15
right_child=6 2 3 11 -6 10 16 8 12 -11 -12 -13 -14 25 -16 -17 18 -19 21 -21 24 -23 -24 -25 -26 -27
leaf_value=-0.01307591942174517 0 0.0011846644536395478 -0.0047720235596456773 -0.011755715822821745 0.0036343411329482081 0.0083126341429696875 0 0 0 -0.0054761573745214856 -0.0013444767170501478 0 0.012329426753734845 0 0 0 0.0039581120919067042 0 0 -0.0076532429437293249 0 -0.0031453579776118457 0 -0.0020180754020856129 -0.004845542287557526 0.0013765354629778385
leaf_weight=22.098988856654625 1.2858828868193084 86.510901132765866 37.693105080514215 24.046045257862719 36.036387182248291 33.058572600741172 1.2846868968044871 2.1998095844173804 7.205999447614885 29.408963236826821 5.3207107754424205 7.3993545937264562 44.146302816428943 0.38076795106462569 2.2869356902956488 1.7693037862482004 9.4665464692807308 1.2722958636586552 6.9186316799605292 3.9481699663447243 0.22732207155786488 3.3444283401768127 3.1990149631164977 6.0089611188159306 2.6232112800644236 1.1969010422471908
leaf_count=5491 68 7138 3169 4281 2316 796 61 134 176 3255 191 971 757 102 897 315 175 38 199 283 16 232 83 381 254 36
internal_value=0 -0.00176878 -0.000638898 -0.00355293 -0.000312364 0.00120824 0.00526691 0.00776134 0.00912011 -0.000413656 0.00628159 -0.00924264 0.0108494 -0.00971123 -0.0111181 -0.0122152 0 -0.00359462 0.000895889 -0.00623136 -0.00280415 0 0.00292485 0 -0.00443595 0
internal_weight=380.338 287.207 259.474 105.175 73.7295 154.299 93.1313 63.6975 59.5611 115.92 38.3793 31.4454 51.3523 27.7329 26.1552 23.8683 29.4338 6.50515 22.9286 5.23286 4.13642 10.2631 12.6656 8.20877 2.85053 1.57767
internal_count=31815 28958 22117 10737 5485 11380 2857 1786 1448 10393 987 5252 933 6841 6703 5806 1071 382 689 344 338 431 258 515 270 138
is_linear=0
shrinkage=0.03


Tree=88
num_leaves=31
num_cat=0
split_feature=69 69 34 52 31 34 67 59 36 11 46 30 52 58 21 36 42 24 37 29 34 44 30 31 12 66 60 12 48 45
split_gain=3.89042 1.58707 2.19847 2.2618 1.74006 1.67468 1.72203 1.58256 2.16487 1.42526 1.40443 1.40248 1.38968 1.25523 1.20268 1.25446 1.11007 1.09473 0.576723 0.267361 0.228247 0.130965 0.123526 0.106847 0.0970313 0.109653 0.101408 0.0831733 0.0256861 0.00637046
threshold=1.0227915048599245 -0.011144293006509541 0.0053163189440965661 -0.007446013391017913 -0.015083615668117998 0.005649394355714322 -0.72279942035675038 0.004592590034008027 0.017284937202930454 -0.045641653239727013 0.022996146231889728 -0.014953274745494126 0.0057660592719912538 -0.0093107819557189924 -0.010936044156551359 -0.014121234416961668 0.02967142499983311 -0.0017488077282905576 0.0028442880138754849 -0.016142087057232853 -0.011538534890860317 0.016307517886161808 0.0045274198055267343 0.037655409425497062 -0.019899653270840641 0.53439682722091686 -0.0037721786648035045 0.047767132520675666 -0.0054081841371953479 -0.0064125249627977601
decision_type=2 2 2 2 2 2 2 2 2 2 2 2 2 2 2 2 2 2 2 2 2 2 2 2 2 2 2 2 2 2
left_child=1 2 3 11 -5 7 19 8 -3 18 16 -1 14 -8 28 -16 -4 -9 21 -7 27 23 -12 -2 26 -26 -14 -20 -11 -22
right_child=9 5 10 4 -6 6 13 17 -10 12 22 -13 24 -15 15 -17 -18 -19 20 -21 29 -23 -24 -25 25 -27 -28 -29 -30 -31
leaf_value=-0.0041895522611417203 -0.007996316459284206 -0.0072127132604328705 -0.012642395210793455 0.0022459809216048682 -0.0085203762925101269 0 -0.00093755749532485665 0.0078726206350970621 0.0035165117294357956 -0.00090210052055204198 0.0031282112244894319 0.0084824070910757814 0 0.0080403470090251693 -0.0011588990437412375 0.012751772583282415 0.00025548180447716398 -0.0012054144253933975 0.005918114562560685 -0.0074109906376850481 0 0 -0.0011382426248607309 0 0 0.0027776915336284857 -0.0046649308103095021 0 0.0011314311296222936 -0.00073345131694462472
leaf_weight=3.9019181299081565 5.212931291578573 60.019697199080838 35.851845652461634 12.985276704777787 31.154481989455235 1.8316207576863233 10.356684052734634 14.528000212594636 15.25528824374487 3.5635429621615913 5.5110158992174538 22.950655184475181 1.2937366347759964 45.628347193538502 1.4245686889043998 40.256178137438837 1.63826820658869 17.115270200396481 5.2882443041307887 6.3502912815893051 3.3909466925833867 0.91546753398142744 1.4180933951865879 0.78521541639929626 2.3131388946203488 9.6437232115422358 2.5499179430189551 2.7405223683454096 7.6147460110078082 5.657881236169481
leaf_count=342 352 6584 5033 1163 5204 191 606 935 989 230 290 1674 72 3118 147 662 80 1640 78 910 115 40 199 29 177 216 159 47 297 236
internal_value=0 -0.00173614 -0.00437712 -0.000498227 -0.00483631 0 0.00378272 -0.00215034 -0.00458101 0.00518253 -0.00929181 0.00533061 0.00728154 0.0059469 0.00944016 0.0115605 -0.011409 0.00264929 -9.56394e-06 -0.00538861 0.00190426 -0.00607027 0 -0.00711565 0 0.000918231 -0.00287368 0.00468098 0 0
internal_weight=379.148 286.497 115.412 70.9923 44.1398 171.085 64.1669 106.918 75.275 92.6508 44.4192 26.8526 68.6596 55.985 52.859 41.6807 37.4901 31.6433 23.9912 8.18191 17.0776 6.91361 6.92911 5.99815 15.8005 11.9569 3.84365 8.02877 11.1783 9.04883
internal_count=31815 28958 13985 8383 6367 14973 4825 10148 7573 2857 5602 2016 1960 3724 1336 809 5113 2575 897 1101 476 421 489 381 624 393 231 125 527 351
is_linear=0
shrinkage=0.03


Tree=89
num_leaves=31
num_cat=0
split_feature=7 67 9 63 41 8 56 24 4 53 24 6 11 4 45 24 67 20 42 4 22 63 31 35 5 54 14 22 36 22
split_gain=3.67135 3.01361 2.40865 2.83235 1.39032 1.34492 1.31107 1.19763 1.16819 1.16755 1.01041 0.995156 0.968862 0.86514 0.827222 0.766794 0.733415 0.665393 0.637862 0.627117 0.603325 0.527317 0.496549 0.589107 0.247608 0.156531 0.0749243 0.0975856 0.0584755 0.00873101
threshold=-0.0036754757165908809 0.55399784445762645 0.0058765709400177011 0.0044044395908713349 -0.012973703444004057 -0.060917533934116357 0.0054790005087852487 -0.014892399311065672 0.068308219313621535 0.0057696071453392514 0.0028577148914337163 -0.016570106148719784 -0.017768688499927517 -0.089927993714809404 0.017135849222540859 -0.031365349888801568 0.22519638389348987 -0.0074330009520053855 -0.027953432872891423 0.099174149334430708 -0.020789215341210362 -0.00024761445820331568 0.03273043408989907 0.022806935943663124 -0.04726100713014602 0.010207481682300569 -0.0096740089356899244 -0.0071955663152039042 -0.016861755400896069 0.024962972849607471
decision_type=2 2 2 2 2 2 2 2 2 2 2 2 2 2 2 2 2 2 2 2 2 2 2 2 2 2 2 2 2 2
left_child=4 2 6 10 11 20 7 -2 18 -8 -4 12 28 26 -14 24 -17 -5 -7 -10 25 -22 23 -15 -13 -6 27 -3 -1 -28
right_child=1 13 3 17 5 8 9 -9 19 -11 -12 15 14 22 -16 16 -18 -19 -20 -21 21 -23 -24 -25 -26 -27 29 -29 -30 -31
leaf_value=0 0.0029932488545626568 0 0.01201771607440336 -0.0064856029871258577 0.0070768367291959748 0 0.0079979717462565526 -0.0056345999209080231 0.0031961568709045901 -0.0014534970437845688 0.0021444725087325384 0 0.01088673212682425 -0.012581390481786628 -0.00021407280297843696 -0.010017381294241932 0 0.0016496737272708806 -0.0090766575142387611 -0.0046155102246873666 0.00012606945201886779 -0.0071512240507703821 0 0 0.0053870804297911504 0 -0.0010666715849931162 0.0042106824649366433 -0.0036019695507452207 0
leaf_weight=0.48679737484781105 12.957544711243825 0.77519050608680107 54.004604385103448 7.5072628371708587 6.8344881410303078 3.2230746154818908 22.295808246439265 38.119662112905644 12.995395370257031 10.475594729054135 23.814982449817762 1.7854076508374417 14.693046392829276 13.074711605033373 1.3778174312174076 9.5681274925518647 3.797998840615036 22.158775222094846 67.019057439894823 12.864897089355507 12.972480338590687 6.0574783887132062 2.7745476505951947 1.2610155296570145 4.723081313204605 1.1903339683922238 2.2839271659540858 3.7326892830024008 2.3348731416481341 0.63870917637541413
leaf_count=52 958 71 1889 677 355 231 1218 3434 1007 662 1412 114 715 3545 62 977 324 1061 8664 954 742 705 385 154 250 126 439 155 410 67
internal_value=0 0.00253756 0.00392793 0.00679713 -0.00335772 -0.00491623 0 -0.00283913 -0.00652757 0.00439002 0.00967034 0.00090399 0.00564141 -0.00611702 0.00868629 -0.00262205 -0.00660734 -0.000182139 -0.0084396 0 0 -0.00194793 -0.00923084 -0.0109794 0.00227039 0.0058897 0 0.00265462 -0.002332 -0.000232877
internal_weight=377.799 215.875 191.334 107.486 161.924 123.157 83.8486 51.0772 96.1024 32.7714 77.8196 38.7671 18.8925 24.5408 16.0709 19.8746 13.3661 29.666 70.2421 25.8603 27.0548 19.03 17.1103 14.3357 6.50849 8.02482 7.43052 4.50788 2.82167 2.92264
internal_count=31815 16127 11311 5039 15688 12784 6272 4392 10856 1880 3301 2904 1239 4816 777 1665 1301 1738 8895 1961 1928 1447 4084 3699 364 481 732 226 462 506
is_linear=0
shrinkage=0.03


Tree=90
num_leaves=31
num_cat=0
split_feature=69 11 55 30 64 27 55 41 11 1 51 46 44 2 6 27 11 28 30 15 1 21 1 11 42 28 11 49 2 26
split_gain=3.51942 1.95519 2.65204 2.05531 1.83181 1.75275 2.03836 1.27334 1.07397 1.00645 1.19782 0.915649 0.884052 0.849428 0.834009 0.814971 0.761611 0.714324 0.597579 0.601924 0.497941 0.653816 0.456144 0.37096 0.346215 0.335309 0.12468 0.102521 0.0782185 0.0675564
threshold=0.022327792830765251 -0.033294118940830224 -0.0063024144619703284 -0.00179902883246541 0.80769231915473949 0.007487647235393525 -0.011618480086326597 -0.013782694935798643 0.037809073925018317 0.13889363408088687 0.00036507332697510725 0.0017560385167598727 -0.0070910640060901633 0.30332534015178686 -0.055422067642211907 -0.034613952040672295 -0.012521974742412565 0.0044017978943884381 -0.005447244504466652 -0.027138084173202511 -0.022793047130107876 -0.0010320693254470823 0.3245928436517716 0.040159538388252265 0.01739092264324427 -0.0032486992422491308 -0.13220070302486417 -0.023470265790820118 0.35667073726654058 0.0011483300477266314
decision_type=2 2 2 2 2 2 2 2 2 2 2 2 2 2 2 2 2 2 2 2 2 2 2 2 2 2 2 2 2 2
left_child=4 2 20 5 7 6 -3 16 18 10 -5 -7 -10 15 29 -9 26 -14 25 -20 27 -22 -11 -18 -16 -6 -1 -2 -15 -4
right_child=1 3 14 9 8 11 -8 13 12 22 -12 -13 17 28 24 -17 23 -19 19 -21 21 -23 -24 -25 -26 -27 -28 -29 -30 -31
leaf_value=0 0 -0.003356806995296265 -0.0022354118259704163 0.0052525105099520452 0.0032416282858745604 -0.0048993741503434796 0.01050912671606073 0 -1.6328205371155354e-05 -0.0088620880052344125 -0.0021301455723731705 0.0043111380793632303 0.01337080923026494 0.0032600091695102707 -0.012961969452331324 -0.0098607700610446949 0.0066913481097519989 0 0 -0.0079873078367249436 0.0081253967167282896 0 0 0 0 -0.0023431986281974159 -0.0070022670934164668 -0.0032478144054535773 0 0
leaf_weight=0.37614906782255264 0.747921872884035 5.0747144254564764 7.1672855862125306 36.938395975957974 16.658865152945513 12.37732436344959 65.823038161048316 2.8923866508193887 4.0459923493035594 8.9357782703591493 26.486441843997454 16.896201094670687 7.4820627887675055 1.7191458682354999 14.673458566176125 59.409314122356591 9.4996143578100583 1.8383287545293567 4.3597197532944856 14.611886950136977 17.078259864851141 5.4041665445693026 5.1139508311171076 3.2313268509751643 1.5902787457453076 8.8664120713801804 4.8368670209529254 4.2132765850983587 0.89698690717341367 6.6167832577775698
leaf_count=23 6 442 369 1962 443 939 2258 394 237 1155 1965 744 161 63 1841 11994 975 162 197 1062 651 266 602 505 181 600 1032 188 90 308
internal_value=0 0.00223192 -0.00212557 0.00382596 -0.00367793 0.00655815 0.00896561 -0.00641869 0 0 0.00180068 0 0.00657086 -0.00825615 -0.00800023 -0.00906409 0 0.0105326 -0.00187267 -0.00544017 0.00362354 0.00562389 -0.0059919 0.00421722 -0.0118656 0.000252847 -0.00601986 -0.000702462 0.000364549 0
internal_weight=375.862 235.137 57.4914 177.646 140.725 100.171 70.8978 82.8618 57.8633 77.4746 63.4248 29.2735 13.3664 64.9178 30.0478 62.3017 17.944 9.32039 44.4969 18.9716 27.4436 22.4824 14.0497 12.7309 16.2637 25.5253 5.21302 4.9612 2.61613 13.7841
internal_count=31815 13877 3810 10067 17938 4383 2700 15076 2862 5684 3927 1683 560 12541 2699 12388 2535 323 2302 1259 1111 917 1757 1480 2022 1043 1055 194 153 677
is_linear=0
shrinkage=0.03


Tree=91
num_leaves=31
num_cat=0
split_feature=7 65 1 58 28 51 9 19 38 18 9 31 27 26 50 31 26 51 34 25 28 27 25 32 5 61 11 32 52 49
split_gain=3.42819 2.5653 1.87299 1.6713 1.58187 2.33573 1.53365 1.43947 1.39413 1.26967 1.37556 0.900112 0.974618 1.06372 0.864406 0.863189 1.16003 0.862754 0.84811 0.762098 0.659741 0.629574 0.596195 0.463238 0.462447 0.35919 0.358349 0.207665 0.188878 0.130791
threshold=-0.0036754757165908809 0.65282884240150463 0.090829934924840941 0.00014565885066986087 -0.0032486992422491308 -0.010147534310817717 -0.0028834529221057888 0.00021919608116149905 -0.005325816571712493 0.035118713974952705 0.11210113763809205 -0.023157658986747261 -0.012085836380720137 0.0043738000094890603 0.0048827901482582101 -0.013886565342545508 0.0015339925885200503 0.0025464878417551522 0.0070894300006330022 -0.023121625185012814 -0.006488329265266656 -0.0035590417683124538 -0.010242022573947905 0.015134491026401522 -0.023277088999748227 -0.010453218594193457 -0.03168754652142524 -0.0001424029469490051 0.012158844619989397 -0.028321791440248486
decision_type=2 2 2 2 2 2 2 2 2 2 2 2 2 2 2 2 2 2 2 2 2 2 2 2 2 2 2 2 2 2
left_child=4 2 3 8 11 19 17 14 -2 10 -7 24 25 -14 -8 22 -17 23 -5 29 -19 -21 -4 -3 -1 -13 -26 -11 -9 -6
right_child=1 6 15 18 5 9 7 28 -10 27 -12 12 13 -15 -16 16 -18 20 -20 21 -22 -23 -24 -25 26 -27 -28 -29 -30 -31
leaf_value=0 0 -0.0061288923299428295 0.0022663276167729459 0.0029244364697331598 0 -0.012788599386204984 0.010766060001895674 -0.0040113236451684298 -0.013158651238204254 0.0029833982530664111 0 0 0.0030928929794396967 -0.0049190390527451304 0 0 0.009247926614588068 0.0083568588767151519 -0.0063184910629374962 0.0083249537339437855 -0.00012815997983456302 0 -0.0070703332147721192 0 0 -0.0095737935703921091 0.0092251148351344039 -0.003053598309329698 0.00074186484666253669 -0.0060969805111960864
leaf_weight=4.2741250651015443 8.8515446213932609 13.303547769290164 3.2610918192222016 26.846377772795677 0.23579251243791066 41.715094830324233 55.805237330117961 5.453539222624384 17.436604323273059 5.8173617099091643 4.369968245693598 2.2002831180143394 35.399775054364 18.593388425651938 7.228356523482943 14.959726077140656 22.547238928687875 10.743306220858356 7.2970214632296111 10.172986432335168 4.1791542483842923 6.4668991411599537 6.1370594698673795 7.1785992597579016 0.90836010807834 10.790388402230745 10.298424080952824 4.7181678308843384 3.0397464269481134 4.2683333944587529
leaf_count=336 1407 662 223 2716 11 6089 973 411 3681 578 251 168 2731 1889 365 1401 1591 185 1436 551 210 586 556 203 115 1285 437 342 107 319
internal_value=0 0.00245903 -0.00058135 -0.00414838 -0.00326326 -0.00620167 0.00566858 0.00806446 -0.00916861 -0.00923863 -0.0111948 0 -0.00185193 0 0.0095999 0.00339326 0.00555552 0 0 0.000994916 0.00503895 0.0047339 -0.00208502 -0.00325888 0.00524403 -0.00790436 0.00777386 0 -0.000442303 -0.00488524
internal_weight=374.497 214.268 107.337 60.4315 160.229 77.7646 106.931 71.5269 26.2881 56.6206 46.0851 82.4647 66.9838 53.9932 63.0336 46.9051 37.507 35.4046 34.1434 21.144 14.9225 16.6399 9.39815 20.4821 15.4809 12.9907 11.2068 10.5355 8.49329 4.50413
internal_count=31815 16127 13011 9240 15688 8727 3116 1856 5088 7260 6340 6961 6073 4620 1338 3771 2992 1260 4152 1467 395 1137 779 865 888 1453 552 920 518 330
is_linear=0
shrinkage=0.03


Tree=92
num_leaves=28
num_cat=0
split_feature=65 20 36 18 55 7 36 47 32 20 36 32 46 27 68 49 50 39 50 13 52 55 52 23 31 52 27
split_gain=3.40775 2.72921 2.26223 1.98207 2.40137 1.69441 1.65728 1.47615 1.38224 1.36715 1.26956 1.34866 1.11111 1.08548 1.02106 1.0163 0.801633 0.783412 0.672224 0.491605 0.449328 0.411253 0.407945 0.337905 0.137925 0.106115 0.0297721
threshold=0.1761327460408211 -0.02879318222403526 -0.011955011636018751 0.027421906590461734 -0.0060144159942865363 0.069661706686019911 -0.017102427780628201 0.0087431157007813471 -0.013393738307058809 0.056327993050217635 0.0016966462135314944 -0.0075289355590939513 0.0052481330931186685 0.0052118822932243356 -0.48782961070537562 0.0082422606647014635 0.0028902702033519749 -0.03269135765731334 -0.011343421414494513 0.096663489937782301 -0.010948425158858298 0.018884005025029186 -0.017487611621618267 -0.0065064430236816398 -0.038956018164753907 0.0086409263312816637 -0.019820131361484524
decision_type=2 2 2 2 2 2 2 2 2 2 2 2 2 2 2 2 2 2 2 2 2 2 2 2 2 2 2
left_child=2 6 19 10 8 7 20 15 -5 -6 12 -12 -3 -9 24 -4 17 -8 -16 21 23 22 -1 -2 -7 -18 -22
right_child=1 3 5 4 9 14 16 13 -10 -11 11 -13 -14 -15 18 -17 25 -19 -20 -21 26 -23 -24 -25 -26 -27 -28
leaf_value=0 0 -0.0044536277212159307 -0.0083775034284182173 0.0060291636706457713 0.011986348132667914 0 0 0.0060046992495591759 -0.0069670064341026301 -0.0010244785610178588 -0.0023711728324406472 0.005661102983479065 0.0023349530860915816 -0.005381958406343341 0 0 -0.0025906230918824099 -0.014378640193288236 0.010072334239095263 0 0 0 -0.015575270844989742 0.0094423450562536055 -0.0044304682892636008 0.0014616353336337419 -0.0019914902870500164
leaf_weight=1.2817985672518322 0.82847114326432336 45.268144896617741 43.566813553108659 7.5880160051456214 46.348322667079628 0.53688668746326573 0.96907198327244159 15.921123286825607 11.248147103964582 2.827589029504451 16.504154984475463 64.674780323184677 27.822477507972508 5.0074187045393037 1.8994071314664367 12.04814970778534 6.6646620251412951 13.703668538582862 14.930887053640614 1.6692130747105682 1.2416465411661195 1.4928471450257337 15.739816037486891 4.1526803340821061 4.3092095672764144 3.0595541956136003 2.1027816409041389
leaf_count=369 88 2831 8289 253 1427 22 49 1522 790 155 1052 2633 1382 856 273 1894 539 1141 1219 103 98 155 3325 74 824 157 295
internal_value=0 0.00194849 -0.00410536 0.00323987 0.00739815 -0.00160022 -0.00529518 -0.00388793 -0.000306498 0.010659 0.00104357 0.00363715 -0.00150129 0.00161079 0.00456811 -0.00641427 -0.0091112 -0.0126776 0.00805673 -0.0123668 0.0028587 -0.0135133 -0.0145532 0.00716161 -0.00243956 0 -0.000405924
internal_weight=373.408 255.004 118.404 222.282 68.0121 98.2199 32.7225 76.5435 18.8362 49.1759 154.27 81.1789 73.0906 20.9285 21.6764 55.615 24.397 14.6727 16.8303 20.1837 8.32558 18.5145 17.0216 4.98115 4.8461 9.72422 3.34443
internal_count=31815 12964 18851 10523 2625 14899 2441 12561 1043 1582 7898 3685 4213 2378 2338 10183 1886 1190 1492 3952 555 3849 3694 162 846 696 393
is_linear=0
shrinkage=0.03


Tree=93
num_leaves=31
num_cat=0
split_feature=69 60 22 64 55 24 30 1 11 36 25 11 8 42 44 20 2 29 30 9 2 45 25 19 20 42 57 8 68 66
split_gain=3.08612 2.58363 1.93941 1.7095 1.6647 1.93529 1.4882 1.48704 1.14806 1.09223 1.01613 0.949443 0.908083 0.82428 0.818292 0.773925 0.678132 0.588424 0.541032 0.632378 0.538779 0.513907 0.332076 0.316195 0.405573 0.265495 0.135997 0.0641531 0.0540637 0.0358412
threshold=0.022327792830765251 0.013056567870080473 -0.015658285468816754 0.80769231915473949 0.0030901897698640828 0.0028577148914337163 0.020428957417607311 -0.077651917934417711 0.050790876150131233 0.011676982045173647 0.0090566687285900133 0.037809073925018317 0.025022208690643314 -0.0087080774828791601 -0.0070910640060901633 0.018742995336651806 1.0000000180025095e-35 -0.016142087057232853 -0.005447244504466652 0.11210113763809205 -0.19264653325080869 0.016224317252635959 -0.011138394474983214 -0.00098752230405807473 -0.026573684066534039 0.0070751495659351358 -0.017411514185369011 -0.075547881424427019 -0.23335733264684674 0.67006829380989086
decision_type=2 2 2 2 2 2 2 2 2 2 2 2 2 2 2 2 2 2 2 2 2 2 2 2 2 2 2 2 2 2
left_child=3 4 26 9 5 6 -2 15 -9 10 20 18 -7 29 28 -6 -12 -16 22 -20 -1 -15 -5 24 -11 -25 -3 -28 -13 -4
right_child=1 2 13 11 7 12 -8 8 -10 23 16 14 -14 21 17 -17 -18 -19 19 -21 -22 -23 -24 25 -26 -27 27 -29 -30 -31
leaf_value=0 0.0069235394602531874 0 -0.00078039756226184359 0.0034162220905961526 -0.0014888735617083863 -0.0035512129518197521 -0.004458166962733507 -0.0097515694530949919 0 -0.00088383704384039469 -0.0061030116679458611 0 0.0035333963884044165 0.014952634051966174 0 0.0072023159167735771 0.0017330945015131005 0.012517145972187123 -0.0074207129541179126 0.0010378138026245368 -0.011929132854055119 0 -0.0020372462252650175 -0.0055976379213374117 0.0061133220101863258 0 0 -0.0053499297672905633 -0.0026357591131811304 0.0017433649704196787
leaf_weight=1.9177480552752957 70.785826237945003 1.8746145333570892 1.7806326061254392 15.592083083407489 12.620819299743745 45.404561516275862 5.1575462344626422 26.598028377455194 11.224828883263397 1.7385149066976726 11.280441776587397 1.9431263695878445 16.170037393065286 22.8763127122802 1.3862266343203362 9.1964609548595018 12.956976552472041 7.6817341317946548 16.402128165573234 2.3773415714094872 34.369875602817046 0.95002669079985835 9.8965158493228937 7.3927268744955636 8.2440274005857663 3.5491468691761838 1.4621268520131705 2.628004149242769 2.0038484279357354 4.2545307271939237
leaf_count=256 3588 38 143 471 677 2801 415 2870 743 328 2471 102 1097 485 139 316 1861 184 1176 83 7138 130 572 1523 951 548 86 362 135 126
internal_value=0 0.00209633 0.00901909 -0.00347099 0.000498019 0.00242234 0.0055523 -0.00331912 -0.00678517 -0.00615033 -0.00805654 4.49271e-05 -0.00111447 0.0120098 0.00632596 0.00171577 -0.00130786 0.0101782 -0.00164739 -0.00509527 -0.0111333 0.0141481 0.000327967 0 0.00300411 -0.00306092 -0.00186631 -0.00420313 0 0
internal_weight=371.717 232.984 35.8262 138.732 197.158 137.518 75.9434 59.6401 37.8229 81.4495 60.525 57.283 61.5746 29.8615 13.0149 21.8173 24.2374 9.06796 44.2681 18.7795 36.2876 23.8263 25.4886 20.9244 9.98254 10.9419 5.96475 4.09013 3.94697 6.03516
internal_count=31815 13877 1370 17938 12507 7901 4003 4606 3613 15076 11726 2862 3898 884 560 993 4332 323 2302 1259 7394 615 1043 3350 1279 2071 486 448 237 269
is_linear=0
shrinkage=0.03


Tree=94
num_leaves=27
num_cat=0
split_feature=7 67 12 5 39 25 17 63 37 51 6 66 25 0 28 67 44 15 1 6 17 5 53 14 25 32
split_gain=3.23905 2.71053 2.15495 1.84449 1.60744 1.41301 1.18518 1.18176 1.15218 1.13839 1.06627 1.85111 0.850655 0.748095 0.814377 0.775159 0.620825 0.57584 0.550266 0.538781 0.355979 0.340163 0.213083 0.103151 0.0336919 0.00668467
threshold=-0.0036754757165908809 0.55399784445762645 -0.019899653270840641 -0.038747176527976983 -0.0083987899124622328 -0.014270067214965819 -0.012740153819322584 -0.010485382750630377 -0.0028855705168098207 -0.026910049840807911 -0.079986900091171251 0.18177623301744464 -0.035275503993034356 0.054680600762367255 -0.0094666257500648481 0.42974683642387396 -0.0096262469887733442 -0.086251921951770769 -0.29644715785980219 -0.0226159393787384 -0.030201580375432965 0.05396742187440396 0.014490440487861635 -0.031350832432508462 -0.043500363826751702 0.012428732588887216
decision_type=2 2 2 2 2 2 2 2 2 2 2 2 2 2 2 2 2 2 2 2 2 2 2 2 2 2
left_child=5 2 10 7 -5 9 8 -4 20 23 21 -12 24 14 -8 -15 25 -11 -19 -10 -7 -2 -18 -1 -3 -14
right_child=1 12 3 4 -6 6 13 -9 19 17 11 -13 16 15 -16 -17 22 18 -20 -21 -22 -23 -24 -25 -26 -27
leaf_value=0.0036577957455919772 0.0069930492980692033 0 0.0037452465106162934 0 0.0096321099074291299 0.0041356679616155259 0.0014192286776210877 -0.0081546992778001818 0 0 0.00063086341427585934 -0.0098510081081427097 -0.00022546381078784479 0.0067812813627267012 -0.0055548574530617156 -0.00058493818491567242 -0.011395152702101792 0 -0.010706827390745119 -0.012400699828793639 -0.0028883900695776967 0 0 0 0.0029952917632057258 0.00084513056236608949
leaf_weight=3.2118069511489011 13.616494884336136 0.25632886281528078 9.1442216457217018 21.998523677233607 77.996201876114355 8.5210373139416316 25.055808774632169 8.4983252408128447 9.2430041757615982 1.7400088190624945 39.031355487561086 15.649679785259648 2.6741465354862219 24.104573027056176 19.370479982804682 9.8750151578933565 14.156260211944753 1.1468442117038637 37.213968475654838 12.264773830720515 5.6823163351436952 2.9482640097849062 1.9373614357318718 1.0146473617351137 1.9200056314657583 2.8769802686874755
leaf_count=50 454 63 267 1418 3614 774 1982 1227 1146 85 2201 1893 628 1505 2652 928 3453 25 4018 1640 779 237 325 104 130 217
internal_value=0 0.00239626 0.00372238 0.00614167 0.00771751 -0.00319177 -0.000997574 -0.00119691 -0.00527558 -0.00755867 -1.95566e-05 -0.00244035 -0.00589948 0.000790674 -0.00126893 0.00407047 -0.0080739 -0.00921014 -0.0100091 -0.00904786 0 0.00529342 -0.0104322 0.00135873 0.00210379 0
internal_weight=371.148 212.704 188.883 117.637 99.9947 158.444 114.117 17.6425 35.7111 44.3273 71.2458 54.681 23.8211 78.4059 44.4263 33.9796 21.6447 40.1008 38.3608 21.5078 14.2034 16.5648 16.0936 4.22645 2.17633 5.55113
internal_count=31815 16127 11311 6526 5032 15688 11406 1494 4339 4282 4785 4094 4816 7067 4634 2433 4623 4128 4043 2786 1553 691 3778 154 193 845
is_linear=0
shrinkage=0.03


Tree=95
num_leaves=31
num_cat=0
split_feature=69 67 1 24 62 34 3 35 48 47 11 8 18 5 2 6 46 53 34 22 6 2 32 50 0 53 11 67 20 42
split_gain=2.81589 2.03681 1.96389 1.92709 1.98156 1.93281 1.67989 1.39275 1.32586 1.30672 1.22187 1.20756 0.931955 0.775163 0.639728 0.611598 0.561293 0.519347 0.434265 0.360725 0.331227 0.323445 0.228534 0.216129 0.18577 0.162936 0.0685531 0.0415371 0.0245857 0.00846663
threshold=-0.011144293006509541 -1.0550450682640073 -0.21581314504146573 0.0028577148914337163 -0.002774151042103767 0.0068470332771539697 -0.015543418005108832 0.016722811385989193 0.0023925155401229863 0.0062631461769342431 0.089336168020963683 -0.074129812419414506 0.019566051661968235 0.07115423679351808 1.0000000180025095e-35 -0.14567397534847257 0.0081806257367134112 -0.0099895833991467935 -0.003422154462896287 -0.015060713514685629 -0.071384653449058519 0.29182536900043493 -0.0088551817461848242 0.009162727743387224 0.25371260941028601 -0.0047239530831575385 0.00049224123358726512 -0.24476946145296094 0.031861819326877601 0.011590515263378622
decision_type=2 2 2 2 2 2 2 2 2 2 2 2 2 2 2 2 2 2 2 2 2 2 2 2 2 2 2 2 2 2
left_child=2 13 9 4 12 10 -7 11 -6 16 -5 25 -3 20 27 -13 21 -16 23 -20 -2 -1 -18 -9 -22 -4 28 -11 -15 -28
right_child=1 3 7 5 8 6 -8 18 -10 14 -12 15 -14 26 17 -17 22 -19 19 -21 24 -23 -24 -25 -26 -27 29 -29 -30 -31
leaf_value=-0.0088696659702704964 0 -0.0039374372478600339 0.0027209795202333834 -0.0045179193108058945 0.010623005035071615 0.0072696268640806 -0.0050607184130369402 0.005999996889316934 0.0012971397835878258 0 0.0061878366522372004 0 0.003894900363105927 -0.0019666664964965532 0 -0.010663295595502702 0.0050515568643423473 0.010985874458788682 0.00013067257508387548 -0.0064999543464189496 -0.013073750061504017 0 -0.00054693227777132761 0 0 -0.0023518413983113708 0.0028960730335504878 -0.0024589500469172037 0 0
leaf_weight=7.2935434954124521 2.3260504902573294 22.713247423322173 6.2238502900727326 69.204337772316649 50.328303534901352 36.411612049283576 6.2188823779433724 8.5650040074833669 31.076400731006288 0.53206944541307155 4.4208675909030708 2.8774230875860658 21.967886320038815 1.3474282650713565 0.72370157476689101 50.417038959225465 3.1450180356769124 12.875394321948987 1.9038709032101913 4.97802326857345 7.7569027584249834 1.0187044955091549 2.6745738739409708 0.60623096980271007 0.49589444778393943 6.488346766724133 2.9757510559866209 1.1827132002217684 0.57380729602300551 0.3032473290368215
leaf_count=537 396 1771 303 5833 2108 1484 975 466 2035 29 226 224 902 203 88 9651 109 388 123 862 1604 53 193 140 22 606 152 213 38 81
internal_value=0 0.00171928 -0.00388289 0.00253813 0.00503843 -2.21273e-05 0.00449862 -0.00625897 0.00769112 0.00181521 -0.00314091 -0.00810456 0 -0.00699769 0.00740604 -0.00993232 -0.00302736 0.00953218 2.72297e-05 -0.00285767 -0.0104926 -0.00712626 0.000642127 0.00455344 -0.0123252 0 0 0 -0.00059171 0.00267575
internal_weight=369.626 258.121 111.506 242.342 126.086 116.256 42.6305 82.0598 81.4047 29.4457 73.6252 66.0067 44.6811 15.7791 15.3139 53.2945 14.1318 13.5991 16.0531 6.88189 10.5788 8.31225 5.81959 9.17123 8.2528 12.7122 5.20023 1.71478 1.92124 3.279
internal_count=31815 17830 13985 15334 6816 8518 2459 12375 4143 1610 6059 10784 2673 2496 718 9875 892 476 1591 985 2022 590 302 606 1626 909 474 242 241 233
is_linear=0
shrinkage=0.03


Tree=96
num_leaves=31
num_cat=0
split_feature=64 5 15 22 8 8 27 12 11 34 69 55 18 35 0 69 46 20 1 32 49 11 42 12 48 45 26 18 31 18
split_gain=2.76599 2.63182 2.03885 2.42829 2.09771 1.50527 1.33902 1.30613 1.25224 1.12806 1.1141 0.948351 0.934022 0.944142 0.837696 0.822169 0.637762 0.625491 0.601099 0.49567 0.458643 0.430297 0.349527 0.290238 0.268373 0.222252 0.19852 0.161432 0.0873144 0.0182647
threshold=0.11538461968302728 0.065236251801252379 -0.032935433089733117 0.0070438617840409288 0.00081880390644073497 0.12550949305295947 -0.0070977844297885886 0.047025706619024284 0.044362125918269164 0.00021019740961492064 0.24747610837221148 -0.011618480086326597 -0.058276623487472527 -0.015768848359584805 0.34065394103527075 0.00052183950901962828 0.01193368434906006 0.010285200551152231 -0.038945108652114861 -0.020659589208662506 -0.0081153139472007734 0.051664598286151893 0.0090960040688514727 -0.042390506714582436 0.0008586430922150613 -0.017915754579007622 -0.0032042264938354488 -0.06517456471920012 0.019927026703953746 -0.028625130653381344
decision_type=2 2 2 2 2 2 2 2 2 2 2 2 2 2 2 2 2 2 2 2 2 2 2 2 2 2 2 2 2 2
left_child=1 5 3 9 15 8 7 11 14 18 22 -4 23 -14 -1 -5 17 -12 -2 -9 -11 24 27 -8 -7 -6 -10 -3 -18 -24
right_child=2 10 6 4 25 21 12 19 26 20 16 -13 13 -15 -16 -17 28 -19 -20 -21 -22 -23 29 -25 -26 -27 -28 -29 -30 -31
leaf_value=-0.010046289957919684 0 0 -0.0013811388726910961 0 0.0038568625959720776 0 0 0.0010000503134493881 -0.0030407488770341851 0 0.011540576248622656 0.0064605088130696448 0.00058323312106519048 -0.0056053605649680587 0 0.015072572476657234 -0.0030162565954000974 0 0.0077402302227521889 -0.0063289524509932294 -0.0084653614812643021 -0.00027507268659230592 0 0.0061942072640020296 0.0093611019140414295 -0.0019797701676747478 0.0024135433166547738 -0.0075768744513531787 0.00072086723061286109 0.0014899751862934053
leaf_weight=63.053974968112016 7.2712363730825045 0.68787389955832434 8.7591206532961206 3.6991023953014546 4.2611067940306375 0.52084903210925304 1.9091191663756033 3.0220744395919601 5.0551108766085227 9.1007137706619705 11.978835023212019 51.256133648334071 19.818150763283484 61.610704559090664 3.044383421438396 27.86112942622276 3.2444352245365726 6.1097258838126427 11.157036091797634 11.861624367884358 8.9687462628644408 1.2889061635942196 0.66471492879645699 7.3216093101073039 3.7080868418852333 10.885861988135728 9.7114986385568027 5.6499294337772881 1.8829247893299905 2.4045226065063616
leaf_count=12110 464 43 469 210 111 100 75 167 748 335 591 2371 876 5068 618 444 339 297 497 799 820 306 163 244 240 650 1214 1013 45 388
internal_value=0 -0.00367221 0.00179449 0.00548341 0.0096725 -0.00642098 0 0.00270024 -0.00762146 0 0.00269496 0.0048364 -0.00255108 -0.00380547 -0.00927374 0.0135631 0.00631266 0.00857668 0.00426916 -0.00345479 -0.00504968 0.00357952 -0.00324321 0.00385556 0.00751752 0 0 -0.00641182 0 0
internal_weight=367.769 119.006 248.763 83.2049 46.7072 86.3828 165.559 74.899 80.865 36.4977 32.623 60.0153 90.6596 81.4289 66.0984 31.5602 23.2159 18.0886 18.4283 14.8837 18.0695 5.51784 9.40704 9.23073 4.22894 15.147 14.7666 6.3378 5.12736 3.06924
internal_count=31815 18215 13600 3531 1415 15336 10069 3806 14690 2116 2879 2840 6263 5944 12728 654 1272 888 961 966 1155 646 1607 319 340 761 1962 1056 384 551
is_linear=0
shrinkage=0.03


Tree=97
num_leaves=30
num_cat=0
split_feature=7 67 9 51 48 25 59 0 17 56 56 51 25 62 33 25 37 4 57 45 31 39 56 56 30 62 25 14 55
split_gain=2.82599 2.24148 1.80657 1.9253 1.54125 1.5228 1.31793 1.13576 1.44546 1.09416 0.976291 1.03686 0.949798 0.869594 0.864923 0.742987 0.657909 0.62546 0.605836 0.600286 0.499452 0.425745 0.38988 0.255207 0.282319 0.17252 0.0336274 0.0328268 0.0018029
threshold=-0.0036754757165908809 0.55399784445762645 0.0058765709400177011 0.0064027300104498872 0.0060013011097908029 -0.014270067214965819 0.0097507182508707064 0.032582543790340431 -0.005497775971889495 -0.019905790686607357 0.0054790005087852487 0.0018850762862712147 0.011204447597265245 0.006674285978078843 0.0015183128416538241 -0.035275503993034356 1.0000000180025095e-35 -0.11095269024372099 0.00011282414197921754 0.0020511365728452806 0.03559889271855355 0.013134937733411791 -0.00064343400299549092 0.0015069916844367983 0.014274276793003084 -0.011242078617215155 -0.043500363826751702 0.10961431264877321 0.010269821621477606
decision_type=2 2 2 2 2 2 2 2 2 2 2 2 2 2 2 2 2 2 2 2 2 2 2 2 2 2 2 2 2
left_child=5 2 10 4 -4 6 19 8 9 -7 11 -2 -12 14 -9 26 -10 28 -5 25 -19 -15 -21 27 -25 -1 -3 -8 -17
right_child=1 15 3 18 -6 7 23 13 16 -11 12 -13 -14 21 -16 17 -18 20 -20 22 -22 -23 -24 24 -26 -27 -28 -29 -30
leaf_value=0 -0.0061575708485028888 0 0.0099720567439621453 0.0015963489085499597 0 0.00063852809332948473 -0.0034099311144965105 0.0072896327055072653 -0.0036639135867812538 -0.011797004128444246 0.0069429439148548785 0.0012069690010438287 -0.0017100329190938705 -0.0067441058626525139 0 0.00043544892293271984 0.003389993010624565 -0.011332368021005191 -0.0065855746851430745 0 0 0 -0.0061288905228693326 0.0063195459570966634 0 -0.015272719295625459 0.002863658069580677 0 0
leaf_weight=2.0714716630609482 27.186154871757026 0.26931462137145024 65.260315661260393 7.9557328045848434 23.16426312882686 2.2674715349712669 2.3810473894627635 25.575818386983883 18.030625139443146 17.676749799364188 23.320824649694259 22.948118898653775 8.81268302551325 6.7927885732497071 15.800776000556651 3.5573805599924553 19.621289665577933 14.121821708671634 8.2787276366507268 9.1878679595611192 1.8818087042309333 7.0927435154590057 7.9791032489156342 5.7042837340559345 1.4128132290352367 14.303734916036774 1.9087395958486038 0.18266875806148153 1.7059017477149607
leaf_count=337 2502 63 2359 623 1189 153 299 1989 1845 2742 1298 1890 582 916 1578 317 1901 3833 868 663 263 282 823 227 131 1765 130 37 210
internal_value=0 0.00224791 0.00346527 0.00598696 0.00774197 -0.00300554 -0.00756216 -0.000759104 -0.00373495 -0.00933592 0 -0.0024387 0.00385123 0.00189716 0.00427189 -0.00530642 0 -0.00741253 -0.00173144 -0.0101156 -0.00977319 -0.00284817 -0.00248282 0 0.00378297 -0.0142614 0.00191744 -0.00272778 0
internal_weight=366.453 210.372 186.927 104.659 88.4246 156.081 43.223 112.858 57.5961 19.9442 82.2678 50.1343 32.1335 55.2621 41.3766 23.445 37.6519 21.2669 16.2345 33.5422 16.0036 13.8855 17.167 9.68081 7.1171 16.3752 2.17805 2.56372 5.26328
internal_count=31815 16127 11311 5039 3548 15688 4282 11406 6641 2895 6272 4392 1880 4765 3567 4816 3746 4623 1491 3588 4096 1198 1486 694 358 2102 193 336 527
is_linear=0
shrinkage=0.03


Tree=98
num_leaves=21
num_cat=0
split_feature=65 41 4 11 63 8 33 6 27 50 9 40 63 10 49 33 24 40 41 26
split_gain=2.87316 2.29078 2.57237 1.85464 1.5878 1.52349 1.39215 1.30023 1.25723 1.25052 0.987863 0.625664 0.610766 0.511952 0.42591 0.382535 0.39697 0.362626 0.17063 0.0207334
threshold=-0.58425262570381153 -0.015547238290309904 -0.075504198670387254 -0.032265350222587579 0.0061167059466242799 -0.053572751581668847 -0.016503589227795597 0.06443727016448976 0.0062148980796337136 0.0039278771728277215 0.0446203500032425 -0.0070293210446834556 0.021699295379221443 0.031637046486139304 0.017272945493459705 -0.020582415163516995 0.024313282221555713 -0.029162405058741566 -0.016007520258426663 -0.019042941741645333
decision_type=2 2 2 2 2 2 2 2 2 2 2 2 2 2 2 2 2 2 2 2
left_child=12 2 13 14 8 11 -7 -5 9 -3 -10 -6 15 18 -4 -1 17 -17 -2 -15
right_child=1 4 3 7 5 6 -8 -9 10 -11 -12 -13 -14 19 -16 16 -18 -19 -20 -21
leaf_value=0 -0.0090980926788975063 0.0043570883518677973 -0.0052989225985120509 0.011400727630434246 0.0052299671145094127 0.00031796559356273116 -0.010442459625713729 -0.00065928284013917434 -0.0051340551259706439 -0.0010726986840281384 0.0012654362083219343 -0.002527844442036947 0 0 0.0026332043461608744 0 0 -0.015097464584894204 0 0.001490925002973803
leaf_weight=1.7281481698228169 6.731804926901531 92.934293639002135 7.7028757713051146 48.08557190157444 11.321012605127182 7.6011940153912283 32.122581222218287 3.5046188625710775 42.809275153267663 47.718958047073102 26.000934415365919 13.618686118737967 1.0224897956650227 1.3960725168726638 2.1544492116081528 0.52572733188571774 0.76525798662623934 12.611352883730431 1.4245860425289709 3.3946127281233194
leaf_count=353 629 6573 758 2176 523 688 3630 407 5335 3971 1702 1010 108 110 67 90 320 3244 57 64
internal_value=0 0.000649734 0.00517812 0.0078428 -0.000542477 -0.00452678 -0.0079073 0.0100655 0.000624494 0.00233539 -0.00238755 0.000276997 -0.010608 -0.00445865 -0.00124332 -0.0120313 -0.013274 -0.0142595 -0.00788289 0
internal_weight=365.175 348.522 74.3946 61.4475 274.127 64.6635 39.7238 51.5902 209.463 140.653 68.8102 24.9397 16.653 12.9471 9.85732 15.6305 13.9023 13.1371 8.15639 4.79069
internal_count=31815 27700 4268 3408 23432 5851 4318 2583 17581 10544 7037 1533 4115 860 825 4007 3654 3334 686 174
is_linear=0
shrinkage=0.03


Tree=99
num_leaves=30
num_cat=0
split_feature=7 67 5 36 27 9 25 59 5 37 31 26 6 25 45 44 69 5 15 11 34 58 48 44 62 13 40 5 32
split_gain=2.57478 2.0165 1.80221 2.76736 2.18623 2.3998 1.44931 1.15315 1.15195 1.11554 1.11916 1.27409 0.840563 0.741048 0.641633 0.551904 0.489485 0.384364 0.320475 0.274004 0.246476 0.238563 0.227552 0.2256 0.130822 0.0657808 0.0636598 0.0511495 0.01393
threshold=-0.0036754757165908809 0.55399784445762645 -0.042824238538742058 0.0047793984413146981 -0.010559435933828352 0.00078983604907989513 -0.014270067214965819 0.0097507182508707064 0.011443439871072771 -0.017532148398458954 -0.026020583696663376 0.0043738000094890603 -0.047907829284667962 -0.035275503993034356 0.0020511365728452806 -0.00512760505080223 0.7677278220653535 -0.037350818514823907 -0.035408593714237206 0.0044992621988058099 -0.0053301069419831029 -0.0048381425440311423 0.0072562983259558686 0.02506988309323788 -0.011242078617215155 -0.031128032132983204 -0.026719896122813221 -0.11345180124044417 0.012428732588887216
decision_type=2 2 2 2 2 2 2 2 2 2 2 2 2 2 2 2 2 2 2 2 2 2 2 2 2 2 2 2 2
left_child=6 2 3 23 5 -4 7 14 -6 12 17 -12 20 25 24 28 -5 -11 -16 27 -8 -21 -17 -2 -1 -3 -14 -9 -15
right_child=1 13 4 16 8 -7 9 19 -10 10 11 -13 26 15 18 22 -18 -19 -20 21 -22 -23 -24 -25 -26 -27 -28 -29 -30
leaf_value=0 -0.01382091558216416 0 0 0.0075914097037663043 -0.0031215738692370728 0.013237387422993227 0 0 0.0033377437818155765 0 0 -0.007571810158744096 0 -0.0010466704769212217 0.00067125489572801469 -0.011302940903201221 0 0.0067800158890353084 -0.0046321647606780833 0 0.011480201681044352 0.0065217273294646515 0 0 -0.014862713284106193 0.0036877735604726961 -0.0025099695995418067 -0.0036483397965755742 0.0004815814449186337
leaf_weight=2.0587119490592167 9.4053625158485374 0.49986892254673909 19.851600591471652 7.8543088748410792 25.795056705144816 36.271382661245298 1.4459416172612689 0.85237912631419011 83.909100140444934 2.6289548990607736 51.302540589989803 34.783332657294523 1.1920093534572505 4.6222258092384489 4.0056815162824959 11.013427442252572 2.660269128085929 9.6218571220379054 12.993357940657004 1.2315622747264567 7.0159312929463322 4.3760778709547594 1.8532646383537201 0.23885279553360383 14.052649707155069 1.7578754097194202 4.0943324667168781 3.1554617790534376 3.6048847894344362
leaf_count=337 1376 95 1111 726 2739 871 121 60 4285 243 5218 4410 61 1064 208 2670 171 536 1278 86 254 225 541 32 1765 98 563 323 348
internal_value=0 0.00214894 0.00331167 -0.00377362 0.00443386 0.00910944 -0.00288214 -0.00734876 0.00148754 -0.000682167 -0.00209413 -0.00352873 0.00568208 -0.00500451 -0.00973973 -0.00717763 0.00439918 0.0043486 -0.00215023 0 0.0100579 0.00416582 -0.010151 -0.0131923 -0.0139205 0.00212269 0 -0.00263446 0
internal_weight=364.148 209.337 185.986 20.1588 165.827 56.123 154.811 42.7259 109.704 112.085 98.3367 86.0859 13.7482 23.3515 33.1104 21.0938 10.5146 12.2508 16.999 9.61548 8.46187 5.60764 12.8667 9.64422 16.1114 2.25774 5.28634 4.00784 8.22711
internal_count=31815 16127 11311 2305 9006 1982 15688 4282 7024 11406 10407 9628 999 4816 3588 4623 897 779 1486 694 375 311 3211 1408 2102 193 624 383 1412
is_linear=0
shrinkage=0.03


Tree=100
num_leaves=25
num_cat=0
split_feature=65 41 4 63 6 38 67 47 63 41 34 29 68 41 1 1 49 63 24 14 6 14 14 43
split_gain=2.63652 2.17266 2.41335 1.74196 1.99674 1.69711 1.53983 1.38888 1.0741 1.49967 0.876324 0.754536 0.597818 0.420569 0.271905 0.218683 0.125083 0.0861884 0.0748516 0.00905353 0.00615035 0.0402879 0.0386726 0.0066178
threshold=-0.58425262570381153 -0.015547238290309904 -0.075504198670387254 -0.00024761445820331568 -0.056498900055885308 -0.012543968856334685 -0.57775115966796864 -0.015007054433226584 -0.0074613671749830237 -0.0017557442188262937 0.0082824751734733599 -0.014016652479767798 0.8153466284275056 -0.018904924392700192 -0.22747361660003659 0.030472695827484134 0.026919826865196231 -0.016175594180822369 0.033310990780591972 -0.0031893216073513027 0.013105049729347231 0.0055957846343517312 -0.024817503988742825 0.011431736871600153
decision_type=2 2 2 2 2 2 2 2 2 2 2 2 2 2 2 2 2 2 2 2 2 2 2 2
left_child=12 2 13 8 11 -6 15 -8 10 -10 -3 -5 14 17 -1 -4 18 -2 -16 -15 21 23 -22 -14
right_child=1 3 6 4 5 -7 7 -9 9 -11 -12 -13 20 19 16 -17 -18 -19 -20 -21 22 -23 -24 -25
leaf_value=0 0 -0.0037384564265241808 0 -0.0052229744878989721 0.00027066364414845043 -0.0078953883230190869 -0.00017545178076638102 0.011072933353591389 -0.00099767654956460831 0.0067096068911793776 0.0030318550168115261 0.0034337076531189537 -0.002630734043308288 0.00094605944656096471 -0.014004818494514518 -0.0052282389912115491 0 -0.0084311545342331488 0 0 0 0 0.0023519667585490517 0
leaf_weight=0.22122577973641533 0.59359195038268797 39.554554035334149 4.4193845419649724 4.4898296091414513 23.206320674442395 66.405770836528973 5.6913852301804573 47.754624106521078 25.503629994629591 53.30291036178096 19.584366477014555 40.870915345243702 1.6426009080751094 4.1038142539546243 11.312687805984748 3.1184078904334456 0.3455399467347896 5.9917844304291066 0.094621166790603506 2.1962321413084265 0.36970348969043687 0.62555741641699558 1.6134544271699267 0.17526326733059239
leaf_count=23 37 3400 193 456 1476 7873 390 2275 2375 4144 1455 2253 721 74 2814 550 23 594 44 155 64 125 209 92
internal_value=0 0.000621937 0.00504964 -0.000537827 -0.00298772 -0.00556104 0.00764633 0.00944928 0.00167006 0.00394667 -0.000967104 0.00154768 -0.0102235 -0.00426449 -0.0127857 -0.00141484 -0.0134254 -0.00779402 -0.0138166 0 0 -0.000710426 0.000504675 -0.00242266
internal_weight=363.188 346.788 73.8692 272.918 134.973 89.6121 60.9838 53.446 137.945 78.8065 59.1389 45.3607 16.4007 12.8854 11.9741 7.53779 11.7528 6.58538 11.4073 6.30005 4.42658 2.44342 1.98316 1.81786
internal_count=31815 27700 4268 23432 12058 9349 3408 2665 11374 6519 4855 2709 4115 860 2904 743 2881 631 2858 229 1211 938 273 813
is_linear=0
shrinkage=0.03


Tree=101
num_leaves=28
num_cat=0
split_feature=7 67 12 25 5 37 28 51 56 27 27 25 36 33 20 29 17 52 28 7 1 20 12 48 25 13 8
split_gain=2.27857 1.96244 1.97077 1.77734 1.57617 1.44496 1.39456 1.18754 0.991156 1.11573 0.899876 0.705094 0.684552 1.16062 0.678084 0.66198 0.66078 0.620017 0.541294 0.49204 0.424274 0.393542 0.309545 0.20364 0.130355 0.0567706 0.00175194
threshold=-0.0036754757165908809 0.55399784445762645 -0.019899653270840641 0.019936475902795795 -0.038747176527976983 -0.017532148398458954 -0.0032486992422491308 -0.0098558962345123274 0.0034426245838403706 0.0012027099728584292 0.0030954368412494664 -0.035275503993034356 0.011443525552749636 0.0002084225416183472 -0.034708403050899499 0.0036858301609754567 -0.012424607761204241 0.0049976278096437463 0.036771841347217567 -0.0017732530832290647 0.47534859180450445 0.0094678942114114779 0.073707386851310744 -0.017721341922879216 0.040463522076606757 -0.031128032132983204 -0.059903241693973534
decision_type=2 2 2 2 2 2 2 2 2 2 2 2 2 2 2 2 2 2 2 2 2 2 2 2 2 2 2
left_child=5 2 8 4 -4 10 12 22 9 -2 14 25 13 -7 26 -10 -16 -5 -9 -13 -21 -14 -8 -12 -25 -3 -1
right_child=1 11 3 17 -6 6 7 18 15 -11 23 19 21 -15 16 -17 -18 -19 -20 20 -22 -23 -24 24 -26 -27 -28
leaf_value=0 0 0 -1.0772642262135502e-05 -0.0068801229484794094 0.0084963209311096841 -0.00726964640985621 -0.0024013683978314107 -0.010579742063467665 0.0057652394405746194 -0.0081845920077287821 0 0 0.0056278238024292954 0.00045878273292565363 0 -0.0017740043535798417 0.012429984032639133 0.0017058099927093689 0 -0.0096848485965999632 0 0 0.0044855147381676471 -0.006160066655578552 0 0.0033565384409037363 -0.00046974699597522563
leaf_weight=0.48330422485014457 23.086606639262754 0.49389143892040044 16.156192443049804 8.6675237042945792 86.177633386556408 22.259823692169448 12.938113256866929 39.386934810579987 21.563612785663285 18.693966438251664 1.3156895975553196 1.2414700352746937 13.714010725729169 30.067642743197212 1.9404057544961695 6.3307396434029206 9.5944184393301821 5.0092174341698401 5.1827611304906887 17.981625303975306 1.7005189802148368 6.3535871545172986 3.7053003490436813 4.2754922756867009 1.2973722063761668 1.7192294109845558 2.1455281133676189
leaf_count=54 1356 95 1385 588 4267 2574 1133 5754 922 1891 64 97 1001 2274 237 616 354 286 587 4479 47 611 166 625 76 98 178
internal_value=0 0.00202483 0.00317475 0.00551593 0.00693581 -0.00271172 -0.00396864 -0.00717882 -0.000429965 -0.00353036 0.00334452 -0.00506186 -0.00057826 -0.00265284 0.00740185 0.0031326 0.0100203 -0.00251438 -0.0095079 -0.00716517 -0.00847723 0.00308472 0 -0.00207884 -0.00471104 0.00184703 0
internal_weight=363.483 208.822 185.685 116.011 102.334 154.66 133.608 61.2131 69.6749 41.7806 21.0522 23.1367 72.3951 52.3275 14.1637 27.8944 11.5348 13.6767 44.5697 20.9236 19.6821 20.0676 16.6434 6.88855 5.57286 2.21312 2.62883
internal_count=31815 16127 11311 6526 5652 15688 14100 7640 4785 3247 1588 4816 6460 4848 823 1538 591 874 6341 4623 4526 1612 1299 765 701 193 232
is_linear=0
shrinkage=0.03


Tree=102
num_leaves=31
num_cat=0
split_feature=65 63 10 61 56 44 58 24 32 58 58 49 24 61 49 1 68 39 51 51 41 65 0 60 53 66 40 31 56 50
split_gain=2.52273 2.5798 2.00133 1.75211 1.96849 1.70867 1.42961 1.10338 1.09146 1.70332 1.40071 0.996015 0.967567 0.91532 0.782922 0.737205 0.62664 0.461933 0.454061 0.426607 0.413171 0.431683 0.399428 0.346425 0.306518 0.265078 0.213993 0.191613 0.159011 0.0381357
threshold=0.1761327460408211 0.00027219112962484365 0.038040528073906905 -0.0013159229420125482 0.0039692148566246041 -0.0086138024926185591 -0.015204850584268568 -0.018728777766227719 -0.019953175447881218 0.005661826580762864 -0.010714177042245863 -0.0050474256277084342 0.013603255152702333 -0.0034840973094105716 0.014651697129011156 -0.23498754203319547 0.21193143725395205 0.0084112398326396959 0.012422530911862852 0.00084377452731132518 -0.015386506915092467 2.6769182682037358 -0.2092306241393089 -0.014449262991547583 -0.014916846062988041 -0.25562275946140284 -0.012430388480424879 0.024251008406281475 -0.0020761657506227489 0.0080958250910043734
decision_type=2 2 2 2 2 2 2 2 2 2 2 2 2 2 2 2 2 2 2 2 2 2 2 2 2 2 2 2 2 2
left_child=3 2 5 4 13 17 -7 27 16 10 -10 22 -9 14 -1 -13 18 -2 -3 -11 28 -22 25 -24 -17 -5 -15 -6 -4 -18
right_child=1 8 20 11 7 6 -8 12 9 19 -12 15 -14 26 -16 24 29 -19 -20 -21 21 -23 23 -25 -26 -27 -28 -29 -30 -31
leaf_value=-0.009219927802157437 -0.0043385472764246131 0.010210477311022381 -0.00091995796791859228 0 -0.0045084857204410085 -0.0013946345195377503 0.0092000118164500665 0.011884847882686502 0 0.0045308776063198554 -0.0079282488192542241 0 0 -0.0002800574367012463 0.0002003053938389037 0 -0.0021448720657833804 0.0027437758397005664 0 -0.00062861702195209546 -0.0078412451982233424 0 0 -0.0063877707256740877 -0.011089492174527428 0.0051916532515537475 0.0044023326511874192 6.4478061468585183e-06 0.0033886194395841324 0
leaf_weight=21.272868791063964 11.663650550966851 8.7626335695676953 2.6593972676200792 1.0898982423896084 3.9024336853763115 6.3627848222677121 81.306883592595113 15.505580967466814 22.101135019009234 22.347138799115783 48.16815638517437 0.87604905678017431 2.9822036127879974 1.1215654690749941 2.7555715084599788 3.1250333880816461 2.5756601422035597 8.6785142527078261 1.0493407567701059 10.944423481938427 9.6484487218403938 3.325487850685021 1.7151622804885835 8.8321475491902657 35.242619832650234 7.8160925557313039 6.2189408586636992 3.056728924435447 6.9724148021196033 0.59043024847051118
leaf_count=4159 830 356 149 240 697 358 3111 1336 1025 890 3322 64 651 211 285 469 202 360 144 762 1000 156 175 1806 6854 719 1032 153 254 45
internal_value=0 0.00170638 0.00457899 -0.00357037 0 0.00631272 0.0080736 0.00584743 -0.00132234 -0.0025969 -0.00525853 -0.00699102 0.00928657 -0.00448199 -0.00725773 -0.00951969 0.00507319 -0.000188037 0.00832338 0.00219066 -0.00226115 -0.00533797 0 -0.00403093 -0.0103805 0.00277216 0.00143228 -0.000843249 0.00024082 -0.000254644
internal_weight=362.669 247.157 130.618 115.513 56.8159 108.012 87.6697 25.4469 116.539 103.561 70.2693 58.697 18.4878 31.3689 24.0284 39.2437 12.9781 20.3422 9.81197 33.2916 22.6057 12.9739 19.4533 10.5473 38.3677 8.90599 7.34051 6.95916 9.63181 3.16609
internal_count=31815 12964 6218 18851 8524 4659 3469 2837 6746 5999 4347 10327 1987 5687 4444 7387 747 1190 500 1652 1559 1156 2940 1981 7323 959 1243 850 403 247
is_linear=0
shrinkage=0.03


Tree=103
num_leaves=24
num_cat=0
split_feature=65 63 7 67 65 31 28 51 11 58 60 11 46 11 35 14 35 40 53 5 61 53 56
split_gain=2.51048 2.52984 1.89606 1.53531 1.47471 1.29062 1.02688 1.18561 0.971115 0.958955 0.86755 0.738842 0.546713 0.991434 0.492232 0.399685 0.391306 0.232608 0.199985 0.157129 0.108114 0.0460913 0.0197603
threshold=-0.51201376318931568 0.0062291808426380166 -0.0030575916171073909 0.56872567534446727 1.0094037652015688 -0.020563513040542599 -0.0032486992422491308 -0.010147534310817717 0.082295622676610961 -0.0089094527065753919 0.012004377320408823 0.02610888704657555 -0.0038023330271244045 -0.024237226694822308 -0.0056244134902954093 0.0094218514859676378 -0.011717338114976881 -0.029162405058741566 -0.00033321883529424662 -0.14382962882518766 -0.0031645172275602813 -0.017885873094201084 0.0068052671849727639
decision_type=2 2 2 2 2 2 2 2 2 2 2 2 2 2 2 2 2 2 2 2 2 2 2
left_child=11 2 6 5 8 -4 9 -8 10 -2 -3 14 13 -6 -1 -5 -14 -16 20 -19 -13 -22 -10
right_child=1 4 3 15 12 -7 7 -9 22 -11 -12 18 16 -15 17 -17 -18 19 -20 -21 21 -23 -24
leaf_value=0 -0.0036921170158845042 -0.010805475974723814 -0.00084138206833724721 0 -0.0035670565351959972 0.0065283797314052263 0.0017735055515725974 -0.0064442848131546623 0.0015571104265197054 0.0039291788089089626 0 0 0 0.0079707141860688082 0 -0.0072788325775611212 -0.0061218828285414294 0 -0.0037235554212733334 -0.013994931718168733 0 0.0051885660014596505 0
leaf_weight=2.9102743175099084 12.509440444679056 30.659479086905776 16.190624011294858 8.6871899743637169 2.7972271660109973 119.12535132889752 14.870491800189482 37.291592914138164 3.5304614997585295 48.656121558859013 5.7341054454882388 1.5614473638779598 9.8710140351322462 13.157102427416246 0.44586181409977399 5.2260660676693069 7.9104818658379399 0.3215144412242833 2.5861721259643664 13.081655989692072 0.1817306557932169 2.9338897112029376 0.82841763531905588
leaf_count=1126 824 3998 961 1310 123 6003 867 4444 257 3550 671 255 255 412 69 1168 509 118 885 3532 39 317 122
internal_value=0 0.000718785 0.00217787 0.00436899 -0.00386029 0.00543422 -0.000516541 -0.00362651 -0.0074092 0.00175586 -0.00903999 -0.00847123 5.52873e-05 0.00414768 -0.0112372 -0.00310272 -0.00240416 -0.0130106 0 -0.0135924 0.00278031 0.0046051 0.000556527
internal_weight=361.068 337.045 262.557 149.229 74.4883 135.316 113.328 52.1621 40.7525 61.1656 36.3936 24.0225 33.7358 15.9543 16.7593 13.9133 17.7815 13.849 7.26324 13.4032 4.67707 3.11562 4.35888
internal_count=31815 25474 19127 9442 6347 6964 9685 5311 5048 4374 4669 6341 1299 535 4845 2478 764 3719 1496 3650 611 356 379
is_linear=0
shrinkage=0.03


Tree=104
num_leaves=31
num_cat=0
split_feature=65 36 6 15 57 22 63 63 18 42 2 66 8 53 4 15 60 42 17 44 9 28 25 18 63 10 40 53 42 20
split_gain=2.39718 1.70287 1.58741 1.56149 1.78419 1.49152 1.45413 1.37863 1.30692 1.22514 0.996466 0.944323 1.03791 1.17559 0.870766 0.720611 0.688813 0.588432 0.554535 0.4958 0.416659 0.333731 0.23288 0.15657 0.200593 0.140342 0.0951891 0.0783438 0.0764958 0.0172001
threshold=0.63494807481765758 -0.00040243193507194514 -0.090709492564201341 -0.032935433089733117 -0.0086826384067535383 -0.017301427200436589 -0.013473551720380781 0.00049473438411951076 0.049144878983497627 -0.027953432872891423 0.27297119796276098 -0.55231356620788563 -0.014385528862476347 0.0038084224797785286 -0.222205676138401 -0.0086831003427505476 0.012299138121306898 -0.012236820533871649 0.041505336761474616 0.00820700451731682 0.067417860031127944 0.040530093014240272 -0.03095188736915588 -0.013736516237258909 0.003653778694570065 0.020923737436532978 -0.014812778681516646 0.0068539902567863473 -0.0013641174882650373 -1.0000000180025095e-35
decision_type=2 2 2 2 2 2 2 2 2 2 2 2 2 2 2 2 2 2 2 2 2 2 2 2 2 2 2 2 2 2
left_child=1 2 23 4 19 15 28 -8 14 25 -11 18 20 -14 -7 27 -17 -10 22 21 -13 -2 -3 -1 -25 -4 -21 -5 -6 -20
right_child=3 11 9 5 6 8 7 -9 17 10 -12 12 13 -15 -16 16 -18 -19 29 26 -22 -23 -24 24 -26 -27 -28 -29 -30 -31
leaf_value=0 -0.0076935096535375577 0 0 -0.0026604151256108604 0.00020574838029620629 0.0039322328452267999 0.016214459987396335 0.0024623974856059056 -0.001865940306322195 -0.010006105659654272 0.0007278248128341552 -0.0039944170181380433 0.0065559730408021374 -0.0014422375241684526 -0.0049974820932403834 0.0089544870995376304 -1.4780590743571416e-05 0.0063663524724276764 0 0 0.0012435738674529653 0 -0.0099482220787069711 0.0051707316760426746 0 0.0044058738436615575 0.0037510953685761027 0 -0.0026945501524094769 0.0016403060673167394
leaf_weight=5.0419002394701229 7.68846654857043 1.1599210851418309 0.87519740276184066 4.983163145283469 4.5250393911555875 3.8373219749482805 19.477622753940523 20.248703651566757 2.2584423401858684 54.694144227454672 2.4133868641074505 27.94464092139242 39.795989912425284 15.466218905567073 64.557315520316479 24.100523980989241 1.9017077205353405 16.426333721290575 0.26716459324234165 1.3423619864042846 8.6863352864165773 0.64781805127859104 9.2568834361591126 8.3368792463152168 0.94848146739241279 3.1301636502757901 3.779641200992045 1.2653961013711521 4.4266295154811797 0.75337427051272132
leaf_count=531 325 139 192 233 87 66 339 619 134 10001 260 3888 4283 2130 3500 958 133 444 53 57 653 26 1671 475 181 108 116 58 103 52
internal_value=0 -0.00243161 -0.00570618 0.00239645 0.00607234 7.38697e-05 0.00867437 0.0109346 -0.0017376 -0.00779068 -0.00904738 0 0.00123424 0.00388575 -0.00385397 0.00534704 0.00743425 0.00392082 -0.00653645 -0.00151416 -0.00203153 -0.00581318 -0.00882757 0.00134827 0.0035105 0.00187065 0.00193415 -0.000115282 0 0
internal_weight=360.237 178.771 75.4402 181.466 62.1363 119.33 48.678 39.7263 87.0794 61.1129 57.1075 103.331 91.8932 55.2622 68.3946 32.2508 26.0022 18.6848 11.4373 13.4583 36.631 8.33628 10.4168 14.3273 9.28536 4.00536 5.122 6.24856 8.95167 1.02054
internal_count=31815 24617 11748 7198 1672 5526 1148 958 4144 10561 10261 12869 10954 6413 3566 1382 1091 578 1915 524 4541 351 1810 1187 656 300 173 291 190 105
is_linear=0
shrinkage=0.03


Tree=105
num_leaves=20
num_cat=0
split_feature=65 60 10 63 18 21 21 31 46 46 33 63 63 33 1 16 21 15 31
split_gain=2.34417 1.77167 1.89346 1.24481 1.11209 2.62272 1.60023 1.62494 1.37496 1.19701 0.758098 0.677029 0.556755 0.402226 0.249996 0.163437 0.133471 0.178694 0.0497482
threshold=-0.58425262570381153 0.013056567870080473 0.0025962218642234807 0.0031317686662077908 0.018486954271793369 0.0038554742932319645 0.0049037262797355661 -0.014222340658307074 -0.0042601637542247764 0.0078671760857105272 -0.0038955770432949062 -0.015743725001811978 0.019999338313937191 -0.020582415163516995 -0.22747361660003659 0.10234722495079042 -0.040998715907335274 -0.075464516878128038 0.020321536809206012
decision_type=2 2 2 2 2 2 2 2 2 2 2 2 2 2 2 2 2 2 2
left_child=12 4 3 11 6 10 9 -8 -7 -2 -6 -3 13 -1 -15 -16 -4 -18 -5
right_child=1 2 16 18 5 8 7 -9 -10 -11 -12 -13 -14 14 15 -17 17 -19 -20
leaf_value=0 -0.0057850531460939885 0 0 -0.0016137099128972713 0 0.00079673930922108545 -0.0054585751203769257 0.0036195906027391544 -0.0096337317481478193 0.00029056102688780454 0.0068598939445065916 0.012647847527259309 0 0 -0.013590461435946007 0 0 -0.0059208971156706576 0.0014063299160099441
leaf_weight=1.7047911187764828 81.503668661105621 1.0005780993669748 1.3917129688197736 6.9756011704375833 16.873964816550142 13.911543087480824 17.053383347491035 66.73330805736623 15.427374933678946 29.86941934764036 55.993608230681275 26.309655857898182 1.3820518668653665 0.20959411919465942 12.462096600131188 0.17800034867832515 1.6186328508920258 6.6508046596863997 1.8704818039259405
leaf_count=352 8289 123 120 576 1374 1228 1772 6022 1661 2291 2447 775 140 26 3578 19 55 816 151
internal_value=0 0.000586246 0.00578771 0.00892576 -0.00019842 0.00215506 -0.00160388 0.00123065 -0.00441844 -0.00395535 0.0053008 0.0116686 -0.00974953 -0.011287 -0.012643 -0.0132098 -0.00294891 -0.00431981 0
internal_weight=359.12 343.184 45.8175 36.1563 297.366 102.206 195.16 83.7867 29.3389 111.373 72.8676 27.3102 15.9365 14.5545 12.8497 12.6401 9.66115 8.26944 8.84608
internal_count=31815 27700 2616 1625 25084 6710 18374 7794 2889 10580 3821 898 4115 3975 3623 3597 991 871 727
is_linear=0
shrinkage=0.03


Tree=106
num_leaves=30
num_cat=0
split_feature=69 4 55 18 22 34 34 25 55 34 1 66 62 52 17 47 61 5 5 8 50 49 49 17 58 33 63 58 17
split_gain=2.3064 1.89473 1.88914 2.01061 1.40384 1.70857 1.6595 1.58203 1.28198 1.30415 1.15862 1.01887 0.951357 0.940282 0.760908 0.757504 0.691959 0.666975 0.648871 0.64167 0.568094 0.440573 0.419096 0.540032 0.286122 0.241334 0.0796783 0.0590014 0.000728025
threshold=-0.069542292505502687 -0.15505039691925046 0.0030901897698640828 0.018770471215248111 0.007408618927001954 0.0015221121720969679 -0.014076946768909691 -0.014768503606319426 0.00062602572143077861 0.0051473351195454606 -0.076196268200874315 0.13392122834920886 -0.013793526217341421 0.01021323259919882 -0.052127540111541741 -0.0040728263556957236 0.0057981277350336322 -0.045343995094299309 0.0082820802927017229 0.14241408556699756 0.0077459160238504418 -0.0054311752319335929 -0.0048088598996400824 0.0067348750308156022 0.0014040656387805941 0.0059160515666008004 0.00084497779607772838 -0.00011416152119636534 -0.0048824017867445937
decision_type=2 2 2 2 2 2 2 2 2 2 2 2 2 2 2 2 2 2 2 2 2 2 2 2 2 2 2 2 2
left_child=1 22 4 10 6 16 17 -7 12 18 24 -8 26 -11 -14 20 -6 -2 -10 -12 -5 -17 27 25 -4 -24 -3 -1 -29
right_child=2 8 3 15 5 7 11 -9 9 13 19 -13 14 -15 -16 21 -18 -19 -20 -21 -22 -23 23 -25 -26 -27 -28 28 -30
leaf_value=0 -0.00043656607998287123 0 -0.0022994853634960297 0.0096292310704777177 -0.0024590472558120849 -0.00019899483356000642 0.002051859247526142 0.012334547675149833 0.0073199101041322469 -0.010703595945939559 -0.0096199465800113106 -0.0046628326141217825 0 0 -0.011106502695688471 0.002019266297754032 0.0055941657109905979 0.0075390685977100129 0 0 0 -0.0057917818311251333 0.0098574785325291955 0 0.0035870070477589068 0 0.0030830851310857852 -0.002835163341328174 0
leaf_weight=2.2751937255670782 3.2094165327507644 1.4408760175210766 11.463839022631875 12.345465539990984 19.300277104041019 5.5986549237131831 25.145875557711406 35.821144163695863 11.044874503364555 10.327563989019838 30.824422986981517 41.153524608736916 5.1136427373567122 6.4975374041459864 39.83920092718472 9.4232062058654247 10.204528310758176 28.849911639015772 12.001371383143121 2.099589607154484 3.0321977121202499 5.0673289594269582 9.2198902572563366 2.1741504053934468 8.247854706089127 2.8227345846535163 2.5441671845474048 1.6876794766722016 0.32344528743124357
leaf_count=40 386 243 787 557 1655 371 1554 1492 1355 1913 3778 3576 296 385 6954 468 510 1379 1672 204 194 570 290 174 506 143 221 119 23
internal_value=0 -0.00358583 0.00156835 -0.00185399 0.00341378 0.00654205 0.000660436 0.0101552 -0.00551 -0.000512014 -0.00542308 -0.00173004 -0.00860089 -0.00645639 -0.00984974 0.00345104 0 0.00597995 0.00313542 -0.00849659 0.00733721 0 0.00358062 0.0059421 0 0.00826627 0 -3.47255e-06 -0.00275207
internal_weight=359.1 107.312 251.787 82.5039 169.283 70.9246 98.3587 41.4198 88.8092 39.8713 52.6357 66.2994 48.9379 16.8251 44.9528 29.8682 29.5048 32.0593 23.0462 32.924 15.3777 14.4905 18.5031 14.2168 19.7117 12.0426 3.98504 4.28632 2.01112
internal_count=31815 13828 17987 7064 10923 4028 6895 1863 13039 5325 5275 5130 7714 2298 7250 1789 2165 1765 3027 3982 751 1038 789 607 1293 433 464 182 142
is_linear=0
shrinkage=0.03


Tree=107
num_leaves=31
num_cat=0
split_feature=69 11 63 2 68 27 13 20 18 18 16 16 18 22 10 33 32 2 24 14 35 18 44 16 25 24 52 20 14 10
split_gain=2.30749 2.06613 1.75126 1.72814 1.33314 1.11758 1.11035 1.09719 1.07109 0.960111 0.893908 0.880955 0.829376 0.958189 0.819392 0.616658 0.690844 0.586618 0.429973 0.299356 0.264981 0.238714 0.216901 0.209852 0.195975 0.121416 0.103706 0.0531553 0.000259532 4.16972e-05
threshold=0.51292234659194957 -0.023077778518199917 0.0062291808426380166 0.096297740936279311 -0.61743730306625355 0.0099644623696804064 -0.047692626714706414 0.030030356720089916 -0.054078161716461175 -0.034287199378013604 0.076040074229240431 -0.031707838177680962 0.010028198361396791 -0.022882016375660893 -0.047614708542823785 -0.0014643184840679167 0.002594535239040852 -0.1353807598352432 0.043215006589889533 0.037385396659374244 -0.047391418367624276 0.03238832205533982 -0.0068101249635219565 -0.023734889924526211 -0.0023580640554428096 -0.002471338957548141 -0.0014873649924993513 0.053266949951648719 0.026150748133659366 0.0089189298450946825
decision_type=2 2 2 2 2 2 2 2 2 2 2 2 2 2 2 2 2 2 2 2 2 2 2 2 2 2 2 2 2 2
left_child=1 8 3 4 24 6 20 -6 22 -8 11 -10 13 -7 23 19 -17 29 -19 -5 -3 -14 -1 25 -2 -4 -12 -25 -24 -16
right_child=2 5 14 15 7 12 9 -9 10 -11 26 -13 21 -15 17 16 -18 18 -20 -21 -22 -23 28 27 -26 -27 -28 -29 -30 -31
leaf_value=0.0050824871180083896 0 0 0 -0.0078391569493081147 0.0094144415848615767 0 -0.0035465340924253777 0 0 0.0036022420549616345 0 -0.011480625569265315 0.002392434805899543 -0.0096168612487058779 0 -0.0030705094624992619 0.00636640255412002 -0.01055973267870099 0 0 -0.0073860337864365072 -0.0033180164831077556 -0.00019469921011449975 -0.0024816688816198277 -0.0051516685987963717 0.0046391469012645398 0.0035985088933538738 0 0 7.1768738439048375e-05
leaf_weight=3.209803950812784 3.0655269007984316 1.1373928914836131 0.97331385275174298 7.6477782425208733 66.280522125322022 7.8449222623021369 11.969098191650117 8.2563714806747139 7.1903210995806139 98.139369208984135 1.1099238028473339 34.586767977445561 16.103359904314861 21.001153250159405 1.2646349457500066 4.2697738769929847 9.8777261835057271 11.373492239566984 1.3147991271107446 4.0094717088213656 8.9522002338126168 3.5430742228782028 1.1617661432464945 3.1499843463097923 3.2968635020661159 9.8729803113383259 2.2078001578120157 2.4159098186937626 0.41268094448605541 2.2858256595209241
leaf_count=91 212 54 60 489 2370 673 1171 412 897 8697 152 5802 1530 3342 87 264 366 1031 44 185 1912 598 181 275 382 171 150 69 12 136
internal_value=0 -0.00190907 0.00295667 0.00486182 0.00697098 -7.93928e-05 0.0012983 0.00818633 -0.00697934 0.00244423 -0.00850117 -0.00972598 -0.00385725 -0.00675046 -0.00229144 -0.000834844 0.00189344 -0.00654873 -0.00901897 -0.00552143 -0.00588532 0 0.00131279 0.00106538 -0.0019638 0.00364745 0 -0.000471944 0 0
internal_weight=357.925 218.57 139.355 106.704 80.8993 168.691 120.198 74.5369 49.8791 110.108 45.0948 41.7771 48.4925 28.8461 32.6509 25.8048 14.1475 16.2388 12.6883 11.6572 10.0896 19.6464 4.78425 16.4122 6.36239 10.8463 3.31772 5.56589 1.57445 3.55046
internal_count=31815 25262 6553 4680 3376 17977 11834 2782 7285 9868 7001 6699 6143 4015 1873 1304 630 1298 1075 674 1966 2128 284 575 594 231 302 344 193 223
is_linear=0
shrinkage=0.03


Tree=108
num_leaves=29
num_cat=0
split_feature=69 60 34 22 26 68 48 38 24 18 18 2 33 66 66 48 62 45 5 3 35 5 49 33 11 8 62 4
split_gain=2.35453 1.92816 1.70294 1.36643 1.34637 1.5187 1.77018 1.1538 1.12101 1.04697 0.942387 1.07961 0.8914 0.725731 0.651382 0.594704 0.709202 0.528638 0.50341 0.327994 0.180375 0.0977522 0.0649384 0.0510038 0.205225 0.0390666 0.0308679 0.0299497
threshold=-0.011144293006509541 0.013056567870080473 0.0053163189440965661 -0.015658285468816754 0.0050417203456163415 -0.43265412747859949 0.011234891600906851 -0.00072354078292846669 -0.00076331943273544301 0.049144878983497627 -0.028625130653381344 0.14631881564855578 -0.013229202479124067 0.039433326572179801 -0.4061728566884994 0.013259547762572767 -0.015557816252112387 0.019771727733314041 0.040697310119867332 -0.1396001726388931 0.028257049620151523 0.15316965430974963 -0.01045708730816841 -0.011199817061424254 0.021677091717720035 -0.075547881424427019 -0.010465372353792189 -0.0028685019351541992
decision_type=2 2 2 2 2 2 2 2 2 2 2 2 2 2 2 2 2 2 2 2 2 2 2 2 2 2 2 2
left_child=2 4 10 21 7 12 -7 8 -2 -9 20 14 -6 -5 -12 16 27 -15 -13 -18 22 25 -1 26 -25 -3 -17 -4
right_child=1 3 15 13 5 6 -8 9 -10 -11 11 18 -14 17 -16 23 19 -19 -20 -21 -22 -23 -24 24 -26 -27 -28 -29
leaf_value=0 0.0048669042749624573 0 0.0019631677190691966 0 0.0020867794318632578 0.0065229764261454729 -0.0031648667505177717 -0.0068365377970849052 -0.0026127308550441021 0.0021864674646233061 -0.0050906496009460135 0.0090402204895559442 -0.0081689372067693215 0.01222064561476135 0.0012677900177536755 0 0 0 0 -0.011483949710445231 0 0 -0.0095785094269364036 -0.0054183063318178374 0 -0.004221037097528353 0.0022021431985692723 0
leaf_weight=0.64296583197574353 28.442970192932989 1.2660063587245534 1.9939235495403411 2.1330542601936058 4.6892899052327257 72.555952642440388 13.847354325233026 43.676646544248797 30.448185138586268 6.6776095208479083 18.68602194556297 12.378395137391637 11.302148352791844 26.583147046054368 21.76553871872602 0.22039023778052103 0.57732446014415373 1.0755221378640261 6.4624940048379349 28.845666641645952 0.43667031949735235 2.0215637508663349 5.9303651845402774 2.5348965021912573 4.2553681366407545 2.6898137085299814 2.6661974227754399 0.97485891129326674
leaf_count=180 1795 70 86 189 290 4494 1237 4252 2680 302 2836 521 1144 715 3545 36 30 140 302 4742 17 80 982 305 81 442 212 110
internal_value=0 0.0016131 -0.00359141 0.00762752 0.000305551 0.00282411 0.00455395 -0.00181276 0.000628368 -0.00500859 -2.3956e-05 0.00101422 -0.0039517 0.0101549 -0.00124625 -0.00797673 -0.00971644 0.0113955 0.00636935 -0.0110043 -0.00806951 -0.00112421 -0.00903332 0 -0.00175967 -0.00337232 0.00109149 0
internal_weight=355.78 247.409 108.371 35.7691 211.64 102.395 86.4033 109.245 58.8912 50.3543 66.3025 59.2924 15.9914 29.7917 40.4516 42.0686 32.3918 27.6587 18.8409 29.423 7.01 5.97738 6.57333 9.67685 6.79026 3.95582 2.88659 2.96878
internal_count=31815 17830 13985 1636 16194 7165 5731 9029 4475 4554 8383 7204 1434 1044 6381 5602 4968 855 823 4772 1179 592 1162 634 386 512 248 196
is_linear=0
shrinkage=0.03


Tree=109
num_leaves=25
num_cat=0
split_feature=69 4 67 64 6 11 29 44 56 54 9 15 58 49 17 49 4 69 29 35 23 5 68 32
split_gain=2.16365 1.66752 1.55405 1.43053 1.0839 1.40885 1.5595 0.858413 0.826935 0.944365 0.784297 0.658831 0.538506 0.428803 0.511511 0.412695 0.290736 0.282624 0.209494 0.199189 0.190402 0.187435 0.0601399 0.00288188
threshold=-0.069542292505502687 -0.15505039691925046 -1.0550450682640073 2.730769276618958 -0.047907829284667962 -0.024782199412584301 0.0046224053949117669 0.020345490425825122 -0.0061642173677682868 -0.0085264444351196272 0.11210113763809205 0.049340240657329566 0.0079243928194046038 -0.0048088598996400824 0.0067348750308156022 0.0097757428884506243 0.099174149334430708 -1.2561659216880796 -0.0079736318439245207 0.011648841202259065 -0.074949204921722398 0.084757409989833846 0.26937299966812139 0.018453052267432216
decision_type=2 2 2 2 2 2 2 2 2 2 2 2 2 2 2 2 2 2 2 2 2 2 2 2
left_child=1 13 11 7 5 21 -7 10 12 -10 -3 15 -6 22 18 20 17 -5 -15 -9 -2 -4 -1 -13
right_child=2 3 4 16 8 6 -8 19 9 -11 -12 23 -14 14 -16 -17 -18 -19 -20 -21 -22 -23 -24 -25
leaf_value=-0.0029027690501130109 0 -0.0087265986271247847 -0.0030950698339910943 0 -0.0049743576008769337 0.0097215826183978324 0 -0.0014964963485668381 0.0059445216416676109 0 0 0 0.00084149487248338462 0 0 0 0 0.0080144446845743737 0.0091357348160502339 0.0042550316266984287 -0.011509952142729799 0.00089974167813204045 0 0.00060333758042884899
leaf_weight=1.7092566541396106 0.19488027796614815 64.470618104271125 10.957373000142981 0.53074640648264892 28.528849373775302 46.302525226063153 15.97701752756984 4.2390350823334293 30.75726261845557 76.580733178881928 4.6590322925039791 0.67183601754368227 9.8939090549392841 1.7853571617451951 2.1793692426581392 2.8054760242812327 4.9209300414368045 4.5421559353417233 10.198332964238942 3.7587445133249275 9.3299303645471792 14.667996936826965 2.4876615171233425 2.1252176520647481
leaf_count=142 8 11450 795 52 2363 2099 1019 691 1540 6641 386 163 588 130 174 473 118 140 303 202 1793 438 40 67
internal_value=0 -0.00350425 0.00152547 -0.00533441 0.00226699 0.00484087 0.00715573 -0.0068129 0.00040668 0.00191888 -0.00786417 -0.00615571 -0.00286143 0.00317886 0.00568609 -0.00884438 0.00254193 0.00596614 0.00797411 0 -0.0109043 -5.52832e-05 -0.000511554 0
internal_weight=354.274 105.481 248.793 87.1213 233.666 87.9049 62.2795 77.1274 145.761 107.338 69.1297 15.1273 38.4228 18.36 14.1631 12.3303 9.99383 5.0729 11.9837 7.99778 9.52481 25.6254 4.19692 2.79705
internal_count=31815 13828 17987 13039 15483 4351 3118 12729 11132 8181 11836 2504 2951 789 607 2274 310 192 433 893 1801 1233 182 230
is_linear=0
shrinkage=0.03


Tree=110
num_leaves=31
num_cat=0
split_feature=69 60 64 22 50 49 26 26 68 50 43 46 21 14 63 36 25 37 18 55 53 25 21 33 4 14 46 6 45 21
split_gain=2.21359 1.82451 1.67605 1.02172 0.972907 1.51129 0.960904 1.26289 0.88145 0.871423 0.968925 0.831507 0.812611 1.34078 0.796424 0.773301 0.709758 0.709687 0.435025 0.551031 0.43397 0.29115 0.257646 0.223655 0.222748 0.193316 0.109256 0.0528845 0.0215745 0.0192713
threshold=0.51292234659194957 0.013056567870080473 1.5000000000000002 0.0029305324424058203 0.0053020585328340539 0.014952804893255235 0.0033667553216218953 -0.015819524414837357 -0.43265412747859949 -0.0063508171588182441 -0.012640064582228659 -0.0066654384136199942 -0.020180881023406979 0.010533332824707033 0.0072190817445516595 0.030405193567276004 0.021331705152988437 0.0066596232354640969 0.028696395456790928 -0.0084042940288782102 0.0024469252675771718 -0.021586127579212185 0.0030298307538032536 -0.012117538601160048 -0.21166866272687909 -0.015189412981271742 0.0069039314985275277 -0.054518222808837884 0.00035710458178073173 0.067350767552852644
decision_type=2 2 2 2 2 2 2 2 2 2 2 2 2 2 2 2 2 2 2 2 2 2 2 2 2 2 2 2 2 2
left_child=2 6 4 27 9 15 7 20 23 10 -1 -11 18 17 -10 -6 -9 -14 19 -4 -2 -5 -7 -8 -15 -20 -23 28 -3 -29
right_child=1 3 12 21 5 22 8 16 14 11 -12 -13 13 24 -16 -17 -18 -19 25 -21 -22 26 -24 -25 -26 -27 -28 29 -30 -31
leaf_value=0.0010622678964023221 0.0057054276513743146 0 0 0 -0.010795715480709452 0.0055411992625176735 0 -0.0080421058018116109 0.0066101509427791954 0.004168438767962199 -0.0076201220551021364 -0.0018556888813415415 0.011697751398145693 0 0 0 0 0 0 -0.0077416940319360462 -0.0005828424636177067 0.013774405701202218 0 -0.0051447610568892887 -0.0048761615800234663 0.0048089182214706913 0 -0.0029408266833909312 0.001705806652470845 0
leaf_weight=7.7621373759611734 12.103488731358086 0.66126233999966944 3.9240195713937274 2.7219013283029225 34.434997552991263 4.1365755453225566 3.2865569978457643 23.310593956251981 43.351636236548075 26.444232549634762 28.297555125252984 53.65560552001989 15.335374164162209 2.6606970359571278 12.008195625923689 4.075838982302229 4.5716453338973215 7.774518964753951 6.0973510533221997 9.5874705549213122 5.2625316711200858 16.450163355970293 2.0369750716490671 6.3955186567327456 5.5751514528819808 4.306423887552226 1.912728795694419 1.9557705113838895 3.3169804806238972 0.25129651266615827
leaf_count=838 573 79 174 66 6510 449 180 1541 1839 2707 5337 6740 418 52 698 267 251 257 146 471 413 173 436 379 327 133 70 200 76 15
internal_value=0 0.00291487 -0.0018794 0.00929813 -0.0034766 -0.00721806 0.000741542 -0.0021174 0.00316794 -0.00155124 -0.00511876 0 0.00217435 0.00521426 0.00480898 -0.00946756 -0.0060214 0.00873323 -0.000985204 -0.00452095 0.00275424 0.0119251 0.00208676 -0.00261414 -0.0019624 0.00163609 0.0130381 0 0.000729926 -0.00243728
internal_weight=353.665 137.56 216.105 27.2701 160.844 44.6844 110.29 45.2483 65.0419 116.16 36.0597 80.0998 55.261 31.3457 55.3598 38.5108 27.8822 23.1099 23.9153 13.5115 17.366 21.0848 6.17355 9.68208 8.23585 10.4038 18.3629 6.18531 3.97824 2.20707
internal_count=31815 6553 25262 679 23284 7662 5874 2778 3096 15622 6175 9447 1978 1054 2537 6777 1792 675 924 645 986 309 885 559 379 279 243 370 155 215
is_linear=0
shrinkage=0.03


Tree=111
num_leaves=25
num_cat=0
split_feature=65 7 43 67 35 15 22 22 52 43 62 34 68 32 52 1 40 16 68 17 14 36 36 62
split_gain=2.07597 1.91097 1.30072 1.0694 0.927009 0.871093 1.55135 1.46082 1.06788 0.945546 0.915348 0.79014 0.510469 0.241789 0.232867 0.191628 0.13205 0.13162 0.108998 0.0640288 0.072352 0.0308442 0.00554012 0.00227789
threshold=-0.58425262570381153 0.049467988312244422 0.010523343924432995 0.53653979301452648 -0.031603462994098656 -0.026544623076915737 -0.017301427200436589 0.007408618927001954 -0.00076081231236457814 0.00053738802671432506 0.00096701830625534068 0.00021019740961492064 0.8153466284275056 0.0048008915036916741 0.016843128949403766 -0.22747361660003659 -0.029162405058741566 0.10234722495079042 1.3723952770233157 0.013546773232519628 -0.024817503988742825 -0.00013573467731475827 0.032927282154560096 -0.0041694026440381995
decision_type=2 2 2 2 2 2 2 2 2 2 2 2 2 2 2 2 2 2 2 2 2 2 2 2
left_child=12 5 3 4 -3 7 9 11 -9 -7 -8 -2 15 18 -5 -1 -17 -18 -4 22 -21 -22 -14 -15
right_child=1 2 13 14 -6 6 10 8 -10 -11 -12 -13 19 23 -16 16 17 -19 -20 20 21 -23 -24 -25
leaf_value=0 0.001734690946025095 -0.0011969961764374405 -0.0063282654478652696 -0.0054491509255758953 0.0078012065159958274 -0.0016147566464337958 -0.0011127942115943777 0.0085338771929432747 0 0.0057942642676153877 -0.0071536339401947931 -0.0051554338077442483 -0.0023364753156991844 0 0 0 -0.013109073843179884 0 0 0 0 0.0041101681228849548 0 0.00047355823238792803
leaf_weight=0.18545105574594245 17.088316566761932 4.1357495752017703 6.0213771095368411 4.1660983287147237 68.326730878514354 19.316935808463313 71.385907579002378 26.718316127407888 15.945919184392549 25.154157324337575 46.059139203243831 25.516684233887645 1.5535166615591141 1.00510790979024 0.98288917873287562 0.53702053919550863 10.316352091984296 0.17556841747136864 0.55683328019222234 0.36972963010339333 0.15546777091367481 2.0862928232818372 0.054596050293184706 4.1417167088802671
leaf_count=23 1529 174 775 1153 3246 2167 6868 1106 1199 1761 5047 2186 674 106 42 95 2756 30 72 135 71 301 30 269
internal_value=0 0.000555739 0.0042407 0.00576067 0.00685624 -0.000714775 -0.00206574 0.00149053 0.0053197 0.00213165 -0.00392225 -0.00186977 -0.0092883 -0.00274109 -0.00248339 -0.0117072 -0.0122231 -0.0127379 -0.00544502 0 0.00187768 0.00356336 -0.00215858 0
internal_weight=351.956 336.522 89.3365 77.6115 72.4625 247.185 161.916 85.2692 42.6642 44.4711 117.445 42.605 15.434 11.725 5.14899 11.2144 11.0289 10.4919 6.57821 4.2196 2.61149 2.24176 1.60811 5.14682
internal_count=31815 27700 5837 4615 3420 21863 15843 6020 2305 3928 11915 3715 4115 1222 1195 2904 2881 2786 847 1211 507 372 704 375
is_linear=0
shrinkage=0.03


Tree=112
num_leaves=30
num_cat=0
split_feature=64 6 59 28 6 16 59 8 2 28 33 57 9 24 27 50 11 4 62 61 11 56 3 44 62 27 9 54 39
split_gain=1.74729 1.88014 1.67112 1.46566 1.09463 1.78103 1.43348 1.06309 1.02144 0.913847 0.89566 0.85725 0.802741 1.04894 0.766361 0.65122 0.593831 0.540938 0.992935 0.461639 0.406463 0.343799 0.275859 0.159646 0.10288 0.087546 0.0225441 0.0335838 0.0296955
threshold=0.57692310214042675 -0.049045771360397332 0.0059294532984495172 -0.0037924597272649403 -0.08369311690330504 0.047605887055397041 0.0089234244078397768 -0.0054551512002944938 -0.16672189533710477 0.028659955598413948 0.01960735768079758 -0.0067991353571414939 -0.040430435910820954 0.01580370590090752 -0.0037155710160732265 -0.011028097942471502 -0.025551617145538327 -0.045958191156387322 0.0029025785624980931 -0.0049993782304227343 -0.045004319399595254 0.0069260001182556161 0.067884918302297606 -0.0098437517881393415 0.0046017337590456018 0.013832863420248033 0.036797434091568 -0.003285489976406097 -0.0011302344501018522
decision_type=2 2 2 2 2 2 2 2 2 2 2 2 2 2 2 2 2 2 2 2 2 2 2 2 2 2 2 2 2
left_child=4 2 11 12 17 6 8 22 -6 10 -5 -2 19 -14 -11 -9 -8 24 21 -3 -13 -19 -7 -20 25 -1 27 -4 -28
right_child=1 3 26 9 5 7 16 15 -10 14 -12 20 13 -15 -16 -17 -18 18 23 -21 -22 -23 -24 -25 -26 -27 28 -29 -30
leaf_value=-0.0052936855855977493 0 -0.0073255098638659363 0 -0.0071734961855925159 0 -0.0061182711851979002 -0.0047992463570352209 0 -0.0079757859148221876 0.006624292638325569 0.0011682413822850124 0 0.0066218825582000096 -0.0022683564074020548 -0.0031586056786446597 0.0098028442202049201 0.0038540409001728312 0.0083391419088343511 0 0.00027924017522818845 0.014023421542989658 0 0 -0.0048106107951407353 0 0 0 -0.002373653461143333 0.001449601525490342
leaf_weight=4.3177801460988112 2.8665990780864403 3.1717273407266502 2.6742144782911046 37.464396580995526 19.931677154156205 4.3406320360663839 3.569195170588503 1.5354425659897977 75.659733968845103 9.413434062866143 6.4624996268830719 3.4671843839460079 46.936668467475101 6.9914434682868878 5.7177523341088081 13.089821302142806 18.703153994050808 18.934057507183759 3.1020381366615766 15.481995051435659 21.06485916377278 5.3182107492757487 1.5869058384705566 4.2584145899891146 2.0862621383275837 0.62379744957434002 0.8452148051583207 3.9657513919228222 7.7184902359149401
leaf_count=620 172 169 72 2579 2757 599 786 227 13047 451 376 76 1364 463 570 910 2477 1109 227 547 366 561 257 485 143 38 63 162 142
internal_value=0 0.00210259 0.00722442 2.17609e-05 -0.00207008 -0.00337181 -0.00488889 0.00340838 -0.00647068 -0.00311595 -0.00533913 0.0110953 0.0029978 0.00486555 0.00157098 0.00766244 0.000741676 0.00175757 0.0038116 -0.00102067 0.0126957 0.00680593 -0.00304585 -0.00238954 -0.00273133 -0.00428244 0 -0.00132027 0
internal_weight=351.299 174.242 42.6023 131.64 177.057 138.417 117.864 20.5528 95.5914 59.0581 43.9269 27.3986 72.5818 53.9281 15.1312 14.6253 22.2723 38.6406 31.6127 18.6537 24.532 24.2523 5.92754 7.36045 7.02784 4.94158 15.2037 6.63997 8.56371
internal_count=31815 7572 1053 6519 24243 21060 19067 1993 15804 3976 2955 614 2543 1827 1021 1137 3263 3183 2382 716 442 1670 856 712 801 658 439 234 205
is_linear=0
shrinkage=0.03


Tree=113
num_leaves=27
num_cat=0
split_feature=60 10 33 3 36 41 6 48 26 35 42 37 22 61 50 16 44 8 48 10 6 57 39 8 48 62
split_gain=1.62023 1.58847 1.12035 1.07404 0.999838 1.33447 1.00252 0.939087 1.39371 1.03227 0.679639 0.645896 0.616848 0.5343 0.423334 0.319569 0.165586 0.223413 0.152283 0.0645388 0.0113197 0.0438644 0.00522439 0.0142726 0.00474228 0.000199851
threshold=0.013056567870080473 0.0025962218642234807 -0.0012689605355262754 0.0905427820980549 0.0018895119428634646 0.015364654362201692 -0.079986900091171251 -0.0065102572552859774 0.019428981468081478 0.0040851701050996789 -0.0087080774828791601 -0.024132606573402878 -0.014859322458505629 0.00043292925693094736 -0.02272279933094978 0.093850955367088332 -0.02732153236865997 0.14241408556699756 0.024864021688699726 -0.019617576152086254 -0.047907829284667962 -0.0097212083637714369 -0.014849986881017683 -0.052815958857536309 0.014554069377481939 -0.0031966846436262126
decision_type=2 2 2 2 2 2 2 2 2 2 2 2 2 2 2 2 2 2 2 2 2 2 2 2 2 2
left_child=3 2 10 4 5 6 -1 8 -6 -9 19 22 -12 -7 25 -16 -3 18 -18 -2 24 -22 -5 -24 -4 -13
right_child=1 16 20 11 7 13 -8 9 -10 -11 12 14 -14 -15 15 -17 17 -19 -20 -21 21 -23 23 -25 -26 -27
leaf_value=0.0015243527284698273 -0.0019460596888331233 0 0.00078861041308173833 0 -0.0060140451789161414 0.0054483129617929936 -0.0048192448221767385 0 0.0035658266394277319 0.0060668458434461727 0 0.00016886206314135191 0.013975356820677989 -0.00099939004474769509 -0.010500676551685597 0 -0.007136541165114486 0 0 0.0020032000908227795 0 -0.0023145798642396362 0.0015388552818037455 0 0 0
leaf_weight=17.944697134262242 2.188716341755935 0.52554417478677251 1.8628582443998314 1.1046843648655338 25.804574938112637 20.784771059923518 95.242940824980906 49.624038625319372 16.404419064085232 48.606665656239784 2.6809099528909455 1.3078896018851081 19.280954311056121 6.9606813222053452 16.911625556072977 0.40293122176080842 6.8326711035551835 1.3618920457956836 1.2033388056006513 2.6904166501190039 2.5468503013398731 4.2706811106763798 2.4099260566144949 0.6183642164687656 0.26904697946156364 0.60336990291398862
leaf_count=1156 205 22 163 69 2522 1095 10069 4290 594 3593 205 90 431 675 4392 42 916 98 65 39 99 578 81 111 23 192
internal_value=0 0.00497072 0.0079332 -0.00081388 -0.000140485 -0.0019844 -0.00353776 0.00150824 -0.00167205 0.0031802 0.0105968 -0.00641259 0.0124619 0.00300897 -0.00849305 -0.00976648 -0.00278183 -0.00428623 -0.00597623 0 0 -0.000928484 0 0.000765293 0 0
internal_weight=350.445 45.7139 35.7904 304.732 281.373 140.933 113.188 140.44 42.209 98.2307 26.841 23.3588 21.9619 27.7455 19.2258 17.3146 9.92345 9.3979 8.03601 4.87913 8.94944 6.81753 4.13297 3.02829 2.13191 1.91126
internal_count=31815 2844 1743 28971 23994 12995 11225 10999 3116 7883 880 4977 636 1770 4716 4434 1101 1079 981 244 863 677 261 192 186 282
is_linear=0
shrinkage=0.03


Tree=114
num_leaves=21
num_cat=0
split_feature=65 7 10 39 29 35 36 16 41 46 39 41 35 63 44 63 33 59 44 1
split_gain=1.97878 1.73756 1.37522 1.61509 2.11463 1.44218 1.01382 1.28381 0.834147 0.862948 1.03537 0.765432 0.68201 0.549542 0.50402 0.37658 0.368176 0.355468 0.269307 0.204272
threshold=-0.58425262570381153 -0.0036754757165908809 -0.0042253248393535605 -0.0083987899124622328 0.0089006051421165484 0.0086651779711246508 0.0016966462135314944 0.045735895633697517 -0.016310639679431912 -0.016319079324603077 -0.009659375995397566 -0.017823696136474606 -0.00010499171912670134 0.019999338313937191 -0.00087701529264450062 -0.0039657317101955405 -0.020582415163516995 0.0033835954964160924 -0.021018598228693005 -0.23972791433334348
decision_type=2 2 2 2 2 2 2 2 2 2 2 2 2 2 2 2 2 2 2 2
left_child=13 8 3 5 -5 -3 7 -4 11 14 -11 17 -8 16 -10 -13 -1 -2 -18 -20
right_child=1 2 6 4 -6 -7 12 -9 9 10 -12 15 -14 -15 -16 -17 18 -19 19 -21
leaf_value=0 -0.0045263925074129335 -0.0086137697984053508 -0.0065057524100466694 0.0086915336387418836 -0.0011245874664292037 0.0044018146495675009 -0.00072542224764538552 0.0029769397468686876 -0.0017573931847444347 0 -0.0061545497888460411 0 0.0054999293546203944 0 0.0053643458456062746 0.0098713411988296373 0 0.0017048027775626014 0 -0.013310263086492002
leaf_weight=1.681747409988019 8.7414075948036096 10.305719426592988 32.322599041850481 69.853396210826759 18.508247961603047 7.8964487166231256 15.62407602946041 10.965623785712522 7.1589310933341066 29.978187623259146 67.462431290841778 1.225880664285796 26.414809722693462 1.3515407215309085 11.470357129153852 6.9797791006130847 0.46898808009427462 9.1755426886811602 0.13150021871842632 11.555330760544168
leaf_count=352 969 1267 3762 3677 1499 404 1300 370 734 2848 7595 109 1657 140 628 241 157 640 16 3450
internal_value=0 0.000543267 0.00244611 0.00465278 0.006364 -0.00194258 -8.26421e-05 -0.00342284 -0.00181669 -0.00300624 -0.00420683 0.00213869 0.00271729 -0.00912437 0.0015652 0.00792041 -0.0107463 -0.000350505 -0.0120879 -0.0128355
internal_weight=349.273 334.083 191.891 106.564 88.3616 18.2022 85.3271 43.2882 142.193 116.07 97.4406 26.1226 42.0389 15.1891 18.6293 8.20566 13.8376 17.917 12.1558 11.6868
internal_count=31815 27700 13936 6847 5176 1671 7089 4132 13764 11805 10443 1959 2957 4115 1362 350 3975 1609 3623 3466
is_linear=0
shrinkage=0.03


Tree=115
num_leaves=24
num_cat=0
split_feature=65 7 37 17 47 20 68 43 1 53 47 27 56 68 5 1 40 16 17 14 47 36 36
split_gain=1.90177 1.61212 1.36921 1.28204 1.16643 0.976242 0.916122 1.02563 0.655287 0.654907 0.620361 0.57185 0.533494 0.48563 0.432993 0.177413 0.106007 0.117281 0.0563313 0.0653459 0.034693 0.028515 0.00468496
threshold=-0.58425262570381153 0.049467988312244422 0.0077367294579744348 -0.02073021791875362 -0.0011411719024181364 -0.041648674756288522 1.1437468528747561 0.0017714146524667742 -0.21064807474613187 0.011269076727330686 0.010117051191627981 -0.022547677159309384 0.01206905208528042 0.8153466284275056 0.11656170338392259 -0.22747361660003659 -0.029162405058741566 0.10234722495079042 0.013546773232519628 -0.024817503988742825 0.011166201904416086 -0.00013573467731475827 0.032927282154560096
decision_type=2 2 2 2 2 2 2 2 2 2 2 2 2 2 2 2 2 2 2 2 2 2 2
left_child=13 5 3 9 -5 8 7 -7 20 -3 -8 -4 -13 15 -10 -1 -17 -18 22 -20 -2 -21 -15
right_child=1 2 11 4 -6 6 10 -9 14 -11 -12 12 -14 18 -16 16 17 -19 19 21 -22 -23 -24
leaf_value=0 0.001963304005634962 0.0083110880188213936 0 -0.0092717040722487161 0.00027424760221763582 -0.0010157961439541917 -0.0068201743976486692 0.0031238824962278966 -0.010225554704393182 -0.0006812454718028324 0.00016846864352627037 0.010643515473977494 0 -0.0021416925582793769 0 0 -0.012686019461818385 0 0 0 0 0.0039405481911724436 0
leaf_weight=0.178755558335978 3.1004425894207119 16.536120280834442 4.0971923660399616 10.15350479326298 25.683655428445491 105.79261382926052 22.173286587203624 90.023657246187213 13.726323548384245 1.6242887489934208 6.1786424119345602 27.404704790060354 3.1057506917859419 1.5353096742619516 3.2981542784982585 0.52576124435290594 9.9982740769482881 0.17496236563602074 0.35368951407872407 0.15054781650542359 0.69580654049059365 2.046206291794078 0.05370066403702356
leaf_count=23 127 1001 252 1134 1815 8888 3040 7371 1695 211 362 1229 195 674 251 95 2756 30 135 71 129 301 30
internal_value=0 0.00053119 0.00393099 0.000210041 -0.00249978 -0.000632443 0 0.000768364 -0.00615631 0.00623805 -0.00460073 0.00821987 0.0094792 -0.00898516 -0.00843861 -0.0113714 -0.0118723 -0.0123338 0 0.00181738 0 0.00341132 -0.00197726
internal_weight=348.611 333.594 88.6052 53.9976 35.8372 244.989 224.168 195.816 20.8207 18.1604 28.3519 34.6076 30.5105 15.0172 17.0245 10.8778 10.699 10.1732 4.13945 2.55044 3.79625 2.19675 1.58901
internal_count=31815 27700 5837 4161 2949 21863 19661 16259 2202 1212 3402 1676 1424 4115 1946 2904 2881 2786 1211 507 256 372 704
is_linear=0
shrinkage=0.03


Tree=116
num_leaves=29
num_cat=0
split_feature=11 7 47 38 43 1 43 15 28 46 37 46 62 16 40 63 22 8 1 30 38 23 33 1 38 1 55 51
split_gain=1.74699 1.7515 1.6397 1.3914 1.31089 1.1662 1.1316 1.04063 0.981728 1.43284 0.971512 0.838748 0.821947 0.708968 0.69967 0.651181 0.595802 0.550107 0.508816 0.491043 0.394154 0.307333 0.257432 0.1674 0.0830954 0.0335586 0.0240056 0.0137145
threshold=-0.033294118940830224 0.049467988312244422 -0.0011411719024181364 -0.00021360814571380613 0.0016872426494956019 0.2081568390130997 0.0077506785746663817 -0.032935433089733117 -0.0094666257500648481 0.01575572416186333 0.0033846157602965836 -0.014796698465943335 -0.012960759922862051 0.076040074229240431 0.0020530223846435551 -0.01282151974737644 0.0047508210409432658 0.044608019292354591 0.21471361070871356 -0.016007712110877034 -0.019290193915367123 0.031590424478054054 -0.01088571175932884 -0.022793047130107876 -0.0004861727356910705 0.27013914287090307 -0.010329924523830412 0.0046363535802811393
decision_type=2 2 2 2 2 2 2 2 2 2 2 2 2 2 2 2 2 2 2 2 2 2 2 2 2 2 2 2
left_child=3 4 10 14 7 13 15 16 12 -10 17 -9 -6 21 19 -4 -2 -3 24 22 -21 -5 -1 -12 -16 -8 -7 -20
right_child=1 2 6 5 8 26 25 11 9 -11 23 -13 -14 -15 18 -17 -18 -19 27 20 -22 -23 -24 -25 -26 -27 -28 -29
leaf_value=0 -0.0019197964447348977 -0.0098330667008606504 0 -0.013432850050611581 -0.0018964974582888648 0.0017433732011164331 -0.00211577304577472 0.00014941844935060174 -0.0033323903738776213 0.0069615796999162255 0 -0.0061182466423493386 0.0067034423580257909 0 -0.0088905142054474633 0.01106007417113474 0.0044551624575423689 0 0 0 0.0064282243025233343 0 -0.0056795055977879498 0.0046010560870724023 0 0 0 0.0012225388833758599
leaf_weight=3.210591574665159 16.645087418517505 6.9460463057112083 3.0510972855117862 19.614308856973377 4.111484792578266 2.1084280804498121 3.155052793299546 14.492321223857287 40.745338190608891 11.162586692080366 3.4688695893928534 57.985729324660497 41.056138021995139 1.4578023954309163 7.4905717714573257 35.81639377620013 19.863152347708819 2.0680229252393474 4.5221444328199141 4.9509466660092611 17.697520237052231 2.326289852433546 3.234255687872067 12.244642788289635 0.24491192891582425 0.63762502893223416 3.8435802162566679 3.2584268087084638
leaf_count=73 1395 939 204 3100 237 65 533 1153 5112 601 357 7236 2610 159 1371 1838 1015 308 168 272 1316 243 377 644 43 48 272 126
internal_value=0 0.0011169 0.00514871 -0.00393871 -0.000150212 -0.00849208 0.00843959 -0.00248481 0.00217026 -0.00017439 0 -0.00454903 0.00521162 -0.011144 0 0.0100228 0.000944758 -0.0068624 -0.004707 0.0022666 0.00459264 -0.0124336 -0.00172161 0.00321728 -0.00846457 -0.00084669 0 0
internal_weight=347.409 273.45 67.3878 73.9598 206.062 29.3504 42.6602 108.986 97.0755 51.9079 24.7276 72.4781 45.1676 23.3984 44.6094 38.8675 36.5082 9.01407 15.5161 29.0933 22.6485 21.9406 6.44485 15.7135 7.73548 3.79268 5.95201 7.78057
internal_count=31815 24230 4871 7585 19359 3839 2623 10799 8560 5713 2248 8389 2847 3502 3746 2042 2410 1247 1708 2038 1588 3343 450 1001 1414 581 337 294
is_linear=0
shrinkage=0.03


Tree=117
num_leaves=30
num_cat=0
split_feature=69 60 34 22 31 67 39 63 24 43 29 42 53 42 29 27 64 9 48 45 13 20 49 58 42 64 59 66 58
split_gain=1.85901 1.4977 1.43819 1.18327 1.03662 1.12735 1.12119 1.0049 0.951242 0.844707 1.15335 0.952129 0.726367 0.699421 0.606301 0.826492 0.594103 0.580401 0.522262 0.47319 0.427959 0.261031 0.107626 0.0871839 0.0390515 0.0325 0.0240427 0.0124473 0.0101335
threshold=0.0002661524922586978 0.013056567870080473 0.0054849358275532731 -0.015658285468816754 -0.014222340658307074 -0.88642525672912587 0.00016396865248680117 0.0064923809841275224 -0.0132448673248291 -0.023018646985292431 -0.050299361348152154 0.02967142499983311 0.0082234777510166186 -0.0087080774828791601 -0.013590376824140547 -0.0053385309875011435 3.038461565971375 0.076086200773715987 -0.016994650475680825 0.016224317252635959 0.015552414581179621 0.013845765031874182 0.0091784000396728533 -0.016531825065612789 -0.0061988048255443564 4.2692308425903329 -0.023849353194236752 0.45117105543613439 0.0090797580778598803
decision_type=2 2 2 2 2 2 2 2 2 2 2 2 2 2 2 2 2 2 2 2 2 2 2 2 2 2 2 2 2
left_child=2 4 8 23 7 12 -7 18 16 22 28 -12 -6 27 21 -16 17 -1 -2 -15 -9 -10 24 -3 -4 -18 -25 -5 -11
right_child=1 3 9 13 5 6 -8 20 14 10 11 -13 -14 19 15 -17 25 -19 -20 -21 -22 -23 -24 26 -26 -27 -28 -29 -30
leaf_value=-0.0092492351166768606 0 0 0 -0.00089925998116781639 -0.0074601524495258552 0 0.0053461836764407272 -0.0005604400767725493 -0.0054284087868330701 0.0011418345811184968 -0.011158508519522697 0.00033672514663695623 0.0012190597720005648 0.01247619309160947 0.0078596001436326279 0 0.0021659744284955739 0 -0.0077786233924265636 0 0.0067233524516684701 0 0 0 0.0042340596953629496 0 -0.0037602697727052675 0.00079114919786477122 0
leaf_weight=14.695316734378144 3.9981360207166317 2.4219421672460157 0.41591854429134478 1.7341007829090838 13.517820244669567 68.805937478573469 66.287145243011764 4.2387738738834724 5.6990374832021171 3.6176674892849396 35.368337032719865 1.5773120206213196 4.9924328183478783 20.853605644748317 18.180290109579801 22.815650487762468 2.4096067412319822 5.2131492743210393 25.576440424483735 0.91665780391485796 5.1206859225276276 5.0026676990673877 1.0079556701530235 0.42934650322422419 2.5597742190948329 0.79686726152431209 2.818508563344948 4.1976238303468563 1.3931205778935689
leaf_count=2509 216 73 53 142 1894 4494 4314 301 960 55 5836 85 488 509 1924 3495 58 512 2131 136 247 413 108 8 124 72 458 134 66
internal_value=0 0.00159835 -0.00293492 0.00706335 0.000344441 0.00159902 0.00270944 -0.00354099 0 -0.00683182 -0.00816999 -0.0099709 -0.00408181 0.0095282 0.00198214 0.00386776 -0.00474632 -0.00683173 -0.00631785 0.0115938 0.00228889 -0.00226211 0.000625611 -0.000989496 0.00354763 0.000819534 -0.0032833 0 0.000459693
internal_weight=346.662 225.909 120.753 33.3718 192.537 153.603 135.093 38.934 74.8126 45.9401 41.9564 36.9456 18.5103 27.702 51.6976 40.9959 23.1149 19.9085 29.5746 21.7703 9.35946 10.7017 3.98365 5.6698 2.97569 3.20647 3.24786 5.93172 5.01079
internal_count=31815 15545 16270 1460 14085 11190 8808 2895 9943 6327 6042 5921 2382 921 6792 5419 3151 3021 2347 645 548 1373 285 539 177 130 466 276 121
is_linear=0
shrinkage=0.03


Tree=118
num_leaves=30
num_cat=0
split_feature=69 55 22 25 34 34 34 55 49 52 20 47 51 7 64 66 30 19 40 61 10 54 31 20 34 39 15 30 47
split_gain=1.65332 1.64897 1.33877 1.58757 1.55762 1.40287 1.3124 1.88289 1.28702 1.21572 1.12329 1.05022 0.731254 0.676132 0.657919 0.539218 0.536938 0.522329 0.515046 0.445551 0.401301 0.348617 0.303196 0.221787 0.16655 0.0813087 0.112012 0.0979012 0.0748881
threshold=-0.069542292505502687 0.0030901897698640828 0.007408618927001954 -0.020074397325515744 -0.013867975212633608 -0.0040602879598736754 0.0053163189440965661 -0.0042958334088325492 -0.0054311752319335929 0.01021323259919882 -0.0054538771510124198 -0.0062713939696550361 0.004500478971749545 -0.060721646994352334 2.3461538553237919 -2.2128868103027339 -0.027318837121129032 -0.023077912628650662 -0.033268230035901063 -0.0066195041872560969 -0.10137883573770522 0.011212836951017381 0.0020621940493583684 0.067516345530748381 1.0000000180025095e-35 0.0028732270002365117 -0.03192902356386184 0.002455016598105431 0.0039052721112966542
decision_type=2 2 2 2 2 2 2 2 2 2 2 2 2 2 2 2 2 2 2 2 2 2 2 2 2 2 2 2 2
left_child=6 2 4 21 12 -5 7 14 17 15 -6 22 -2 24 23 -8 -15 28 -17 -19 -13 -4 -10 -1 -9 26 -11 -27 -3
right_child=1 8 3 5 10 -7 9 13 11 25 -12 20 -14 16 -16 18 -18 19 -20 -21 -22 -23 -24 -25 -26 27 -28 -29 -30
leaf_value=-0.010691886127531268 0.007602604648734303 0 -0.0067211679141438658 0 0.0017596488395882133 0.010663464745751781 0 -0.0045460910825496619 0.0030630748969695076 0 -0.0053373449838626293 0 -0.00028650328595276062 -0.0016789012464768127 0 0 0.0056634928781591244 0 -0.012356309063933951 0.0059674130194916804 -0.0089424366914707797 0 -0.0031927095076842936 0 0 0.0032359141511017482 -0.0040138649540462238 0 -0.0041842713716841043
leaf_weight=13.262303355964834 26.166411591075306 3.1664713929203563 4.3404050009194171 18.65379282910726 26.671853448096954 42.534924497987959 1.4180347804576729 5.9815439662197596 11.793830978283951 1.2792859276523803 36.595185915153706 1.2135011932405202 5.2144654969015383 1.6975723267096317 1.4384978945308819 1.5026805285160687 38.475271898452775 5.1472576330852489 22.917057138838576 21.395389180273924 27.859189857626916 3.3454849336849293 6.3121790958175543 1.7941367882012844 1.150969976064516 7.621177482971687 3.0653516063903226 0.9703910284442826 2.8871401255310047
leaf_count=2660 1261 378 386 1388 2108 2097 205 793 645 160 2985 101 541 290 29 62 4316 449 4198 1251 3111 157 791 105 106 252 560 92 338
internal_value=0 0.00134593 0.00311133 0.00618057 0.000378763 0.00791123 -0.0031066 0 -0.001889 -0.00712041 -0.00199623 -0.00503213 0.00560788 0.00276073 -0.00776471 -0.0103658 0.00453762 0.00192652 -0.0113633 0.00413355 -0.00815593 -0.00292032 0 -0.00970247 -0.00252022 0 -0.00176561 0.00180021 -0.00252887
internal_weight=345.872 243.297 163.523 68.8746 94.6479 61.1887 102.574 63.8003 79.775 38.774 63.267 47.1787 31.3809 47.3054 16.4949 25.8378 40.1728 32.5963 24.4197 26.5426 29.0727 7.68589 18.106 15.0564 7.13251 12.9362 4.34464 8.59157 6.05361
internal_count=31815 17987 10923 4028 6895 3485 13828 8299 7064 5529 5093 4648 1802 5505 2794 4465 4606 2416 4260 1700 3212 543 1436 2765 899 1064 720 344 716
is_linear=0
shrinkage=0.03


Tree=119
num_leaves=21
num_cat=0
split_feature=65 63 69 4 32 18 18 65 14 11 24 63 62 14 24 69 17 19 59 13
split_gain=1.77383 1.41533 1.49893 1.47523 1.04014 0.94488 1.13283 0.835142 0.806728 0.771868 0.708996 0.469423 0.414146 0.502567 0.318582 0.307025 0.291058 0.207362 0.190973 0.181415
threshold=-0.58425262570381153 0.0062291808426380166 0.51292234659194957 -0.12649305909872052 -0.0019399821758270262 -0.028625130653381344 -0.052270546555519097 1.0094037652015688 0.012974917888641359 0.014797044917941095 0.043215006589889533 0.021699295379221443 0.0037704799324274067 -0.03079976141452789 0.024313282221555713 -0.25468719005584711 0.039430893957614906 0.037680685520172126 -0.012512538582086561 0.03833307325839997
decision_type=2 2 2 2 2 2 2 2 2 2 2 2 2 2 2 2 2 2 2 2
left_child=11 2 5 17 -5 6 -2 9 -7 10 -3 14 13 -9 16 -14 18 -4 -1 -11
right_child=1 7 3 4 -6 8 -8 12 -10 19 -12 -13 15 -15 -16 -17 -18 -19 -20 -21
leaf_value=0 0 -0.010048749979457698 -0.0068380429657065259 0 0.0073123530565355095 0.0025779057550447226 -0.0099319887515888564 0.0011297184581905188 -0.0020754754305506691 -0.0024153592131545818 0 0 -0.00031070740482197745 -0.0066019038552750939 0 0.0046764235445950061 0 0 -0.013048818420668327 0.0025256602903677805
leaf_weight=1.0350072607179726 12.157373417736382 22.180970706802331 5.5723250991286468 26.525613890466047 69.927406500544748 87.532294388474838 13.036260780732844 3.4641071883670547 42.028172680395073 10.208656389440877 1.9350862349165243 0.98554755510122127 1.9392526428709995 8.3476371613360225 0.71004164358601052 18.235373072588118 1.3585882096886042 0.5436212797067127 10.569632246420948 6.6864107336150473
leaf_count=218 974 3082 356 1813 2398 8262 2002 153 4949 1801 115 108 144 507 332 495 297 95 3160 554
internal_value=0 0.00051348 0.00163582 0.00436581 0.00550119 -6.58041e-05 -0.00501583 -0.00290949 0.000824415 -0.00553947 -0.00850592 -0.00875844 0 -0.00288832 -0.0101678 0.00303887 -0.01111 -0.00526147 -0.0122191 0
internal_weight=344.979 330.321 257.323 102.569 96.453 154.754 25.1936 72.9975 129.56 41.0111 24.1161 14.6588 31.9864 11.8117 13.6733 20.1746 12.9632 6.11595 11.6046 16.8951
internal_count=31815 27700 20849 4662 4211 16187 2976 6851 13211 5552 3197 4115 1299 660 4007 639 3675 451 3378 2355
is_linear=0
shrinkage=0.03


Tree=120
num_leaves=30
num_cat=0
split_feature=11 6 60 1 23 45 15 37 25 7 48 58 53 6 57 33 42 22 6 21 57 54 10 31 57 42 17 11 68
split_gain=1.50797 1.56302 1.84371 1.356 1.1059 0.959514 0.942121 0.895896 0.958433 0.891771 0.858186 0.817532 0.811167 0.713292 0.699272 0.671224 0.646322 0.460748 0.428885 0.293003 0.260689 0.137994 0.279083 0.103977 0.0762492 0.0569666 0.0216322 0.0224673 0.00110898
threshold=-0.033294118940830224 -0.047204777598381036 0.0060365637764334687 0.20263375341892245 0.016804814338684086 0.014337802305817606 -0.045253656804561608 -0.00062806066125631322 -0.0075081586837768546 -0.0036754757165908809 0.0063332961872220048 -0.0013146102428436277 0.0016086441464722159 -0.065953657031059251 -0.0067991353571414939 0.01019377261400223 0.01739092264324427 0.026222435757517818 -0.08369311690330504 -0.0012031123042106626 0.006539722904562951 0.0011896565556526186 0.022567339241504673 -0.024117327295243737 -0.0024504363536834712 0.015748177655041221 0.092993061989545836 -0.052989173680543893 -0.079321559518575654
decision_type=2 2 2 2 2 2 2 2 2 2 2 2 2 2 2 2 2 2 2 2 2 2 2 2 2 2 2 2 2
left_child=3 2 13 4 6 14 24 8 9 -3 -10 15 -13 18 -4 -9 -8 -15 -2 20 23 25 -23 -5 -1 -6 27 -21 -7
right_child=1 7 5 19 21 28 16 11 10 -11 -12 12 -14 17 -16 -17 -18 -19 -20 26 -22 22 -24 -25 -26 -27 -28 -29 -30
leaf_value=0.0015475171583859751 0 -0.0045931379593992022 0 0 -0.0026995097121896303 0 -0.011972528351241603 -0.0047112807973525191 -0.0080924188540186254 0.0033282461879978885 0 0 0.0064267616552880847 0.0072149568625030124 0.012502404613363046 0.001683676071286928 0 0 -0.0068731580341723957 -0.0020627762535449434 0 0.0056490838023263729 0 0.0072214752294955612 -0.0021073102309937686 0 0 0 -0.00039345784261800147
leaf_weight=5.8557167799808667 24.809993455026415 14.738232397670798 2.7497938580345425 0.75989844623836589 4.3716014756864734 1.5044475503964352 27.238033303216074 23.238484627880098 29.362731717599672 29.862337671467685 12.127860421045623 32.697093670598406 33.336472208400664 12.34415124618681 25.996142183576012 18.167082942847628 4.0043064546771339 1.7371648937551061 6.4261115834378897 4.3276549661386516 1.6224947032023909 6.2291134973274893 1.7016934650819164 7.8913625344575875 4.5990102218202065 0.62665610045951314 1.0877317989070432 3.2312117049877989 1.4471592132322246
leaf_count=253 1983 1576 252 30 581 26 4261 3166 3717 2079 1262 3247 2031 1113 1126 1434 369 167 872 290 162 447 341 214 365 94 62 116 179
internal_value=0 0.00104526 0.00454309 -0.00366684 -0.00606891 0.00955741 -0.00826702 -0.00027494 -0.00259913 0 -0.00563829 0.00135339 0.00346607 0 0.0111769 -0.00137987 -0.0105572 0.00505812 -0.00206003 0.0018331 0.00474633 0 0.00287889 0.0065109 0 -0.00130488 0 -0.00124508 0
internal_weight=344.092 270.545 77.015 73.5465 54.6261 31.6975 41.6971 193.53 86.0912 44.6006 41.4906 107.439 66.0336 45.3174 28.7459 41.4056 31.2423 14.0813 31.2361 18.9204 10.2738 12.9291 7.93081 8.65126 10.4547 4.99826 8.6466 7.55887 2.95161
internal_count=31815 24230 5718 7585 6711 1583 5248 18512 8634 3655 4979 9878 5278 4135 1378 4600 4630 1280 2855 874 406 1463 788 244 618 675 468 406 205
is_linear=0
shrinkage=0.03


Tree=121
num_leaves=21
num_cat=0
split_feature=65 63 3 51 45 52 6 33 35 65 35 37 11 18 19 63 33 24 51 6
split_gain=1.62994 1.21479 1.17693 1.35996 1.37111 1.09321 1.46392 0.925414 0.772076 0.761796 0.613264 0.572734 0.535816 0.492206 0.457499 0.439544 0.323342 0.370971 0.161456 0.0534197
threshold=-0.58425262570381153 0.0062291808426380166 0.0027532125823199753 0.010742533020675184 0.020911381579935554 -0.0041789505630731574 -0.04204116761684417 -0.017330832779407498 0.00041204318404197698 1.0094037652015688 0.017475316300988201 0.010232678614556791 -0.032265350222587579 0.018770471215248111 -0.035347722470760339 0.021699295379221443 -0.0175709705799818 0.024313282221555713 0.018403955735266212 -0.15634094178676602
decision_type=2 2 2 2 2 2 2 2 2 2 2 2 2 2 2 2 2 2 2 2
left_child=15 2 3 4 -2 9 19 -8 11 10 -3 -4 -11 -10 -5 16 -1 18 -18 -7
right_child=1 5 8 14 -6 6 7 -9 13 12 -12 -13 -14 -15 -16 -17 17 -19 -20 -21
leaf_value=0 0.0044115080183895657 -0.0064322666793177174 -0.0071705098485318162 0.00094617037981393961 -0.0063260366700641198 -0.00018568677377004468 0 -0.012085870628350351 -0.0012595349662832022 -0.00021705182508010128 0.0019664533217831071 0 0.006897867222110339 0.0044349921693488279 -0.0057381346555825203 0 -0.012921955722653616 0 0 0.0016630034106470766
leaf_weight=2.0979546625312642 164.1241773580623 12.188258689646316 21.295119436508688 2.9956741483183604 4.9019377106742459 2.0861852724046903 2.6922752970349419 20.212453053885838 22.418521678126126 3.7577634830086053 3.6956333691923637 7.9300328361932761 15.633400368024011 16.373095704591833 15.959558087532058 0.98764790048881046 10.282890590522577 0.70482462515792654 0.38043287099571976 12.295974299311636
leaf_count=491 8884 1732 3753 221 513 175 387 2705 3361 166 303 1292 504 1302 1523 108 3149 320 47 879
internal_value=0 0.000492296 0.00153947 0.00280208 0.00375491 -0.00267642 -0.00601969 -0.0101059 -0.00149213 0.000421245 -0.0030387 -0.0049439 0.00452728 0.000690884 -0.00345242 -0.00844106 -0.00982267 -0.011253 -0.0123953 0
internal_weight=343.014 328.56 255.998 187.981 169.026 72.5619 37.2869 22.9047 68.0168 35.2751 15.8839 29.2252 19.3912 38.7916 18.9552 14.4538 13.4661 11.3681 10.6633 14.3822
internal_count=31815 27700 20849 11141 9397 6851 4146 3092 9708 2705 2035 5045 670 4663 1744 4115 4007 3516 3196 1054
is_linear=0
shrinkage=0.03


Tree=122
num_leaves=31
num_cat=0
split_feature=69 11 30 52 27 34 18 60 9 14 38 34 11 7 43 38 32 8 9 60 27 48 47 67 49 17 52 54 67 68
split_gain=1.56945 1.43544 1.49683 1.85791 1.36248 1.08381 1.78392 1.25479 1.13005 1.2579 0.870522 0.760576 0.657843 0.617169 0.615881 0.571122 0.540512 0.605096 0.413329 0.330426 0.30489 0.206968 0.203901 0.400407 0.203486 0.464011 0.177389 0.131162 0.0664962 0.00284168
threshold=0.022327792830765251 -0.033294118940830224 -0.0023647765628993507 0.0071325581520795831 0.0065944008529186257 0.0054849358275532731 -0.010918661952018736 -0.0075898971408605567 -0.062059974297881119 0.012974917888641359 -0.0027883574366569515 0.0066897240467369565 0.070602849125862135 -0.011458985507488249 -0.025197066366672512 -0.018882043659687039 -0.01618862152099609 -0.054749779403209679 0.095755338668823256 -0.0083909910172224027 -0.0087962113320827467 -0.020306855440139767 0.0086060520261526125 -0.10221726819872855 0.004999343305826188 0.022082217969000343 0.0034632124006748204 0.0011896565556526186 -0.62873747944831837 0.57363358139991771
decision_type=2 2 2 2 2 2 2 2 2 2 2 2 2 2 2 2 2 2 2 2 2 2 2 2 2 2 2 2 2 2
left_child=5 10 3 4 -3 6 18 22 21 -10 24 13 14 -4 -9 -13 28 -18 19 -1 -5 -8 26 -24 27 -26 -7 -2 -12 -14
right_child=1 2 11 20 -6 7 8 12 9 -11 16 15 29 -15 -16 -17 17 -19 -20 -21 -22 -23 23 -25 25 -27 -28 -29 -30 -31
leaf_value=0 -0.0033172732932461031 0.010121966525635042 0.00085445957840458954 -0.0056745552922159905 0 -0.0050349793002585838 0 0 0.0073307088323680495 -0.00097083052572166455 0 -0.0012755557269159676 0 -0.0048039518152236732 -0.011196977800137281 0.0059163802631486632 0 -0.010201513447981233 0 -0.0099451077077080587 0 -0.0064323189804312017 0.0073367692207415656 0 0.0055982434670351381 -0.0017285785920058644 0 0 0.0029068098992176892 0.00061242544212314039
leaf_weight=2.8405676106049276 6.858324744942367 50.943924009494367 17.07559745265462 4.8612489232036777 18.51115780222608 3.2440969838062328 0.87789429405529507 1.9009039841839719 35.359847043648188 16.447901179955807 1.6130812426708874 4.4806598748691639 1.7493997577548719 30.770851962573943 27.913421770688728 20.623671723384177 4.9879023728572109 15.249178295947782 2.6463719598395974 14.426908689743867 13.712146990030304 7.0796553580294121 4.1872142539650667 5.5737714536153344 13.313208559891789 2.1126092128106384 2.995418604776205 6.265433671316714 2.0828159878728938 1.8188460995734201
leaf_count=619 561 1918 1411 373 1119 637 75 156 4005 1889 256 312 305 2603 4832 1503 328 1696 240 2724 828 1521 99 264 379 105 434 343 142 138
internal_value=0 0.00156807 0.00303546 0.00556062 0.00777898 -0.00255526 0 -0.0058337 0.00233623 0.00431357 -0.00228346 0 -0.00881144 -0.0023271 -0.0101294 0.00363756 -0.00609917 -0.00786914 -0.00708907 -0.00854009 -0.00135274 -0.00491895 0 0.00301482 0.000453294 0.00294858 -0.00209532 -0.000828706 0 0
internal_weight=342.524 213.462 160.979 88.0285 69.4551 129.062 79.6791 49.3831 59.7653 51.8077 52.4826 72.9508 33.3826 47.8464 29.8143 25.1043 23.933 20.2371 19.9138 17.2675 18.5734 7.95755 16.0005 9.76099 28.5496 15.4258 6.23952 13.1238 3.6959 3.56825
internal_count=31815 13877 10067 4238 3037 17938 11073 6865 7490 5894 3810 5829 5431 4014 4988 1815 2422 2024 3583 3343 1201 1596 1434 363 1388 484 1071 904 398 443
is_linear=0
shrinkage=0.03


Tree=123
num_leaves=30
num_cat=0
split_feature=69 60 11 31 60 22 63 18 56 45 54 30 26 22 38 4 11 13 27 15 65 65 46 31 5 5 6 45 27
split_gain=1.63353 1.35958 1.31377 1.24372 1.07899 0.843951 0.798244 0.73385 0.885051 0.859915 1.24869 0.922258 0.678967 0.625606 0.62509 0.578734 0.514048 0.455956 0.452654 0.434817 0.399289 0.200113 0.177575 0.134028 0.132911 0.0546533 0.0151093 0.00778363 4.18948e-05
threshold=0.51292234659194957 0.013056567870080473 -0.023077778518199917 -0.0010047182440757749 -0.0036836564540863033 0.0029305324424058203 0.0072190817445516595 -0.034287199378013604 -0.022815963253378865 1.0000000180025095e-35 0.0015295520424842837 0.016308464109897617 0.010912742465734484 -0.015431165695190428 -0.0051797926425933829 -0.12649305909872052 -0.10765635222196578 0.054931372404098518 -0.0054860115051269523 -0.072573289275169359 -0.33607684075832361 0.21636863052845004 0.0019608251750469212 -0.026020583696663376 -0.038747176527976983 0.067790459841489806 0.028926283121109012 0.00035710458178073173 -0.015321604907512663
decision_type=2 2 2 2 2 2 2 2 2 2 2 2 2 2 2 2 2 2 2 2 2 2 2 2 2 2 2 2 2
left_child=2 3 4 12 18 25 15 8 26 11 -11 -9 14 -10 -2 -5 28 24 23 -18 -20 -14 -8 -1 -7 -3 -4 -27 -6
right_child=1 5 7 6 16 17 22 9 13 10 -12 -13 21 -15 -16 -17 19 -19 20 -21 -22 -23 -24 -25 -26 27 -28 -29 -30
leaf_value=0 0 -0.0026070820777991111 0.0034932414940687211 -0.00011633331850445203 7.9181543052697848e-05 0 0 0.0049072947003880596 0 -0.0050655304180955985 0.0021298414245951671 -0.0020081406859836716 -0.0024856025466559804 -0.010340355757411024 -0.0087687687828810149 0.00658721012686838 0 0 -4.7978911702279569e-05 -0.010601258534732061 0.006630389086130054 0.0021825413020699663 -0.004896482947277494 -0.0055938795570153726 0.012568947966096741 0 0 0.0010775868256830746 0
leaf_weight=1.8602798913489094 10.831284221188982 1.7837952263507784 1.623944584687709 4.0776291514339382 1.0138802764849972 2.0291359825059834 5.9986376253436884 53.955127861001529 6.7715995294638622 38.144735400928766 32.719359220667684 14.161436542130103 3.9413552571641075 12.83611821992235 14.269142558201564 42.257440933448379 1.7557125916937426 1.7197144713427395 1.6390228249365471 26.858837952462633 8.1423591380735125 21.415802424162393 3.2598221672087675 4.8938567808654652 16.328177547111409 0.59640797451720562 0.95818515772407398 3.6846907713916153 1.4238535631884612
leaf_count=225 656 228 29 253 63 22 383 5291 689 5027 3303 1765 352 1828 1263 1903 138 77 718 4298 644 741 323 969 210 36 45 106 230
internal_value=0 0.0025548 -0.00163971 0.000594323 -0.00577764 0.00817229 0.00374455 -0.000100305 -0.00475488 0.000573804 -0.00142643 0.00302026 -0.00236028 -0.00739046 -0.00552564 0.00545901 -0.00869639 0.0106408 0 -0.00974037 0.00384405 0.000178835 -0.00163714 -0.00400958 0.0117955 0 0.00297778 0.000576009 0
internal_weight=340.951 132.193 208.758 106.051 47.5878 26.1419 55.5935 161.171 22.1898 138.981 70.8641 68.1166 50.4576 19.6077 25.1004 46.3351 31.0523 20.077 16.5355 28.6146 9.78138 25.3572 9.25846 6.75414 18.3573 6.06489 2.58213 4.2811 2.43773
internal_count=31815 6553 25262 5874 7285 679 2862 17977 2591 15386 8330 7056 3012 2517 1919 2156 4729 309 2556 4436 1362 1093 706 1194 232 370 74 142 293
is_linear=0
shrinkage=0.03


Tree=124
num_leaves=24
num_cat=0
split_feature=65 7 37 25 47 10 46 37 46 16 31 6 68 16 9 1 49 9 44 19 14 0 0
split_gain=1.49405 1.3938 1.38295 1.04212 1.0541 0.943479 0.831603 1.10368 1.18704 0.824792 0.63596 0.549237 0.508939 0.462494 0.300872 0.159108 0.129979 0.123912 0.0985887 0.0357833 0.00829779 0.0359018 0.0243733
threshold=-0.57909688353538502 -0.0013405829668045042 0.0096685746684670466 0.011204447597265245 -0.0059822816401720038 -0.00088470801711082448 -0.016319079324603077 -0.02089919243007898 0.0049532651901245126 -0.039562724530696862 0.028043523430824283 -0.04204116761684417 0.8153466284275056 0.013479560613632204 -0.042297527194023125 -0.23972791433334348 0.014952804893255235 0.053957216441631324 -0.021018598228693005 0.054309368133544929 -0.024817503988742825 -0.060721304267644875 -0.36965644359588617
decision_type=2 2 2 2 2 2 2 2 2 2 2 2 2 2 2 2 2 2 2 2 2 2 2
left_child=12 6 3 5 -5 -3 13 11 -9 19 -11 -8 15 17 -15 -1 18 -2 -17 -4 -14 22 -22
right_child=1 2 9 4 -6 -7 7 8 -10 10 -12 -13 20 14 -16 16 -18 -19 -20 -21 21 -23 -24
leaf_value=0 -0.0029916890285107234 0.0042073170389639635 -0.002354608701833137 0.0016050183766364899 -0.0080263329563176073 -0.0010546443739407839 0.0080189129425427882 -0.0064819522142037598 0 0.0082480083419815223 0 0 -0.00035518786407873985 0 0.0073269364567745835 0 0 0.00059096450939755585 -0.012006473344833752 0 0 0 0.0028011849629656005
leaf_weight=0.12448714514903159 7.178320473860369 61.104425573823391 2.6924456952256142 8.251699191976515 18.123170521401335 40.97948793994874 6.4990441544505302 60.263708567916183 47.366900793807872 46.406962405286322 2.6101420850754939 5.5001191336705215 1.0225628537737064 2.122590165825387 11.431606515783638 0.26434542860806409 0.64711868159065566 2.8409270811316674 9.4007799697392311 1.6110072178707922 0.15397460370149962 0.28947678807162391 2.7684051071482827
leaf_count=13 715 3977 407 766 1909 3626 346 6987 4508 2512 225 595 371 300 436 80 129 227 2768 36 76 126 680
internal_value=0 0.0004788 0.00226433 0.00026454 -0.00428129 0.00186424 -0.00158521 -0.00272516 -0.00385495 0.00613204 0.00735843 0.00379722 -0.00803184 0.00261439 0.00574006 -0.0105773 -0.0110517 -0.000119849 -0.0116407 -0.00105949 0 0.000903822 0.00221929
internal_weight=339.654 324.983 181.779 128.459 26.3749 102.084 143.203 119.63 107.631 53.3206 49.0171 11.9992 14.6712 23.5734 13.5542 10.4367 10.3122 10.0192 9.66513 4.30345 4.23442 3.21186 2.92238
internal_count=31815 27572 13458 10278 2675 7603 14114 12436 11495 3180 2737 941 4243 1678 736 2990 2977 942 2848 443 1253 882 756
is_linear=0
shrinkage=0.03


Tree=125
num_leaves=26
num_cat=0
split_feature=65 7 28 51 35 43 46 1 9 46 3 1 68 35 32 1 11 41 44 17 11 43 43 62 17
split_gain=1.44983 1.29592 1.57862 1.69959 1.33431 1.1025 1.24141 1.11472 0.842074 0.756267 0.596683 0.560868 0.471844 0.260137 0.211473 0.160881 0.111987 0.0936394 0.104953 0.0533378 0.0232735 0.0186051 0.0139293 0.000373209 0.000362402
threshold=-0.57909688353538502 0.049467988312244422 -0.0041554896160960189 -0.0089656431227922422 0.011648841202259065 0.010523343924432995 0.014341901987791063 0.090829934924840941 0.10570389032363893 0.01575572416186333 -0.14710126072168347 -0.15243971347808835 0.8153466284275056 -0.016743104904890057 0.0048008915036916741 -0.22747361660003659 0.1022380441427231 0.012009903788566591 -0.020228948444128033 0.018452299758791927 -0.033294118940830224 0.011039698962122204 -0.0095319394022226316 -0.0041694026440381995 -0.03267747908830642
decision_type=2 2 2 2 2 2 2 2 2 2 2 2 2 2 2 2 2 2 2 2 2 2 2 2 2
left_child=12 2 4 9 11 6 7 -3 -5 -4 -6 -2 15 -8 16 -1 -7 18 -17 21 -21 24 -22 -16 -14
right_child=1 5 3 8 10 14 13 -9 -10 -11 -12 -13 19 -15 23 17 -18 -19 -20 20 22 -23 -24 -25 -26
leaf_value=0 0.0026462527745051176 0.0010643393724204431 0 -0.0064579428615997459 0 -0.0062740571145926266 0 0.01015596357716265 0.00062142453825116497 0.0086798466070206418 0.0074595218031341809 -0.0020803468710197809 0 -0.0062786803922428441 0 0 0 0 -0.01193054737341784 0 0 0 0.0030119543416744212 0.00019246612094848297 -0.0022989274310449784
leaf_weight=0.17492591638438071 28.291390243910428 31.697689325177635 27.454795512050623 74.607568584848195 3.5188576288928735 5.6991313944090489 5.7393410397926345 33.951820220187074 8.5300560222312907 5.72465684369672 32.223981619936239 58.224049786913383 0.034135426416468939 3.0502726801132649 1.0095039236184673 0.24057983567763308 0.63012466322106764 1.0005510893533927 8.9098411557024519 0.24124439281149568 0.1295767419360353 0.2316389751213136 2.050792142625141 4.0674637164556771 1.5455114988289997
leaf_count=23 1553 2536 2034 9167 150 784 181 1509 649 251 2166 5783 36 373 106 73 63 430 2464 100 73 127 280 267 637
internal_value=0 0.000471167 -0.000572188 -0.00309901 0.00162341 0.00357292 0.00504504 0.00657686 -0.00539716 0.00182637 0.00613661 -0.000146757 -0.00793567 -0.00245682 -0.00281541 -0.010396 -0.00531772 -0.0109033 -0.0115431 0 0.0020266 -0.00160393 0.00267623 0 -0.00228212
internal_weight=338.98 324.421 238.575 116.317 122.258 85.8453 74.4391 65.6495 83.1376 33.1795 35.7428 86.5154 14.5588 8.78961 11.4062 10.3259 6.32926 10.151 9.15042 4.2329 2.42161 1.81129 2.18037 5.07697 1.57965
internal_count=31815 27572 21753 12101 9652 5819 4599 4045 9816 2285 2316 7336 4243 554 1220 2990 847 2967 2537 1253 453 800 353 373 673
is_linear=0
shrinkage=0.03


Tree=126
num_leaves=31
num_cat=0
split_feature=69 11 55 1 1 22 31 52 53 30 4 29 0 5 55 55 55 9 64 47 5 58 22 58 1 63 20 48 52 63
split_gain=1.46937 1.35663 1.24366 1.15867 1.03523 1.36564 1.38025 1.16199 0.835972 0.814741 0.811257 1.09968 0.667756 0.882709 0.610259 0.596382 0.595618 0.452233 0.341966 0.33945 0.288405 0.164844 0.158823 0.157257 0.0941901 0.087093 0.080302 0.0762436 0.0336081 0.00689523
threshold=-0.23336618393659589 0.037809073925018317 0.0030901897698640828 -0.076196268200874315 -0.076196268200874315 0.0079918927513062971 0.0011424776166677477 -0.00025071576237678522 0.0066032577306032189 -0.014682962559163569 -0.14632634073495862 -0.032797014340758317 0.35963617265224462 0.091250769793987288 -0.0056269895285367957 0.00040405802428722387 0.020396349951624874 0.094056509435176863 2.038461565971375 -0.0037217419594526287 0.12447210401296617 0.00051401555538177501 0.038394857197999961 0.012164570391178133 -0.23972791433334348 -0.0011584712192416189 0.017523664981126789 -0.025752587243914601 -0.012948365882039068 -0.01527225039899349
decision_type=2 2 2 2 2 2 2 2 2 2 2 2 2 2 2 2 2 2 2 2 2 2 2 2 2 2 2 2 2 2
left_child=1 10 4 9 8 6 -6 -7 14 24 21 26 13 -5 -2 18 -11 -13 27 -17 -21 28 -10 -23 -4 -14 -12 -3 -1 -20
right_child=2 15 3 12 5 7 -8 -9 22 16 11 17 25 -15 -16 19 -18 -19 29 20 -22 23 -24 -25 -26 -27 -28 -29 -30 -31
leaf_value=0 -0.0025655114086994774 0 0 -0.0081619023149797233 -0.0024496864169310266 0.010321144427914087 0.0050533589055554431 0 -0.0089810963360025687 0.0071437438985089783 0 -0.009992547163120891 0.0025769282585257768 0 0.0044767269144842369 0 -0.00049637193775229119 0 0 0.0090057590532689451 0 -0.0045053403115622734 0 0 -0.0040071481113349754 0 0.003189020509779645 -0.0062816085492894127 0.0034406795243052363 0.0014345930940842782
leaf_weight=1.0379084260785019 12.883048620096817 0.32886735923239019 0.97482871302054253 31.774070027815469 39.914271913992707 36.018368308636127 34.97309330880671 18.446006640144333 6.4254581675850195 21.244654916961739 5.8870076138628056 37.351068094376387 7.6275373894168297 14.130187924616619 17.363884861129918 2.1794961771083772 3.0176476694759904 3.7851695736098909 1.5341593497432771 9.4398898845465684 0.93038007048016957 4.1561649465293158 0.62074791104532767 2.4142483375180745 7.4733985546845343 1.1916405892188757 2.1064786094866577 5.1819885815930338 6.3433162979636091 1.6959246517508288
leaf_count=54 935 32 27 4605 3391 1690 2328 1590 564 1296 500 8189 220 784 1225 407 166 461 41 703 52 351 34 140 409 147 105 1180 164 25
internal_value=0 -0.00331689 0.0011442 -0.0014875 0.00270287 0.00399357 0.000775749 0.00747626 -0.00100751 0.0022299 -0.00555644 -0.00723327 -0.00421253 -0.00570249 0.000687658 0.00197228 0.00524584 -0.00910148 -0.0015486 0.00587654 0.0077011 0 -0.00803975 -0.00195719 -0.00293083 0.000629162 0 -0.00562988 0.00289877 0.00095937
internal_weight=338.451 84.3721 254.079 87.434 166.645 129.352 74.8874 54.4644 37.2931 32.7105 63.0814 49.1297 54.7234 45.9043 30.2469 21.2907 24.2623 41.1362 8.74094 12.5498 10.3703 13.9516 7.04621 6.57041 8.44823 8.81918 7.99349 5.51086 7.38122 3.23008
internal_count=31815 12404 19411 7654 11757 8999 5719 3280 2758 1898 9964 9255 5756 5389 2160 2440 1462 8650 1278 1162 755 709 598 491 436 367 605 1212 218 66
is_linear=0
shrinkage=0.03


Tree=127
num_leaves=31
num_cat=0
split_feature=24 18 31 24 6 29 57 57 20 15 34 47 5 65 17 58 7 56 22 58 58 29 65 63 60 16 65 28 56 46
split_gain=1.51472 1.5706 1.85546 1.35082 1.19174 1.42579 1.11028 1.30911 1.09866 1.43284 0.83516 0.789327 0.770416 0.718499 0.666659 0.661259 0.566547 0.551764 0.515972 0.430153 0.372912 0.3338 0.322458 0.275953 0.198808 0.122266 0.0715492 0.0605844 0.031664 0.0284648
threshold=-0.015445686876773832 0.027421906590461734 0.0167387779802084 0.0028577148914337163 -0.047204777598381036 0.0046224053949117669 -0.0055510764941573134 0.002683583647012711 0.014120967127382757 -0.038375400006771081 -0.0053301069419831029 0.0064032347872853288 0.062081212177872665 -0.57027998566627491 0.0077619501389563092 0.0097101218998432177 0.0047322511672973641 0.0069260001182556161 0.022526236250996593 -0.0083190500736236555 -0.011866811662912367 -0.0081086996942758543 -0.35698899626731867 -0.0019032545387744901 0.0075791934505105027 -0.037034779787063592 1.2308492660522463 0.043226856738328941 -0.0019116643816232679 0.02791155502200127
decision_type=2 2 2 2 2 2 2 2 2 2 2 2 2 2 2 2 2 2 2 2 2 2 2 2 2 2 2 2 2 2
left_child=1 2 12 6 5 10 14 13 9 -6 -5 -9 15 -8 20 -1 -10 18 22 29 -2 -16 -3 -21 -7 -19 -27 -20 -14 -4
right_child=3 17 19 4 8 24 7 11 16 -11 -12 -13 28 -15 21 -17 -18 25 27 23 -22 -23 -24 -25 -26 26 -28 -29 -30 -31
leaf_value=-0.013548144519810882 0 0 -0.0043804120784079002 0 0.001028253440747318 -0.0057358737516668918 0 -0.0029877349964227053 -0.0024010525790178349 -0.0076707577449424934 0.0078697102075648093 0.0049497289899547827 0.00086366295524405515 0.010071272207305028 -0.00074669088905220614 0 0.0036223508843570545 0 -0.002609130663035981 0.0057528892161471225 -0.0077030325264758302 0.0044513770027699018 0.0084359369520145121 0 0 -0.0055088642838372536 0 0 -0.0015648777601547535 0
leaf_weight=23.869186943746175 3.6804200106780618 0.52571571387671134 2.7410471552138946 8.9146470412670151 15.914975820378457 8.4510070389151206 2.0248076912939714 17.459665294678416 16.904740333739028 44.706082709650218 30.593168158251501 15.85246670257038 3.5135179582721321 37.531438635152881 4.7591271632409216 6.7485101842248687 25.479608337853278 0.70898180190124538 3.0096167919546128 10.618388071263325 8.6358064369342156 16.284010499111901 13.150068715127418 3.4212188750461765 3.8152614131686269 3.0760915926221055 0.31191846690489899 0.66895292855042487 4.0439762051319113 0.43631197618378781
leaf_count=3451 141 149 296 889 1171 893 462 2288 1665 6597 1765 828 394 2411 478 684 1961 43 359 455 1289 793 684 448 207 374 18 33 563 26
internal_value=0 -0.00356899 -0.00623121 0.00109808 -0.00053293 0.00276205 0.0036614 0.00565495 -0.00251806 -0.00502548 0.00571312 0.000159493 -0.00963789 0.00907238 -8.06031e-05 -0.011492 0.000586974 0.00204972 0.00490153 0.00044116 -0.00522908 0.00220619 0.00732272 0.0037556 -0.00390737 -0.00278693 -0.00464135 0 0 -0.00387703
internal_weight=337.851 76.8435 55.3922 261.007 154.779 51.7741 106.228 72.8684 103.005 60.6211 39.5078 33.3121 38.1752 39.5562 33.3594 30.6177 42.3843 21.4513 17.3544 17.217 12.3162 21.0431 13.6758 14.0396 12.2663 4.09699 3.38801 3.67857 7.55749 3.17736
internal_count=31815 7977 6317 23838 15148 3754 8690 5989 11394 7768 2654 3116 5092 2873 2701 4135 3626 1660 1225 1225 1430 1271 833 903 1100 435 392 392 957 322
is_linear=0
shrinkage=0.03


Tree=128
num_leaves=30
num_cat=0
split_feature=69 11 52 57 12 4 64 36 9 3 36 15 58 7 57 36 48 57 40 31 4 69 58 62 40 48 27 11 15
split_gain=1.61676 1.42748 1.13192 1.05679 1.04222 0.850314 1.02857 1.08142 1.15556 0.841587 0.652109 0.74102 0.572141 0.437013 0.416404 0.395588 0.39452 0.388214 0.34775 0.285601 0.262363 0.277482 0.202366 0.193652 0.186306 0.0850315 0.0752635 0.03263 0.00884655
threshold=0.0002661524922586978 -0.033294118940830224 0.0064792111515998849 0.0020500551909208302 -0.021434395574033257 -0.15505039691925046 2.730769276618958 0.024877272546291355 0.094056509435176863 -0.08565861731767653 0.002899505198001862 0.073892675340175643 -0.010714177042245863 0.0023555979132652287 -0.0021260045468807216 0.013370171189308168 0.015521530993282797 0.012745700776576998 0.0065517444163560876 0.010383265092968942 0.099174149334430708 -1.2561659216880796 -0.0005250088870525359 -0.0006185714155435561 0.021343938075006012 -0.01123249903321266 0.030933223664760593 -0.0069524683058261863 0.086636133491992964
decision_type=2 2 2 2 2 2 2 2 2 2 2 2 2 2 2 2 2 2 2 2 2 2 2 2 2 2 2 2 2
left_child=5 10 3 4 -3 18 7 8 -7 -5 11 12 -2 23 16 -15 -4 -16 22 -9 21 -8 27 -12 25 -20 -24 -1 -13
right_child=1 2 14 9 -6 6 20 19 -10 -11 13 28 -14 15 17 -17 -18 -19 24 -21 -22 -23 26 -25 -26 -27 -28 -29 -30
leaf_value=0.0022755601888057959 0 0.00011853243692341516 -0.0061075481401866747 0.0040539997122094164 0.0084326044080840767 -0.0077896913843740678 0 0.0045977904730766413 0.00040434810506468949 -0.0035491300704649249 0 0.0018891883146373585 -0.0098985466492568213 0.0055219495878447667 0.0040145105912672494 -3.7898719024645856e-05 0 -0.0018526909038648301 0 -0.0011508945474948105 0 0.0079282829366999312 -0.0048328561978050926 -0.005943226057763787 0 0.0080117641646465145 0 0 0
leaf_weight=4.9178569954819977 6.6199295603146373 27.354878845770145 14.427096577259364 21.582282910763752 56.308352372951049 68.038730057523935 0.5222089132585096 8.184179148047404 10.547039931763718 20.447958891432791 1.8888699866001841 2.0393028646212765 16.158369109267369 14.102940329117702 15.706767588810182 5.785415279075095 3.7080711405287721 8.0532866324792831 0.71665893630415656 2.3808925958728642 4.5471700713096652 4.4149336618720536 4.756494591012598 4.6588944176473914 1.0036143533652646 4.8408906013355582 0.71175487944856275 1.6936716520285706 0.70575827138964076
leaf_count=109 293 1953 1222 1039 3009 12754 52 696 1236 2332 228 55 1751 646 1226 416 266 459 57 376 118 140 428 616 57 141 45 61 34
internal_value=0 0.00151149 0.00292455 0.00434812 0.00621254 -0.0027757 -0.00396938 -0.00510393 -0.00637265 0 -0.0023761 -0.00545547 -0.00748959 3.74591e-05 -0.000714935 0.00301654 -0.00399698 0.00100639 0.00177509 0.00142135 0.00270447 0.00586712 0 -0.00380153 0.00578917 0.00725138 -0.00391123 0.00137614 0.00148856
internal_weight=336.824 219.548 167.589 125.693 83.6632 117.276 98.6352 89.1508 78.5858 42.0302 51.9595 25.5234 22.7783 26.4361 41.8952 19.8884 18.1352 23.7601 18.6409 10.5651 9.48431 4.93714 12.0798 6.54776 6.56116 5.55755 5.46825 6.61153 2.74506
internal_count=31815 15545 11506 8333 4962 16270 15372 15062 13990 3371 4039 2133 2044 1906 3173 1062 1488 1685 898 1072 310 192 643 844 255 198 473 170 89
is_linear=0
shrinkage=0.03


Tree=129
num_leaves=26
num_cat=0
split_feature=65 24 11 24 34 3 35 62 11 50 18 26 20 44 68 24 26 41 40 17 68 43 43 17 17
split_gain=1.3745 1.24571 2.07902 1.46833 1.14197 1.35369 1.20088 1.11065 1.10918 0.755529 0.644909 0.613243 0.454057 0.440241 0.429427 0.305154 0.200154 0.105054 0.0838212 0.0555147 0.0372872 0.0184636 0.011823 0.00097855 0.00083145
threshold=-0.57909688353538502 -0.015445686876773832 0.0029108617454767232 0.0028577148914337163 0.0068470332771539697 0.0091569665819406527 0.0013282522559165957 -0.0036367215216159816 0.044362125918269164 0.0031608864665031437 0.03728099167346955 0.0069490373134613046 0.011491107754409315 -0.028562631458044049 0.8153466284275056 -0.018728777766227719 0.019428981468081478 0.015364654362201692 -0.029162405058741566 0.018452299758791927 0.1849477216601372 0.010657987557351591 -0.0095319394022226316 0.055997081100940711 -0.044242501258850091
decision_type=2 2 2 2 2 2 2 2 2 2 2 2 2 2 2 2 2 2 2 2 2 2 2 2 2
left_child=14 2 10 7 6 -6 -5 11 -9 12 13 -3 -4 -2 16 -11 17 18 -1 21 -12 24 -21 -24 -16
right_child=1 3 9 4 5 -7 -8 8 -10 15 20 -13 -14 -15 19 -17 -18 -19 -20 22 -22 -23 23 -25 -26
leaf_value=0 0 -0.0033157805582621899 0.0059750725708513147 -0.0054568952861947673 0.0054474954628106927 -0.0039176723475582821 0.00061799264568114542 0.0081399437355127949 -3.5315321180372096e-05 -0.0060291263547541975 -0.0011564931796524754 0.0036174276326992483 0 -0.010915412863724213 0 0 0 0 -0.012274368825285013 0 0.0016846430380511219 0 0.0024074905337852881 0 -0.0024016711379032424
leaf_weight=0.43522378826309882 0.83921074043610744 19.092882368480787 21.149914978814198 48.689855196273129 44.212899381032912 11.503846585881545 45.996075287199346 54.06520681771508 10.469451460652634 8.2072837016748945 1.9765436313828093 16.934641754261975 8.7969148754564213 23.43700835321215 0.030449130354099574 2.7843312717232029 1.6510703460226057 0.37719747818482652 7.6420707432116606 0.13834984800632844 3.5367513249002513 0.25897215693112219 2.1197476406887295 0.13082900638255512 1.5159320547827511
leaf_count=82 76 1733 1158 4983 2279 1708 4613 3770 839 1196 237 1018 778 2699 27 258 431 189 2288 90 227 138 316 47 635
internal_value=0 0.000459586 -0.0027932 0.00153016 -0.000180398 0.00285638 -0.00232194 0.00426006 0.00647506 0.00104758 -0.00832572 0 0.0038757 -0.0101093 -0.00777952 -0.00358433 -0.0101445 -0.0113547 -0.011827 0 0 -0.00172365 0.00200639 0.00236008 -0.00237211
internal_weight=335.993 321.693 70.728 250.965 150.403 55.7167 94.6859 100.562 64.5347 40.9384 29.7895 36.0275 29.9468 24.2762 14.2998 10.9916 10.1056 8.45449 8.07729 4.19428 5.51329 1.80535 2.38893 2.25058 1.54638
internal_count=31815 27572 6629 20943 13583 3987 9596 7360 4609 3390 3239 2751 1936 2775 4243 1454 2990 2559 2370 1253 464 800 453 363 662
is_linear=0
shrinkage=0.03


Tree=130
num_leaves=31
num_cat=0
split_feature=69 55 18 34 55 62 48 57 11 52 41 3 57 30 12 66 4 11 65 12 52 28 8 62 38 22 48 49 62 38
split_gain=1.30964 1.52951 1.29225 1.16375 1.17617 1.07123 1.26596 0.906265 0.809907 0.778684 0.708614 0.702568 0.69765 0.638887 0.482369 0.424306 0.488267 0.416102 0.515424 0.394563 0.371973 0.300204 0.290775 0.23547 0.211605 0.106013 0.0986922 0.141019 0.12638 0.00104303
threshold=-0.069542292505502687 0.0030901897698640828 0.022983573377132419 0.0053163189440965661 -0.0042958334088325492 -0.0031966846436262126 0.01062388811260462 -0.0057827169075608245 0.051664598286151893 0.01021323259919882 -0.0059467926621437064 -0.13189467042684552 -0.012437778525054453 -0.017849376425147053 -0.0017997166141867635 -2.2128868103027339 -0.1711405664682388 0.063855510205030455 1.2671541571617129 0.0014812815934419634 -0.0071979444473981849 -0.025456212460994717 0.11469153314828874 -0.013418059796094893 -0.0012399703264236448 -0.045801481232047074 0.0013971151784062388 -0.012986434623599051 0.0080961138010025042 0.014969706535339357
decision_type=2 2 2 2 2 2 2 2 2 2 2 2 2 2 2 2 2 2 2 2 2 2 2 2 2 2 2 2 2 2
left_child=3 5 10 4 11 17 8 20 -7 15 24 29 -12 25 -9 -5 -17 18 -2 -8 -6 -15 -19 -13 -3 -4 27 -11 -28 -1
right_child=1 2 13 9 7 6 19 14 -10 26 12 23 -14 21 -16 16 -18 22 -20 -21 -22 -23 -24 -25 -26 -27 28 -29 -30 -31
leaf_value=0.00042857267607105 -0.0040037183172268818 0.0023902110238827453 0 0 0 0.0070788464926724512 -0.0052362909166705426 0.0072365236494911066 0 0 0 0 -0.0089544932753640623 0 0 0 -0.011553362245131779 0.0065933095073328167 0.0013342577023657274 0.0010214945815108665 -0.0068884876103539223 0.0061887743188986377 0 -0.0097840885294995395 -0.0026486679439892886 -0.0048119363313618366 0.0034643870735995082 -0.0049027267687030565 0 0
leaf_weight=1.6481634286465134 30.459666972550622 10.086283143893526 0.5408387967036109 1.4077231410483353 4.8989469497391838 79.334637656575069 8.4295309400913556 20.916019573720401 8.3011237881000834 0.67815034327941193 5.3063210864493184 0.73947502388182229 26.60405089003325 1.6802155384648383 15.254759265430041 2.8945091269561116 20.41331132139749 6.393341800547204 15.442565871227997 9.529698016762266 5.3336137167716497 20.119698287293431 0.91103097767336283 12.127205882439736 9.8607406773007806 2.9336366508941891 6.6006225259552576 2.9150265364696679 2.2877512482082238 1.1508388232323339
leaf_count=32 2798 869 39 205 367 4640 898 1805 725 75 322 160 3392 170 2055 155 4105 387 629 663 1278 1074 183 2580 940 258 317 501 171 22
internal_value=0 0.00121559 -0.00194485 -0.00280892 0 0.0029463 0.00464481 0.00226172 0.00614419 -0.00665709 -0.00472331 -0.00620476 -0.00718642 0.00260356 0.0047349 -0.00930138 -0.0102131 -1.86133e-05 -0.00166387 -0.00110975 -0.00319575 0.00508116 0.00435711 -0.00893896 0 -0.00322774 0 -0.00271484 0.00135471 0.000190278
internal_weight=335.199 235.933 77.1318 99.2661 62.069 158.802 105.595 46.4033 87.6358 37.1971 51.8574 15.6657 31.9104 25.2744 36.1708 24.7155 23.3078 53.2066 45.9022 17.9592 10.2326 21.7999 7.30437 12.8667 19.947 3.47448 12.4816 3.59318 8.88837 2.799
internal_count=31815 17987 7064 13828 8299 10923 6926 5505 5365 5529 5523 2794 3714 1541 3860 4465 4260 3997 3427 1561 1645 1244 570 2740 1809 297 1064 576 488 54
is_linear=0
shrinkage=0.03


Tree=131
num_leaves=24
num_cat=0
split_feature=65 7 20 43 46 45 29 35 46 0 1 5 35 5 14 1 63 36 51 63 21 46 14
split_gain=1.26119 1.08404 0.918387 0.870232 1.11975 1.38302 0.735127 1.11086 0.929606 0.490542 0.489876 0.45077 0.204855 0.195178 0.173431 0.150064 0.0688439 0.0684435 0.0305431 0.0233855 0.0305099 0.0104145 0.00903748
threshold=-0.57909688353538502 0.049467988312244422 -0.041648674756288522 0.010523343924432995 0.014341901987791063 0.016590728424489502 0.011545863002538683 0.016434503719210628 0.0049532651901245126 -0.25821663439273829 -0.21977841854095456 0.11656170338392259 -0.016743104904890057 0.066129952669143691 0.045976549386978156 -0.23972791433334348 -0.016691869124770161 -0.034269444644451134 -0.0053344187326729289 0.001056499779224396 -0.0070618540048599234 -0.011001117527484892 0.017197735607624057
decision_type=2 2 2 2 2 2 2 2 2 2 2 2 2 2 2 2 2 2 2 2 2 2 2
left_child=9 2 10 4 5 -3 7 -4 -8 19 18 -12 -6 17 15 -11 -17 -5 -2 22 -21 -22 -1
right_child=1 3 6 13 12 -7 8 -9 -10 14 11 -13 -14 -15 -16 16 -18 -19 -20 20 21 -23 -24
leaf_value=-0.0012053057251582369 0.0020299803162353801 0.0075140031626651383 0 0 0 -0.004079445766961975 -0.0061745425596548328 0.0058498109034134035 0.0010612256795096923 0 -0.0093811104176720443 0 -0.0057874990214181916 0 0 0 -0.011405476834204278 -0.0056190469228130568 0 0 0 0.0028762079149709245 0
leaf_weight=1.4310077803093002 1.6707063778594604 60.50691514362552 140.01433856025687 0.56317991185642302 5.6821063519455492 4.011882593331392 28.684426815372717 29.747656006060424 16.967878580486286 0.11383252745144723 14.716818440552744 3.1658697834209297 2.9440428917441732 5.5707077361585107 0.46543681348703181 0.42033728260866787 9.3477725552002084 5.1208566747518471 0.5593585660681154 0.20443237486324561 0.082663688532193746 1.8503416974781419 0.25429936229920702
leaf_count=466 51 3537 12335 68 181 508 3581 1930 1709 19 1786 251 373 256 177 79 2900 896 110 123 99 342 38
internal_value=0 0.000441155 -0.000507924 0.00330552 0.00463353 0.00612001 0 0.00104077 -0.00305362 -0.00747742 -0.00594848 -0.00762235 -0.0024489 -0.00225005 -0.00992999 -0.0105914 -0.0110538 -0.00491364 0 0 0.00166716 0.00261189 -0.000425257
internal_weight=334.097 319.927 235.527 84.3997 73.1449 64.5188 215.414 169.762 45.6523 14.1701 20.1128 17.8827 8.62615 11.2547 10.3474 9.88194 9.76811 5.68404 2.23006 3.82274 2.13744 1.93301 1.68531
internal_count=31815 27572 21753 5819 4599 4045 19555 14265 5290 4243 2198 2037 554 1220 3175 2998 2979 964 161 1068 564 441 504
is_linear=0
shrinkage=0.03


Tree=132
num_leaves=26
num_cat=0
split_feature=65 28 23 17 21 21 49 19 14 65 23 25 41 0 6 44 45 14 1 68 46 17 2 41 35
split_gain=1.20611 0.981799 1.14116 1.66021 1.23635 1.03651 1.28888 0.942178 0.8716 0.857946 1.19403 0.790996 0.625503 0.45862 0.442844 0.369784 0.348627 0.175341 0.144699 0.108133 0.00725558 0.0324575 0.00919879 0.00223555 0.000232002
threshold=-0.57909688353538502 -0.0094666257500648481 -0.0026164054870605464 0.018452299758791927 0.016021482646465305 -0.010638236999511717 -0.011118587106466292 0.053341615945100791 0.0038807578384876256 1.2308492660522463 -0.013614594936370848 -0.0015850514173507688 0.0085883364081382769 -0.25821663439273829 -0.038996323943138116 -0.014161735773086546 0.0049594903830438861 0.045976549386978156 -0.23972791433334348 2.8687882423400883 -0.0029005222022533412 0.017025717534124855 -0.14338077604770658 0.018194340169429783 -0.013044502586126326
decision_type=2 2 2 2 2 2 2 2 2 2 2 2 2 2 2 2 2 2 2 2 2 2 2 2 2
left_child=13 2 8 4 -4 6 14 -8 11 10 -7 -2 -11 20 -3 -10 -5 18 -15 -20 23 -22 -23 24 -1
right_child=1 5 3 16 -6 9 7 -9 15 12 -12 -13 -14 17 -16 -17 -18 -19 19 -21 21 22 -24 -25 -26
leaf_value=0 0.0055258422467608153 0.006717736247109701 0.0099634629718008821 -0.0051831528520472877 0 0.0039368234836411201 -0.0075349194797678393 0.0018006107199910087 0 0.006776463247286842 -0.0030192205023677997 -0.0017718765228662368 -0.00012046424417811028 0 -6.1831490767230433e-06 -0.0067026474590525806 0.00037553092784602918 0 -0.011189136915715051 0 0 0 0.0026203810008427813 0 -0.00058989598904360971
leaf_weight=0.040718035816098674 21.552294562112365 5.4181971600992282 38.976140303937427 9.2915370460104914 17.816733587358613 25.837142306110763 46.513892551098252 4.0057493980275458 5.0096446033931015 24.410777821569358 64.32288331167365 14.810099743976023 6.3868590701749772 0.11239906255650289 11.799617538534219 16.387736864860926 7.3389229428867102 0.47448069141683014 9.5651811470161157 0.09606130812608249 0.54204024375940152 0.25689854706433823 1.411029636095918 0.15950750288175175 1.3820060004400148
leaf_count=49 956 335 2763 867 1148 2650 4605 297 323 964 7804 1379 322 19 811 1728 620 177 2940 39 268 47 172 54 478
internal_value=0 0.000430094 0.00243609 0.00483134 0.00725539 -0.000836499 -0.00374022 -0.00615885 -0.000273042 0.000635362 -0.000608456 0.00197336 0.00469107 -0.00733854 0.00179508 -0.00487771 -0.00182343 -0.0097117 -0.0103936 -0.0108507 0 0.00095168 0.00231522 0 -0.000559698
internal_weight=333.919 319.878 131.183 73.4233 56.7929 188.695 67.7375 50.5196 57.7598 120.958 90.16 36.3624 30.7976 14.0403 17.2178 21.3974 16.6305 10.2481 9.77364 9.66124 3.7922 2.20997 1.66793 1.58223 1.42272
internal_count=31815 27572 9784 5398 3911 17788 6048 4902 4386 11740 10454 2335 1286 4243 1146 2051 1487 3175 2998 2979 1068 487 219 581 527
is_linear=0
shrinkage=0.03


Tree=133
num_leaves=30
num_cat=0
split_feature=3 63 51 47 27 69 35 28 37 8 5 53 34 28 32 23 27 47 39 4 11 62 58 17 34 49 60 68 34
split_gain=1.11907 1.16034 1.148 1.21209 1.37889 1.37267 0.984848 0.929442 0.875999 0.97625 0.630029 0.612788 0.504152 0.28894 0.28483 0.284328 0.269126 0.259555 0.218165 0.161842 0.15051 0.138045 0.124446 0.114028 0.155211 0.152403 0.0524894 0.0445479 0.0211741
threshold=0.0027532125823199753 0.0062291808426380166 0.010742533020675184 0.0022518225014209752 0.0052118822932243356 0.25697521865367895 0.016434503719210628 0.026273556053638462 0.0084930090233683603 -0.040602795779705041 1.0000000180025095e-35 -0.015659899450838562 -0.003422154462896287 0.006630104500800372 -0.00065893493592739094 -0.050553821027278893 0.027313977479934696 0.0090129030868411081 -0.015428923070430754 -0.042015001177787774 -0.05128097161650657 -0.0033188089728355403 -0.011612407863140104 0.014382592402398588 0.015813856385648254 -0.0081153139472007734 -0.0029673669487237926 -1.0000000180025095e-35 0.00039060926064848905
decision_type=2 2 2 2 2 2 2 2 2 2 2 2 2 2 2 2 2 2 2 2 2 2 2 2 2 2 2 2 2
left_child=1 2 3 5 -5 -1 8 10 9 26 15 -11 16 -12 22 -3 20 18 -9 27 -8 -21 -4 25 -25 -10 -2 -14 -16
right_child=6 7 14 4 -6 -7 12 17 23 11 13 -13 19 -15 28 -17 -18 -19 -20 21 -22 -23 -24 24 -26 -27 -28 -29 -30
leaf_value=-0.0043956355252145664 0.0010860321349031399 0 0 0.0079976049409625632 0 0.0030378601450193809 0 0 0 0 0 -0.010063141535105746 0 -0.0052585203415334795 -0.00096424121959255422 -0.011201522552602561 0 0 0.0064531540529874989 0 0.0080628909506890167 -0.0059231546794279843 -0.0075911290807210985 0.0047340215445490566 0 -0.0034227376687504816 -0.0014715122566320903 0.0024185695758301485 0.00095763398796248867
leaf_weight=26.895621149124054 8.0669792859262106 0.4395567511965045 1.2582344076508896 58.515765494172229 18.023588978176122 63.790199879273132 0.43253290977736369 0.50803268188610573 7.259679341004813 3.4820849603493107 28.52903149354097 31.760310784200556 0.51529437951103352 6.1073400505993041 4.7193289915521728 9.2053658523436734 1.2441796395578411 1.8753672505990824 9.1429179647529946 2.1625548941156021 9.170465940274882 3.0978078790940318 6.380454825091876 5.4537539927041498 0.82407295367011091 7.394180101880921 9.6989689591428014 1.8541312381858013 5.9262498223688453
leaf_count=2988 825 37 104 2605 1589 2980 55 91 688 497 1606 7210 92 531 492 1367 157 210 412 333 694 595 829 706 110 2143 1222 251 396
internal_value=0 0.00107649 0.00229184 0.00318437 0.0058825 0.000405217 -0.00272187 -0.00232637 -0.00436501 -0.00628646 -0.00451942 -0.00887692 0.00210492 -0.00109003 -0.00351359 -0.0102095 0.00585659 0.00310186 0.00517662 -0.00106046 0.00733543 -0.00394721 -0.00655947 0 0.00289605 -0.000639458 0 0 0
internal_weight=333.734 241.317 185.509 167.225 76.5394 90.6858 92.417 55.8076 73.94 53.0083 44.2813 35.2424 18.477 34.6364 18.2843 9.64492 10.8472 11.5263 9.65095 7.62979 9.603 5.26036 7.63869 20.9317 6.27783 14.6539 17.7659 2.36943 10.6456
internal_count=31815 16237 11983 10162 4194 5968 15578 4254 13401 9754 3541 7707 2177 2137 1821 1404 906 713 503 1271 749 928 933 3647 816 2831 2047 343 888
is_linear=0
shrinkage=0.03


Tree=134
num_leaves=23
num_cat=0
split_feature=65 7 55 10 37 7 60 27 22 8 31 7 68 18 26 9 19 41 39 5 14 36
split_gain=1.09131 1.05494 1.20495 1.13528 0.891539 0.903552 0.81655 0.877737 0.778746 0.611417 0.933508 0.53926 0.428259 0.302686 0.167458 0.164623 0.146069 0.116153 0.0983305 0.019163 0.00686493 0.0516866
threshold=-0.57909688353538502 -0.059489537030458443 -0.010498419404029844 -0.066839121282100664 -0.0085211079567670805 0.039171308279037483 -0.0024760831147432323 0.0012027099728584292 0.011300208512693645 -0.040602795779705041 -0.022792533971369263 -0.12308661639690398 0.8153466284275056 -0.0027441829442977901 0.019428981468081478 0.028055768460035328 0.016151539981365207 0.015364654362201692 -0.036833656951785081 0.13659437000751498 -0.024817503988742825 0.0061590224504470834
decision_type=2 2 2 2 2 2 2 2 2 2 2 2 2 2 2 2 2 2 2 2 2 2
left_child=12 2 11 6 8 -6 19 -8 -5 16 -11 13 14 -2 17 -13 -4 18 -1 -3 -14 -22
right_child=1 3 9 4 5 -7 7 -9 -10 10 -12 15 20 -15 -16 -17 -18 -19 -20 -21 21 -23
leaf_value=0 0.0094616469348645406 -0.0013645971806456865 0.0016213888884888611 -0.0050775456927621906 0 0.0042515301779734041 0.012147826921011124 0 0.0005854797855684913 0 -0.0123189938696492 0 -4.1955568802410358e-05 0 0 -0.0044379208634358598 -0.0031332213316727924 0 -0.011444860203027006 0 0 0.0027211434528704699
leaf_weight=0.12527598693486464 4.2637760805228027 4.2618302221017101 6.6802754546224623 37.45537854237773 118.74228076345753 63.621453933134035 14.761194542195883 8.7066438324181927 26.56348351034103 3.9863958732457858 14.780045312181754 4.917897610444923 0.99301840705447819 1.2810307100880889 1.6218222687966761 2.8381726431834977 5.2633576680746046 0.38218965515989101 7.6526569779161946 1.692120404783054 1.0281640939101628 2.1152647644412355
leaf_count=37 122 637 786 3910 10765 4380 535 579 1944 330 2214 360 371 176 431 283 479 189 2333 72 386 496
internal_value=0 0.000407952 -0.00351245 0.00119178 0.000341383 0.00150994 0.00635759 0.00864219 -0.00242092 -0.00671735 -0.0095369 0.00206158 -0.00700424 0.00726724 -0.00942668 -0.000697935 0 -0.0105483 -0.0110804 0 0 0.000870291
internal_weight=333.734 319.815 44.011 275.804 246.383 182.364 29.4218 23.4678 64.0189 30.7101 18.7664 13.3009 13.9184 5.54481 9.78194 7.75607 11.9436 8.16012 7.77793 5.95395 4.13645 3.14343
internal_count=31815 27572 4750 22822 20999 15145 1823 1114 5854 3809 2544 941 4243 298 2990 643 1265 2559 2370 709 1253 882
is_linear=0
shrinkage=0.03


Tree=135
num_leaves=30
num_cat=0
split_feature=69 55 18 34 55 22 34 25 34 13 51 46 57 42 45 51 57 69 30 37 28 46 32 52 23 13 22 52 66
split_gain=1.05076 1.26622 1.23942 1.1329 1.12583 1.10241 1.26636 1.31398 1.06211 0.93221 0.926878 0.921383 0.86184 0.731328 0.62303 0.590062 0.566646 0.564489 0.56018 0.515291 0.449816 0.344108 0.327416 0.310741 0.307345 0.107277 0.0785584 0.018485 0.00683819
threshold=-0.069542292505502687 0.0030901897698640828 0.022983573377132419 0.0053163189440965661 -0.0042958334088325492 0.007408618927001954 -0.0040602879598736754 -0.014768503606319426 -0.013867975212633608 0.015552414581179621 0.0042654643766582021 0.022996146231889728 -0.0057827169075608245 0.02967142499983311 0.0026433698367327456 0.0093790413811802881 -0.006371055729687213 -0.0016707835020497439 -0.017849376425147053 0.00095127057284116756 -0.037837464362382882 -0.02375703118741512 0.00192777905613184 -0.0071979444473981849 -0.074949204921722398 0.010838402435183527 -0.045801481232047074 0.013766828924417497 -0.16376034170389173
decision_type=2 2 2 2 2 2 2 2 2 2 2 2 2 2 2 2 2 2 2 2 2 2 2 2 2 2 2 2 2
left_child=3 5 9 4 20 8 19 -8 14 17 -10 13 23 21 -2 -14 -11 -3 26 -7 -1 -5 -20 -6 -22 27 -4 -13 -27
right_child=1 2 18 11 12 6 7 -9 10 16 -12 25 15 -15 -16 -17 -18 -19 22 -21 24 -23 -24 -25 -26 28 -28 -29 -30
leaf_value=0 0.0073962487712574548 0 0 0 0 0.0025293316817403032 -0.00034173905429774629 0.010107329310354555 -0.0045429488770158018 0.0037495621175624807 0.0021855327659359445 0 0.0063144383822805478 0 0 -0.00032550742471376253 -0.0037918680660405401 -0.009294288480311037 0 -0.0053959152671881018 0 -0.010322435581297855 0.0066264955498791904 -0.0063514976745572679 -0.0090371638035663046 -0.00099603702673305345 -0.0040517325250367222 0.0034319070994555056 0
leaf_weight=1.9976695379591536 18.82363703635929 2.4715444286121082 0.54785589702078175 0.95239909788506949 4.8614024393391446 13.482824148974034 6.8969230112270443 38.899230721235654 39.96671229313506 12.152835824752403 20.438975774006394 0.44445313724281632 31.713872715085017 1.5066266454741697 11.748368074186144 5.4457796895148922 13.696692974277537 23.850689725593838 4.6028597480471971 6.8669696950528296 1.2004288297175651 27.61226154619726 16.982145920970652 5.2440587711207609 12.176851030555552 1.2034440382485625 2.7772531191731131 4.6453958694182802 0.26724562158778997
leaf_count=64 1123 366 39 166 367 1016 477 1929 3268 642 1825 147 3195 80 679 665 1552 2963 716 606 45 4803 528 1278 2685 182 258 83 68
internal_value=0 0.00109552 -0.00175602 -0.00251319 0 0.00269049 0.00551478 0.00806436 0.000144181 -0.00447559 -0.00181458 -0.00634906 0.00236305 -0.00845481 0.00456882 0.00470657 0 -0.00795913 0.00273285 0 -0.00595029 -0.00971094 0.00502232 -0.0029739 -0.0078284 0.000190136 -0.00261601 0.00310005 0
internal_weight=333.477 234.206 77.0819 99.2719 62.6401 157.124 66.1459 45.7962 90.9777 52.1718 60.4057 36.6318 47.2651 30.0713 30.572 37.1597 25.8495 26.3222 24.9101 20.3498 15.3749 28.5647 21.585 10.1055 13.3773 6.56054 3.32511 5.08985 1.47069
internal_count=31815 17987 7064 13828 8299 10923 4028 2406 6895 5523 5093 5529 5505 5049 1802 3860 2194 3329 1541 1622 2794 4969 1244 1645 2730 480 297 230 250
is_linear=0
shrinkage=0.03


Tree=136
num_leaves=26
num_cat=0
split_feature=60 45 24 17 45 7 62 31 45 20 20 22 63 4 9 25 2 14 41 42 7 31 7 30 22
split_gain=1.1581 1.14224 0.899202 0.935733 0.979501 0.920172 0.911104 0.742673 0.698767 0.900466 0.729552 0.573566 0.51838 0.452946 0.266218 0.245773 0.210543 0.155398 0.14999 0.120035 0.0379101 0.0352477 0.0346082 0.0152821 0.000166074
threshold=0.0091483909636735933 0.015107935294508936 -0.037151128053665154 -0.052127540111541741 -0.010511939879506825 -0.067163411527872072 -0.0018689762800931928 0.024729264900088314 -0.011133827734738587 -0.038052707910537713 0.024729599244892601 0.019650066271424297 0.021699295379221443 0.082772567868232741 0.11210113763809205 -0.0023580640554428096 0.3267561942338944 -0.032285079360008233 -0.018904924392700192 0.019116490148007873 0.02422004193067551 0.040126197040081031 0.21850091218948367 0.027306621894240383 -0.081836055964231477
decision_type=2 2 2 2 2 2 2 2 2 2 2 2 2 2 2 2 2 2 2 2 2 2 2 2 2
left_child=2 8 7 11 6 -6 -5 12 15 22 -11 13 14 -4 -1 18 19 -17 -2 21 24 -3 -10 -13 -9
right_child=1 16 3 4 5 -7 -8 20 9 10 -12 23 -14 -15 -16 17 -18 -19 -20 -21 -22 -23 -24 -25 -26
leaf_value=-0.012759521749738944 0 -0.008258402351599246 0.010483832341371763 -0.0020542838189719003 -0.0082299502338752106 -0.0010185461243669147 0.005278114742400454 0 -0.0025978722883283956 0.01041171508940341 0 -0.0013545883668169016 0 0 0 0 0 0.0036807067975471418 -0.0057475216549442891 0 0.002140397078240909 0 0 0 -0.00015824993457617487
leaf_weight=9.6661879414023115 1.5047234476369338 3.2200191800147873 9.4447965729414154 14.60428143066383 15.663681311438266 167.49054910244013 33.174947530835198 1.0032723676413295 2.6546094218210778 29.073764833447058 12.204699618221637 2.4956667122678473 0.88138605213316701 2.6055836740852092 1.8998439729621175 0.91760368459654351 2.4115793693054002 10.332657286060563 3.7280984004173687 0.78059070960443921 2.4474734029208776 0.30254255227919191 0.18258378416066978 2.0094010531611275 0.96838617760658863
leaf_count=1447 95 567 549 1707 2183 17144 2644 16 330 1879 715 280 63 293 110 154 104 518 539 102 81 52 5 108 130
internal_value=0 0.00337089 -0.000904979 -0.000257102 -0.000909289 -0.00199704 0.00248619 -0.00680699 0.00496691 0.00676415 0.00810107 0.00554923 -0.00981737 0.00831901 -0.0113873 0 -0.00444415 0.00204355 -0.00387097 -0.00672596 0 -0.00787768 -0.00161784 0 0
internal_weight=331.669 67.3135 264.355 247.489 230.933 183.154 47.7792 16.8665 60.5987 44.1157 41.2785 16.5554 12.4474 12.0504 11.566 16.4831 6.71473 11.2503 5.23282 4.30315 4.41913 3.52256 2.83719 4.50507 1.97166
internal_count=31815 5060 26755 24908 23678 19327 4351 1847 4235 2929 2594 1230 1620 842 1557 1306 825 672 634 721 227 619 335 388 146
is_linear=0
shrinkage=0.03


Tree=137
num_leaves=27
num_cat=0
split_feature=64 36 63 19 32 56 43 32 41 68 62 15 52 66 58 57 4 42 25 34 37 54 13 10 48 38
split_gain=1.03686 1.36823 1.1862 1.48889 1.17276 0.97099 0.857095 0.768632 0.767491 1.00196 0.742296 0.578385 0.538237 0.842489 0.531952 0.571298 0.371864 0.339996 0.316226 0.275545 0.219631 0.192111 0.169112 0.124545 0.116749 0.0809013
threshold=0.57692310214042675 -0.013635110110044478 0.00027219112962484365 0.0044571682810783395 -0.01197782391682267 -0.012106010690331457 0.0048917126841843137 -0.01641763839870691 -0.016310639679431912 -0.44942755997180933 0.0065398402512073526 -0.064868278801441179 -0.0089931152760982496 0.65170603990554821 -0.00021457672119140622 0.0033764578402042393 0.17581072449684146 -0.0158544797450304 -0.03095188736915588 0.0080959363840520399 0.030185244977474216 -0.014345075935125349 0.015552414581179621 -0.060502193868160241 0.010931897908449175 -0.0012399703264236448
decision_type=2 2 2 2 2 2 2 2 2 2 2 2 2 2 2 2 2 2 2 2 2 2 2 2 2 2
left_child=1 11 3 4 24 -6 16 19 14 17 -11 -1 22 -14 25 -16 -5 -10 -8 21 23 -4 -9 -13 -2 -3
right_child=2 8 7 6 5 -7 18 12 9 10 -12 20 13 -15 15 -17 -18 -19 -20 -21 -22 -23 -24 -25 -26 -27
leaf_value=0 -0.0029721614384407178 0.00014881059009977442 0 -0.0080696872514430858 0 0.00922796157493091 0 0.0023909509513608141 0 0.0010513437443710561 -0.0047623555899636441 0 -0.0074493909546130797 0 0.0096527237782137506 0 0 -0.0090639672660727116 0.006117235821303765 0 0 0.0077433196854827351 -0.0016500432320647729 -0.010535537635604643 0 -0.0029245003562405232
leaf_weight=2.4545172704674796 7.6729634066869021 4.0981891450865078 0.43020409131713577 10.85724077273335 7.0478761463455148 50.12720810934843 5.4256832994578872 16.73157739148883 2.9243793451678348 87.039294883164985 19.970565643958253 2.1186337176841397 24.795885759536759 15.452619380463146 10.565782970566941 3.704011905254446 2.5184569881821508 12.638615564268546 5.8961937244312121 1.4896607781702176 0.86659832269651715 7.6513019241392604 5.5514116089907466 17.661661203837866 2.3103117688151542 3.4896751929845804
leaf_count=316 382 566 52 985 297 1524 139 604 466 11082 2856 366 1947 342 705 429 76 2913 296 128 181 366 377 3806 57 557
internal_value=0 -0.00163587 0.00167046 0.00391109 0.00619789 0.00783882 -0.00129361 -0.000863432 -0.000231756 -0.00137545 0 -0.00774367 -0.00246873 -0.00444802 0.00412689 0.00697011 -0.00616295 -0.00745592 0.0027467 0.00481392 -0.00927361 0.00669104 0.000166728 -0.00984806 -0.000677432 0
internal_weight=331.491 167.532 163.959 91.8559 67.1584 57.1751 24.6976 72.1027 144.431 122.573 107.01 23.1014 62.5315 40.2485 21.8577 14.2698 13.3757 15.563 11.3219 9.57117 20.6469 8.08151 22.283 19.7803 9.98328 7.58786
internal_count=31815 24243 7572 3756 2260 1821 1496 3816 19574 17317 13938 4669 3270 2289 2257 1134 1061 3379 435 546 4353 418 981 4172 439 1123
is_linear=0
shrinkage=0.03


Tree=138
num_leaves=28
num_cat=0
split_feature=60 66 11 60 0 14 11 0 25 42 9 32 52 42 65 44 40 38 59 30 32 7 62 61 41 8 8
split_gain=1.29811 1.26755 0.850815 1.25384 1.68894 1.01384 0.93755 1.11302 0.845491 0.822089 0.818491 0.77101 0.656042 0.521397 0.443812 0.41263 0.331841 0.293484 0.243827 0.150424 0.148522 0.118545 0.0690651 0.0630869 0.0302507 0.0142276 0.00443675
threshold=0.013056567870080473 0.039433326572179801 0.022928511723876003 -0.0036836564540863033 -0.018301729112863537 0.042410627007484443 -0.0092260576784610731 -0.016567599028348919 -0.023549661040306088 0.0095309764146804827 0.0499214455485344 -0.0262646060436964 -0.013969458639621733 -0.0087080774828791601 -0.18488326668739316 -0.013949986547231672 -0.0086485855281352979 0.0034131035208702092 -0.0099264904856681806 -0.021349025890231129 -0.03374884091317653 0.15083070099353793 0.00043972954154014593 0.0053080271463841209 0.00061171501874923717 -0.033998966217041009 0.14241408556699756
decision_type=2 2 2 2 2 2 2 2 2 2 2 2 2 2 2 2 2 2 2 2 2 2 2 2 2 2 2
left_child=2 18 3 6 11 9 8 -8 -1 10 -4 -5 24 25 -15 -16 -11 -6 22 -20 -14 -21 23 -2 -7 -3 -27
right_child=1 13 5 4 17 12 7 -9 -10 16 -12 -13 20 14 15 -17 -18 -19 19 21 -22 -23 -24 -25 -26 26 -28
leaf_value=-0.0029156525153951488 0.0041476282819992386 0.00061561400793061721 0.0055348204320706321 0 0.00089405039050460366 0.0019441964789711397 0.0021880338644664076 -0.007669111917109752 0.0050407573230835494 0 0 -0.009363923631015526 0 0 0 0.011209773306633029 -0.0052993227508280902 -0.0032699633853152388 0 -0.006595717364131521 -0.0090517185187108436 0 0 0 0 -0.0013875646430594011 0
leaf_weight=7.3414937420093329 2.1459298973204564 2.9599865444615716 59.576105850523163 3.3883964970300431 38.120622795937379 3.0254460190481036 9.9379716939001828 16.393680277436943 41.850590987010946 6.5070409663894706 21.996255889236636 41.924751738552004 1.5379964312523942 1.7534851593227418 0.56950439191132929 21.742384023556944 9.4931183751104964 16.483587195856671 2.1934906969690902 6.0549567860944089 9.2017507155032927 0.43553942599100981 2.3356913410243578 0.44966912166273676 0.43782670798827883 2.1578504053904939 0.3680496290908194
leaf_count=752 112 94 4641 346 3378 167 1112 1475 3787 547 1699 6174 127 383 102 529 1164 2206 186 903 1320 24 227 52 76 213 19
internal_value=0 0.00456323 -0.000752164 -0.00209351 -0.0042562 0.00109579 0.000481761 -0.00323589 0.00314029 0.00243879 0.00378705 -0.00824537 -0.00480089 0.00783382 0.00943909 0.0104614 -0.00227146 -2.84969e-05 -0.0011213 -0.00417794 -0.00808919 -0.00570696 0.000634111 0.00295114 0.000606168 0 -0.00114044
internal_weight=330.383 43.1665 287.217 175.441 99.9174 111.776 75.5237 26.3317 49.1921 97.5725 81.5724 45.3131 14.203 29.5513 24.0654 22.3119 16.0002 54.6042 13.6153 8.68399 10.7397 6.4905 4.93129 2.5956 3.46327 5.48589 2.5259
internal_count=31815 2844 28971 19230 12104 9741 7126 2587 4539 8051 6340 6520 1690 1340 1014 631 1711 5584 1504 1113 1447 927 391 164 243 326 232
is_linear=0
shrinkage=0.03


Tree=139
num_leaves=29
num_cat=0
split_feature=60 6 28 28 22 29 12 3 48 1 47 25 50 12 45 39 56 25 1 47 41 22 19 3 58 12 14 19
split_gain=1.14977 1.12189 0.826179 0.908773 0.920499 0.843646 0.941284 0.854199 0.81925 0.773178 0.772034 0.683497 0.599635 0.487629 0.426106 0.373395 0.372983 0.351054 0.293244 0.197543 0.134076 0.123057 0.0542806 0.0442209 0.0356258 0.00511543 0.0050977 0.000842998
threshold=0.013056567870080473 0.0015013217926025393 -0.0037924597272649403 0.040530093014240272 -0.032341044396162026 0.010140586644411089 0.04116491042077542 0.095159821212291731 0.0045853937044739732 -0.038945108652114861 -0.0092022866010665876 -0.01683179289102554 0.0051712840795516976 -0.049889599904417985 -0.01329916901886463 -0.018600959330797192 0.0028616916388273243 -0.023121625185012814 0.11911524832248689 -0.017454588785767552 -0.011517301201820372 -0.015658285468816754 -0.027132898569107052 -0.12230796366930007 -0.0087751820683479292 0.010998995974659921 0.037962175905704505 -0.0015071481466293333
decision_type=2 2 2 2 2 2 2 2 2 2 2 2 2 2 2 2 2 2 2 2 2 2 2 2 2 2 2 2
left_child=2 8 5 4 12 6 7 -1 11 -6 19 -2 -4 -13 -8 -12 17 -5 20 -7 -3 -20 -23 -22 -18 26 -10 -27
right_child=1 18 3 16 9 10 14 -9 25 -11 15 13 -14 -15 -16 -17 24 -19 21 -21 23 22 -24 -25 -26 27 -28 -29
leaf_value=0.0044877662558824461 0 0 0.0050386770586754578 0 -0.0074821974690325302 0 0.00093011375621952601 -0.0034280508352251648 -0.0011508468484063741 -0.0014314456130324917 0 0 -0.0032877442274930522 0.014454133166266602 -0.004830729416328684 -0.0069733749369881573 0 0.0076987644433420448 0 0.0048351872688976987 0 0 0.0039991130499616957 -0.0060947413951477139 -0.0022243305895718077 0 0 0.00030540391441327095
leaf_weight=86.243854754437052 1.2952000521036158 3.5681223221690743 14.031096540209548 2.0699025299036284 44.778508950239484 1.2949569597403749 7.4777753831003819 6.0632825820575809 1.9401050136439146 61.319248954263458 1.8319267859333255 3.9624926435644801 4.7165461793265413 12.662576838425588 17.171833561988024 21.824263259346477 1.9576162291341463 9.1171976014302327 1.1521003481175291 5.354950803754039 0.40800318800029334 0.57652161081205022 8.0036087041516986 5.1229429653103598 1.5291537413067988 0.74117033375659991 0.26127661712234829 3.1342910926323384
leaf_count=6025 175 253 924 206 5908 244 485 1622 334 7318 184 131 654 501 1543 2519 165 496 177 428 29 81 207 760 250 80 30 86
internal_value=0 0.00431144 -0.000706723 -0.00237375 -0.00333812 0.000701704 0.00201756 0.00351008 0.00809204 -0.004477 -0.00309328 0.0107243 0.00142945 0.0122616 -0.00220915 -0.0058131 0.00306937 0.00567215 0 0.00234934 -0.00391009 0.00181182 0.00342295 -0.00565044 -0.000168416 0 -0.000799566 0
internal_weight=329.611 42.8284 286.782 139.519 124.845 147.263 116.957 92.3071 23.9971 106.098 30.3061 17.9203 18.7476 16.6251 24.6496 23.6562 14.6739 11.1871 18.8313 6.64991 9.09907 9.73223 8.58013 5.53095 3.48677 6.07684 2.20138 3.87546
internal_count=31815 2844 28971 15921 14804 13050 9675 7647 1337 13226 3375 807 1578 632 2028 2703 1117 702 1507 672 1042 465 288 789 415 530 364 166
is_linear=0
shrinkage=0.03


Tree=140
num_leaves=30
num_cat=0
split_feature=3 24 31 24 51 34 45 35 28 9 19 18 16 16 57 45 68 34 22 44 8 22 67 48 12 19 38 45 9
split_gain=1.06825 1.16578 1.20823 1.17053 1.5966 1.35736 1.06799 0.982184 0.978172 0.940015 0.926598 0.705699 0.722164 0.688031 0.685203 0.622575 0.520784 0.356205 0.23215 0.229137 0.179384 0.17459 0.16481 0.150933 0.185386 0.0900866 0.0634733 0.0536246 0.0373464
threshold=0.0027532125823199753 -0.015445686876773832 0.0072988793253898629 -0.001246996223926544 0.0071304740849882373 0.0068470332771539697 -0.0043290709145367137 0.016434503719210628 -0.017083778977394101 0.094056509435176863 0.018681339919567112 0.028328828513622287 -0.083317860960960374 0.076040074229240431 -0.0044896360486745826 -0.024153756909072396 -0.32040575146675104 -0.019144046120345589 -0.002720271702855825 0.00095879659056663524 0.12550949305295947 0.026222435757517818 1.5791609883308413 -0.0036641112528741355 -0.028573557734489437 0.0037985295057296757 -0.003990769386291503 -0.0086660291999578459 0.13100101798772815
decision_type=2 2 2 2 2 2 2 2 2 2 2 2 2 2 2 2 2 2 2 2 2 2 2 2 2 2 2 2 2
left_child=1 2 11 4 6 8 -3 9 -5 13 20 12 -1 15 -7 -2 17 -4 -6 -18 21 -9 28 26 -25 -13 -11 -15 -12
right_child=7 3 16 5 18 14 -8 10 -10 23 22 25 -14 27 -16 -17 19 -19 -20 -21 -22 -23 -24 24 -26 -27 -28 -29 -30
leaf_value=0 6.4111375603048267e-05 0.012089645271339022 0 0.0020676230863638802 0 0.0077398105588773365 0.0014778917240487949 0.0076874146727739928 -0.0041556331008866356 0 -0.0068164874641893332 0.002298519889152105 -0.011224441872958136 0 0 -0.0077003981890093427 0 -0.0072803528499804891 -0.0057498079261913467 0.0056365603610679955 0 0 0 0 0.0051360736736636879 -0.0018784843378354637 -0.0027999797735666593 0.0025080324640783724 0
leaf_weight=3.0888452301151181 2.1527660296851527 23.865164364906377 2.6832650431097136 26.05379844912386 2.4137873963481979 21.604735585613525 25.082445632586314 12.921352495464815 53.421332072633959 2.5281507860054262 3.2072259799097083 5.5971305489802026 16.18489311324447 0.51766295760899117 25.435212469725229 53.544892041056301 7.2911850552191053 3.1647905520003432 5.2815191099580252 14.130107880366266 0.70443380577489811 1.319287493730372 0.28692646260606114 1.2060239631609864 7.1068967658356987 2.1106178724221536 2.2865770581556708 3.2530696249377788 0.1540056122757959
leaf_count=142 287 832 158 1370 294 957 1594 1225 4574 131 644 320 1961 97 1636 11447 612 382 579 550 84 201 5 235 520 276 404 280 18
internal_value=0 0.00106146 -0.00240106 0.00228304 0.00572087 0.000356776 0.00784888 -0.00267501 -0.00175874 -0.00434701 0.00211938 -0.0065783 -0.00912032 -0.00596728 0.00433305 -0.00692548 0.00118127 -0.00321572 -0.00321197 0.00389849 0.00609323 0.00684672 -0.00480181 0.000959345 0.00338479 0 0 0.000645239 -0.00644893
internal_weight=328.598 237.409 54.2508 183.158 56.6429 126.515 48.9476 91.1893 79.4751 72.596 18.5932 26.9815 19.2737 59.4684 47.0399 55.6977 27.2693 5.84806 7.69531 21.4213 14.9451 14.2406 3.64816 13.1276 8.31292 7.70775 4.81473 3.77073 3.36123
internal_count=31815 16237 4401 11836 3299 8537 2426 15578 5944 13401 2177 2699 2103 12111 2593 11734 1702 540 873 1162 1510 1426 667 1290 755 596 535 377 662
is_linear=0
shrinkage=0.03


Tree=141
num_leaves=26
num_cat=0
split_feature=65 7 10 55 63 60 42 43 21 39 7 17 49 40 44 16 9 29 35 17 35 59 9 39 65
split_gain=1.04906 1.05949 1.09912 0.970376 0.765138 0.752393 0.906853 0.677628 0.477116 0.440548 0.430352 0.36929 0.335321 0.230372 0.150468 0.157787 0.132712 0.0793518 0.093615 0.0584098 0.0557497 0.0514708 0.0402357 0.0371215 0.0190304
threshold=-0.57909688353538502 -0.059489537030458443 -0.066839121282100664 -0.010498419404029844 0.0062291808426380166 -0.0024760831147432323 -0.0073548695072531691 0.016365723684430126 -0.0023233816027641292 -0.009659375995397566 -0.12308661639690398 0.017025717534124855 -0.02183849178254604 0.017110650427639488 -0.017239365726709362 0.09730017185211183 0.028055768460035328 -0.0044667217880487433 -0.0011523533612489698 -0.012195817194879053 0.0089568123221397417 -0.014970578253269194 0.0094266869127750414 -0.0094894990324974043 -0.58425262570381153
decision_type=2 2 2 2 2 2 2 2 2 2 2 2 2 2 2 2 2 2 2 2 2 2 2 2 2
left_child=11 3 5 10 7 19 -7 -4 -6 20 13 14 -11 -2 -1 21 -12 18 -13 -3 -5 -16 23 -19 -20
right_child=1 2 4 9 8 6 -8 -9 -10 12 16 17 -14 -15 15 -17 -18 22 24 -21 -22 -23 -24 -25 -26
leaf_value=0 0.0078986032730606146 0 0.0020302541229247064 -0.0017728892689515615 -0.0057954377762632079 0 0.010721308586995892 -0.0031840383360356122 0 0 0 0 -0.009640631415244091 0 0 0 -0.0040672640617019969 0 -0.0044321606506193788 -0.0024924942772842152 0.0012561876059600701 -0.011656106730665371 0 0.0036847696344390617 0
leaf_weight=0.5368287906385375 4.9178963910089806 2.444539219570288 172.35135528359388 6.8062028750282497 18.847683664469514 3.7562021211415475 19.79747556220536 17.179760941995482 32.740442066264222 2.037709024691142 4.8352011945826217 1.1424768579709055 18.104136014691903 0.46870294991822437 0.12771171182976093 0.32841663235012664 2.7831719286550651 0.19789645841228853 2.4991518761198681 3.461745979126138 3.2801933716691565 6.3924919642449805 0.3904553883257903 2.0046091762560536 0.12402069935342286
leaf_count=259 233 262 14353 890 2337 350 764 1522 2787 177 360 257 2520 65 87 48 283 105 595 447 222 2492 87 297 16
internal_value=0 0.000405519 0.00119999 -0.00355373 0.000343094 0.00627541 0.00844048 0.0013337 -0.00256246 -0.00641353 0.00136238 -0.00689737 -0.0085677 0.00629372 -0.00994146 -0.0107117 -0.000859121 0 -0.00228913 0 0 -0.0114165 0.001832 0.00292675 -0.00413252
internal_weight=327.556 313.812 270.579 43.2332 241.119 29.46 23.5537 189.531 51.5881 30.2282 13.005 13.7441 20.1418 5.3866 7.38545 6.84862 7.61837 6.35861 3.76565 5.90629 10.0864 6.5202 2.59296 2.20251 2.62317
internal_count=31815 27572 22822 4750 20999 1823 1114 15875 5124 3809 941 4243 2697 298 2886 2627 643 1357 868 709 1112 2579 489 402 611
is_linear=0
shrinkage=0.03


Tree=142
num_leaves=24
num_cat=0
split_feature=65 24 11 24 51 3 21 21 62 20 22 44 0 32 13 59 14 16 68 63 21 52 41
split_gain=1.04081 0.822977 1.62891 1.18913 1.52784 0.976502 0.913052 0.781255 0.604979 0.572195 0.558053 0.629103 0.410922 0.405104 0.325444 0.279634 0.148685 0.100025 0.0985098 0.0235977 0.0282275 0.0102961 0.00962272
threshold=-0.57909688353538502 -0.015445686876773832 0.0029108617454767232 0.0028577148914337163 0.0071304740849882373 0.026497881859540943 0.020551405847072605 -0.026075720787048336 0.016850817948579792 0.010932777076959612 -0.038783833384513848 -0.025714531540870663 -0.25821663439273829 -0.014075253158807753 -0.0031979400664567943 0.0073167402297258386 0.045976549386978156 0.10234722495079042 2.8687882423400883 0.001056499779224396 -0.0070618540048599234 0.0017198249697685244 0.014053128659725191
decision_type=2 2 2 2 2 2 2 2 2 2 2 2 2 2 2 2 2 2 2 2 2 2 2
left_child=12 2 10 4 5 -3 7 -5 -8 14 21 -12 19 -6 -4 -11 17 18 -14 22 -21 -2 -1
right_child=1 3 9 6 13 -7 8 -9 -10 15 11 -13 16 -15 -16 -17 -18 -19 -20 20 -22 -23 -24
leaf_value=-0.0012949301307398305 0.0010921745467157625 0.0070764194193355867 0 -0.0034747100737322818 0.00071789416402837525 0 -0.0074118726525898319 0.0019465588572732655 0.00052137074200806421 -0.004820393383290226 0 -0.010094453591061247 -0.010520216210198659 -0.0052645021783671048 0.0058877424700812088 3.5692175794577391e-05 0 0 0 0 0.0025343501408388197 0 0
leaf_weight=1.3749679379179718 2.7683922216383534 66.647157028732181 9.4786254701757588 23.667920063286147 5.3023822391624007 13.273517249122959 19.159506621341283 101.41311019728892 2.6575720643158993 10.135154329560462 0.99269486583944555 23.026173243961235 9.1600220210202608 13.209824951547487 16.944893789797788 3.0674073516129274 0.45524588003900213 0.15145370698883276 0.091064891428687456 0.19764067944197505 1.9459314679334052 1.438369124982273 0.28394508836208832
leaf_count=423 103 3311 953 2330 539 1818 2630 8443 180 1032 75 2877 2947 1692 1084 321 177 14 37 123 441 184 81
internal_value=0 0.000403843 -0.00226646 0.00129273 0.00378177 0.00564797 -0.000247193 0.000595988 -0.00540979 0.00108855 -0.0073345 -0.00888262 -0.00688607 -0.00248678 0.00385849 -0.00234415 -0.00918938 -0.00981861 -0.0101856 0 0.00163979 0 -0.000552052
internal_weight=326.843 313.183 67.8517 245.331 98.4329 79.9207 146.898 125.081 21.8171 39.6261 28.2256 24.0189 13.6603 18.5122 26.4235 13.2026 9.85779 9.40254 9.25109 3.80249 2.14357 4.20676 1.65891
internal_count=31815 27572 6629 20943 7360 5129 13583 10773 2810 3390 3239 2952 4243 2231 2037 1353 3175 2998 2984 1068 564 287 504
is_linear=0
shrinkage=0.03


Tree=143
num_leaves=24
num_cat=0
split_feature=65 63 50 59 24 28 42 33 2 65 34 51 0 55 2 14 1 68 55 63 21 62 21
split_gain=0.985251 0.755738 0.842729 1.13111 1.10887 1.03156 0.75231 0.678383 0.820803 0.721855 0.550846 0.454299 0.394656 0.356539 0.221024 0.143407 0.131667 0.097189 0.0589766 0.0172148 0.025721 0.0145753 0.000780444
threshold=-0.57909688353538502 0.0062291808426380166 0.0053020585328340539 0.0051710940897464761 -0.013492934405803679 -0.010455908719450234 0.003574281465262175 -0.017330832779407498 -0.076981201767921434 1.0094037652015688 -0.013867975212633608 -0.016437220387160775 -0.25821663439273829 0.0018403977155685427 0.059621252119541175 0.045976549386978156 -0.22747361660003659 2.8687882423400883 0.021988647058606151 0.001056499779224396 -0.0070618540048599234 -0.0037173870950937267 0.022194460034370426
decision_type=2 2 2 2 2 2 2 2 2 2 2 2 2 2 2 2 2 2 2 2 2 2 2
left_child=12 2 3 4 -2 6 -4 14 13 -10 -5 -7 19 -9 21 16 -14 -18 -16 22 -21 -3 -1
right_child=1 7 5 10 -6 11 -8 8 9 -11 -12 -13 15 -15 18 -17 17 -19 -20 20 -22 -23 -24
leaf_value=-0.00048293281513867205 -0.00011564304297479422 0 0.005027240398049148 0.0023172403043410484 0.0055896300793991816 0 -0.0028560670148368218 0.0037498323932929718 -0.0095472452950727191 -0.00027671348292009632 -0.0032608575798987599 -0.0057888555888606389 0 -0.0029703167919454079 0.0059493633829640425 0 -0.010413335046460966 0 0 0 0.0023333006701437022 -0.0013634915828482715 0
leaf_weight=1.1873590311442961 30.028068455256289 2.4111161926484783 23.793296431387716 17.150868163291307 91.822667243042815 5.6057934242053298 8.2900542347924766 12.707277609788436 19.360155192276579 22.005051499625552 33.925713850672764 33.271733781308285 0.15061545127536824 3.728987829606921 5.1696566078680917 0.45385586190241234 9.0909374844413797 0.092285871462082336 1.5305409973225321 0.19897277840209482 1.9617119525246376 2.055923358013386 0.44281807342485979
leaf_count=390 2579 195 1317 989 7399 427 861 1023 3239 1025 2753 4422 29 590 275 177 2930 39 44 123 441 434 114
internal_value=0 0.000392495 0.0012558 0.00242543 0.00399802 -0.0011716 0.00207084 -0.00213329 -0.00365554 -0.0058243 -0.000813215 -0.00446218 -0.00671512 0.000488493 0.00258405 -0.00898175 -0.00960367 -0.0100779 0.00512135 0 0.00143535 0 -0.000334227
internal_weight=326.435 312.857 243.888 172.927 121.851 70.9609 32.0834 68.9687 57.8015 41.3652 51.0766 38.8775 13.5786 16.4363 11.1672 9.78769 9.33384 9.18322 6.7002 3.79086 2.16068 4.46704 1.63018
internal_count=31815 27572 20747 13720 9978 7027 2178 6825 5877 4264 3742 4849 4243 1613 948 3175 2998 2969 319 1068 564 629 504
is_linear=0
shrinkage=0.03


Tree=144
num_leaves=28
num_cat=0
split_feature=64 36 63 33 19 33 32 7 46 8 13 67 59 13 15 48 4 15 13 9 8 34 54 43 7 46 46
split_gain=0.928066 1.17552 0.981033 1.59709 1.19792 0.678437 0.606588 1.0063 0.587882 0.579193 0.744514 0.923309 0.616487 0.577981 0.551316 0.522249 0.485936 0.403585 0.395644 0.366699 0.325039 0.248632 0.176797 0.153981 0.0747866 0.000138325 0.00281207
threshold=0.57692310214042675 -0.013635110110044478 0.00027219112962484365 -0.010333549231290816 0.016151539981365207 0.0015183128416538241 -0.01641763839870691 0.020109653472900394 -0.0089396089315414411 -0.014385528862476347 -0.0092221861705183966 0.48852075636386877 -0.0019814856350421901 0.050970539450645454 -0.064868278801441179 0.0051041375845670709 0.15838005393743518 -0.0071623250842094413 0.019383162260055545 0.12318252772092821 -0.051007099449634545 0.0080959363840520399 -0.014345075935125349 0.00068877683952450763 0.1077098846435547 0.012558922171592714 -0.02375703118741512
decision_type=2 2 2 2 2 2 2 2 2 2 2 2 2 2 2 2 2 2 2 2 2 2 2 2 2 2 2
left_child=1 14 3 16 5 -5 21 8 -8 12 11 -11 15 -6 25 -3 24 -14 -12 20 -16 22 -4 -9 -2 26 -1
right_child=2 9 6 4 13 -7 7 23 -10 10 18 -13 17 -15 19 -17 -18 -19 -20 -21 -22 -23 -24 -25 -26 -27 -28
leaf_value=0 -0.0060849186313597699 -0.0090841265552755856 0 0.010167634094157026 -0.006186856986175408 0.0018439770613969382 0 0.0022151905538944621 -0.0087835962302578417 0.0068032617889652348 -0.0043521065262321131 -0.0013217634593603884 0.0022912661599724929 0.0030372834158949994 0 0 0.0014385229131593897 -0.0030841423491128396 0.00044155643053909598 0 -0.011157598710168432 0 0.007220331935371584 -0.00075382171592509666 0 0 0.00062401327543195652
leaf_weight=0.32459279119211792 13.439805031623109 12.359420582284658 0.43290892207005516 34.326391096896259 7.0037686934956564 28.315477953132358 7.8229192993749193 22.609765295026591 17.601745714287972 28.493902480262477 15.925941041536133 9.4390795916915504 22.713296937661653 3.7416700368048623 3.9018067899305686 8.3568148055055627 3.2793861578684291 17.890632963852113 26.736276611765788 0.8215620786359058 15.744745034247895 1.4617600251513065 7.4608761559065879 13.352747341559732 0.36060594351147379 0.31382454858976405 1.8192320391463024
leaf_count=20 1020 2217 52 899 476 1129 519 664 1635 3141 2422 2271 2383 120 623 1087 69 2468 3585 91 3639 128 366 452 43 68 228
internal_value=0 -0.00155961 0.00159368 0.00364437 0.00565876 0.0072631 -0.000700164 -0.00218284 -0.00631852 -0.000222594 0.00118843 0.00416423 -0.00247929 -0.00112507 -0.00724001 -0.00611782 -0.00297363 0 -0.000987335 -0.00877261 -0.00963921 0.00431056 0.00616784 0.000422977 -0.00572153 0 0.00013201
internal_weight=326.051 164.841 161.21 90.4671 73.3873 62.6419 70.7427 61.3872 25.4247 141.915 80.5952 37.933 61.3202 10.7454 22.9258 20.7162 17.0798 40.6039 42.6622 20.4681 19.6466 9.35555 7.89379 35.9625 13.8004 2.45765 2.14382
internal_count=31815 24243 7572 3756 2624 2028 3816 3270 2154 19574 11419 5412 8155 596 4669 3304 1132 4851 6007 4353 4262 546 418 1116 1063 316 248
is_linear=0
shrinkage=0.03


Tree=145
num_leaves=31
num_cat=0
split_feature=3 67 63 47 48 69 34 36 69 41 6 9 39 52 46 8 9 66 7 38 38 66 36 49 14 25 54 55 41 48
split_gain=0.923812 0.866551 0.768754 0.76397 1.17151 0.907713 0.722759 0.70435 0.757473 0.652244 0.564187 0.542675 0.448347 0.421273 0.342782 0.335689 0.252694 0.250009 0.270946 0.248687 0.266239 0.246658 0.201279 0.183115 0.155509 0.0983609 0.0629038 0.0223665 0.0196961 0.012219
threshold=0.0027532125823199753 -0.80186232924461354 0.0075011197477579125 0.0022518225014209752 -0.011588673107326029 0.2565742433071137 -0.013867975212633608 0.0097651928663253802 0.25542536377906805 0.0078443884849548357 -0.14567397534847257 0.10991518199443819 -0.009659375995397566 -0.010246980935335158 -0.008690152317285536 -0.099384777247905717 -0.052514683455228799 -0.53812888264656056 -0.0036754757165908809 -0.010933682322502134 0.0025188624858856206 0.080105137079954161 0.0078200921416282671 -0.003731705248355865 0.038707748055458076 0.053922910243272788 0.027180498465895656 0.023313244804739956 0.014812536537647249 -0.00014326674863696096
decision_type=2 2 2 2 2 2 2 2 2 2 2 2 2 2 2 2 2 2 2 2 2 2 2 2 2 2 2 2 2 2
left_child=1 6 3 5 -5 -3 16 8 10 15 29 -12 13 -4 21 -8 27 25 -19 26 -21 24 -18 -14 -9 -16 -10 -1 -11 -2
right_child=7 2 12 4 -6 -7 9 14 19 28 11 -13 23 -15 17 -17 22 18 -20 20 -22 -23 -24 -25 -26 -27 -28 -29 -30 -31
leaf_value=-0.0021749280051964739 0 -0.0033585924205907325 0 -0.0011664780599427486 0.0065930936523228879 0.0026765241242144929 0 0.007393812444454223 -0.0040571779316163339 0.0014666528635284451 -0.0087263581249650314 0 -0.0022674159713376215 -0.009035987090389476 -0.0062829898461365039 -0.010566573370356961 0.0059200521685530043 -0.0017081911144922952 0.0037891679805174042 0.0055851511496273661 0 0 0 0.0018559077096097041 0 0 0 0 0 0.0012855356690632579
leaf_weight=2.3277035886931112 0.3708921866200402 27.310725570219802 2.8491871989535866 13.562425930576863 63.829738283642655 60.084689372306457 2.0586967932176803 6.7141981061358802 3.8980996657846871 3.2407909182948051 33.188472990175796 3.0355848742619846 8.6159640447658621 5.5950996923675103 3.7074967725420751 11.664173846234915 6.654105852008799 14.141480755250088 8.0938220042080484 6.9759983794210694 4.4420795068363077 1.9694556223330435 1.9855180169834055 22.523488823018852 0.6083147066674427 0.15784343930135936 0.71912746728048649 0.16787587793078262 2.7153341505982098 1.6544201822398452
leaf_count=301 70 2995 224 776 3740 2782 174 539 476 378 8957 392 724 625 678 1513 246 1366 1089 566 686 438 98 1215 137 26 26 30 416 132
internal_value=0 0.000989302 0.00180164 0.00275539 0.0048809 0.00038619 -0.0030601 -0.00250975 -0.00455516 -0.00627405 -0.0066487 -0.00766122 -0.00135967 -0.00601201 6.02807e-05 -0.00912355 0.000944653 -0.000985471 0 0 0.00285648 0.00441393 0.00408216 0 0.00637273 -0.00536541 -0.00305666 -0.00139241 0 0
internal_weight=324.863 235.186 204.371 164.788 77.3922 87.3954 30.8142 89.6773 54.2847 19.679 38.2494 36.2241 39.5837 8.44429 35.3926 13.7229 11.1352 26.1006 22.2353 16.0353 11.4181 9.29197 8.63962 31.1395 7.32251 3.86534 4.61723 2.49558 5.95613 2.02531
internal_count=31815 16237 13081 10293 4516 5777 3156 15578 11305 2481 9551 9349 2788 849 4273 1687 675 3159 2455 1754 1252 1114 344 1939 676 704 502 331 794 202
is_linear=0
shrinkage=0.03


Tree=146
num_leaves=29
num_cat=0
split_feature=60 6 20 11 65 32 44 14 53 6 20 25 67 58 25 62 55 45 6 6 1 42 49 25 45 8 27 33
split_gain=0.929626 0.90507 0.732864 0.728564 1.01726 1.13417 1.00845 0.88912 0.909388 0.70528 0.691501 0.638858 0.61195 0.591572 0.589322 0.538141 0.517331 0.453647 0.438401 0.420737 0.2252 0.0769934 0.0623127 0.0481179 0.0437928 0.00122196 0.00103979 3.86004e-05
threshold=0.013056567870080473 -0.0030988156795501705 -0.028276775032281872 0.022928511723876003 0.051765551790595062 -0.014075253158807753 0.0036272257566452031 0.017589382827281955 0.0088082253932952898 0.0083951652050018328 -0.025839462876319882 0.00057967379689216625 0.55399784445762645 0.004120148718357087 -0.014768503606319426 0.011852554976940157 -0.0081565957516431791 0.014337802305817606 0.065197125077247634 -0.08369311690330504 0.17416890710592273 0.020798515528440479 -0.01045708730816841 0.055996336042881019 0.01681102812290192 -0.079103246331214891 -0.017687898129224774 0.027498006820678714
decision_type=2 2 2 2 2 2 2 2 2 2 2 2 2 2 2 2 2 2 2 2 2 2 2 2 2 2 2 2
left_child=3 2 25 4 5 11 7 8 -5 19 18 -1 -11 -9 27 -7 -12 -16 -6 -8 21 23 -22 -3 -24 -2 -27 -4
right_child=1 20 14 6 10 15 9 13 -10 12 16 -13 -14 -15 17 -17 -18 -19 -20 -21 22 -23 24 -25 -26 26 -28 -29
leaf_value=-0.0036529290563172838 0 -0.0045110120028204687 -7.4752773004802588e-05 -0.0015237926291688908 -0.0069327085783813924 -0.0089020633879642787 0.0043355500585110732 -0.0088269306665001816 0.0061303988574306833 0.0090174836120799056 -0.001856074004653342 0.006293230771148863 0 0 0.011740774739838984 0 0.0022000588902338909 0 0 -0.0025731566786382849 0 0 0.0032998439036623839 0 0 0 -0.00054481661918271448 0
leaf_weight=3.8184098155397788 0.2282333833863962 8.3960950574837625 1.2169856006803517 31.145630377010093 15.405092754335785 33.480342699254834 8.4368398325314065 12.58012766887987 15.360440708362146 21.52868778882112 33.943668544627144 6.7756573649130587 1.5564363127632521 5.2636080535812644 17.717947913639364 3.0998509576820643 71.743572042891174 1.7637197249423469 3.6946338258858296 14.043729428471122 0.50992795803176605 1.1308237201155851 7.6894152892928087 0.35655226476956237 0.64354787336196739 0.13768800537218417 1.9450028341962045 0.30999843608151412
leaf_count=923 16 1049 154 3071 1323 8666 436 1403 954 1393 1753 935 477 498 680 568 4739 89 323 1509 96 93 190 35 105 20 287 30
internal_value=0 0.00390876 0.0073583 -0.000641011 -0.0019043 -0.00545655 0.00107119 -0.000988674 0.000771544 0.00438361 -0.000171788 0.00076272 0.00756296 -0.00605433 0.00918228 -0.00785435 0.000601316 0.0105469 -0.00493175 0 0 -0.00327875 0.00175589 -0.00408323 0.00272163 -5.94982e-05 -0.000398658 0
internal_weight=323.923 42.0459 23.3196 281.877 171.961 47.1743 109.916 64.3498 46.5061 45.5657 124.787 10.5941 23.0851 17.8437 21.0087 36.5802 105.687 19.4817 19.0997 22.4806 18.7264 9.88347 8.84289 8.75265 8.33296 2.31092 2.08269 1.52698
internal_count=31815 2844 1276 28971 19230 11092 9741 5926 4025 3815 8138 1858 1870 1901 953 9234 6492 769 1646 1945 1568 1177 391 1084 295 323 307 184
is_linear=0
shrinkage=0.03


Tree=147
num_leaves=23
num_cat=0
split_feature=65 23 67 27 47 47 45 33 17 16 9 35 11 45 38 16 8 55 67 55 17 27
split_gain=0.87344 0.811914 0.909236 0.622557 1.30106 0.791558 0.55363 0.502004 0.721548 0.46944 0.439906 0.3693 0.243693 0.0839157 0.095759 0.0660663 0.0672065 0.0566336 0.0369119 0.0174563 0.0050674 0.00837873
threshold=-0.58425262570381153 0.036090157926082618 -0.80186232924461354 0.0062148980796337136 0.00018732063472270968 0.0022518225014209752 -0.010763374157249926 0.001068919897079468 0.0064555527642369279 -0.042577743530273431 0.079600200057029738 -0.0059730503708124152 0.02610888704657555 -0.0013652159250341354 -0.011642351746559141 0.10234722495079042 0.14241408556699756 -0.0071818549185991279 -1.2896999716758726 -0.00373469665646553 0.017025717534124855 -0.0081650614738464338
decision_type=2 2 2 2 2 2 2 2 2 2 2 2 2 2 2 2 2 2 2 2 2 2
left_child=11 2 6 5 -5 -4 17 8 9 -3 -8 20 15 18 -15 16 -13 -2 -9 -10 -1 -22
right_child=1 7 3 4 -6 -7 10 13 19 -11 -12 12 -14 14 -16 -17 -18 -19 -20 -21 21 -23
leaf_value=0 0.0024619164534234335 0 -0.00010021148419913793 0.0015804600595495974 -0.0051704906204035738 0.0036653428191200594 -0.0081806580281746019 0 -0.0014675469841653054 0.011589516757618875 0 -0.010610720856567593 0 0 0.0029679989030350338 0 0 0 -0.00350120680836094 0 0 0.0013921171208351624
leaf_weight=1.0659529137483343 3.4094992082973476 1.8890026570443321 87.892310130733676 44.835657615396485 41.009246628098481 79.590976642888563 19.88338400688372 0.26146926682849914 2.29476919183071 12.09240719011723 1.0406299150927214 7.5710671041451825 2.7332025380746927 0.77696339838439588 6.3719646933168388 0.13169518156792026 0.075286944658728205 3.285947758624391 2.7295352008077316 2.8116064627392907 0.14344863088626891 1.2443649080596511
leaf_count=699 221 97 7570 4221 4572 5926 2831 16 193 563 74 2485 594 77 308 20 31 429 381 221 69 217
internal_value=0 0.000366743 -5.93703e-05 0.000432082 -0.0014214 0.00156969 -0.004862 0.00474952 0.00712814 0.00993436 -0.00699747 -0.00643408 -0.0083291 0 0.0010732 -0.0100686 -0.0103506 0 -0.0027749 0 0 0.000844963
internal_weight=323.14 310.175 280.948 253.328 85.8449 167.483 27.6195 29.2277 19.0878 13.9814 20.924 12.965 10.5113 10.1399 7.14893 7.77805 7.64635 6.69545 2.991 5.10638 2.45377 1.38781
internal_count=31815 27700 25844 22289 8793 13496 3555 1856 1074 660 2905 4115 3130 782 385 2536 2516 650 397 414 985 286
is_linear=0
shrinkage=0.03


Tree=148
num_leaves=29
num_cat=0
split_feature=60 66 34 51 24 17 1 9 17 34 22 22 63 32 35 45 46 32 52 13 50 56 33 25 10 57 11 31
split_gain=0.822607 0.842894 0.693816 0.927247 0.811885 0.979823 0.842536 0.695864 1.34194 0.599105 0.592635 0.545447 0.423868 0.361817 0.537167 0.355068 0.342403 0.19645 0.158481 0.142909 0.137919 0.13478 0.112706 0.112792 0.084279 0.0147619 0.00761529 0.000681918
threshold=0.013056567870080473 0.039433326572179801 -0.014342122711241244 0.0010763416066765787 -0.019151993095874783 -0.052127540111541741 0.097991034388542189 0.062331996858119972 0.025242722593247894 -0.024397709406912323 -0.015658285468816754 0.019650066271424297 0.015418111346662046 -0.02024617604911327 0.014256773516535761 0.016224317252635959 0.0051418282091617593 -0.0025063212960958476 0.0045411149039864549 -0.011145001277327536 -0.00063942186534404744 0.0029448028653860096 -0.021606223657727238 0.055996336042881019 0.015795789659023288 -0.017411514185369011 0.048539819195866592 -0.013053495436906813
decision_type=2 2 2 2 2 2 2 2 2 2 2 2 2 2 2 2 2 2 2 2 2 2 2 2 2 2 2 2
left_child=2 17 3 9 7 11 -7 8 -4 24 25 -6 -11 21 -15 16 -12 19 -9 20 -2 -5 -19 -24 -1 -3 -27 -21
right_child=1 10 4 13 5 6 -8 18 -10 12 15 -13 -14 14 -16 -17 -18 22 -20 27 -22 -23 23 -25 -26 26 -28 -29
leaf_value=-0.002489651072375075 0.0056796821807310483 0 -0.011942240192203293 0.004240232910911362 0.009087360402851288 -0.002707208121096958 0.0015590311167862506 0.0032180187507504479 0 0.0076459731123025365 0.010810810468696076 0 0 -0.006497746312268354 0.00033180565652338168 0 0 0 -0.0019484910760130232 0 0 0 -0.0059305635451881011 0 0.00091065922993116587 -0.0017386075866317873 0 -0.0003104854696921465
leaf_weight=5.9058495568242488 2.9130392449442297 1.5962021783343519 16.201029928204665 3.5673926256786244 8.6947274620470107 118.56488170838202 49.341280147134967 5.8597886740608356 9.6283527683954144 27.456506795930185 16.796448259243341 3.9604843020424587 1.9225776545208635 15.493503553218035 5.4585552503922363 1.6483310552430328 6.4242360281205029 1.1248921493897777 2.947312103540753 0.40064939385047194 1.3919242968695469 0.75946225476218376 5.9608988794570923 0.35800012394611247 4.9513426470366539 1.6626137068087725 0.22744565337779921 1.3663767964317208
leaf_count=874 175 31 2623 225 525 13739 3972 446 907 2021 484 260 130 2028 379 183 225 68 327 44 211 171 717 30 344 363 54 259
internal_value=0 0.00368366 -0.000604302 0.00181499 -0.00150157 -0.00044997 -0.00127119 -0.0054784 -0.0076747 0.00464677 0.00644691 0.00602084 0.00664043 -0.00172456 -0.00384137 0.00801691 0.00890777 -0.000668702 0 0.000477042 0.0037541 0.00187347 -0.00383029 -0.00500907 0 0 -0.00138861 0
internal_weight=322.584 41.8711 280.713 65.5152 215.198 180.561 167.906 34.6365 25.8294 40.2363 28.3553 12.6552 29.3791 25.2789 20.9521 24.869 23.2207 13.5158 8.8071 6.07199 4.30496 4.32685 7.44379 6.3189 10.8572 3.48626 1.89006 1.76703
internal_count=31815 2844 28971 6172 22799 18496 17711 4303 3530 3369 1340 785 2151 2803 2407 892 709 1504 773 689 386 396 815 747 1218 448 417 303
is_linear=0
shrinkage=0.03


Tree=149
num_leaves=24
num_cat=0
split_feature=65 7 37 10 65 33 39 37 7 18 6 36 0 38 14 1 35 16 35 52 63 21 21
split_gain=0.878607 0.959453 1.00583 0.994564 0.802982 0.650493 0.892617 0.642492 0.958296 0.605944 0.541031 0.382297 0.367407 0.345906 0.1445 0.124028 0.0986374 0.0948422 0.055741 0.0322853 0.0130926 0.0228301 0.000944365
threshold=-0.57909688353538502 -0.060721646994352334 -0.012166691944003103 -0.066839121282100664 2.2000771760940556 -0.0014643184840679167 -0.011633291840553282 -0.0085211079567670805 0.039171308279037483 0.0078689455986022967 -0.042813196778297417 0.025575473904609684 -0.25821663439273829 -0.021568633615970608 0.045976549386978156 -0.22747361660003659 0.018208913505077366 0.10234722495079042 0.0059398431330919274 0.0092964330688118952 0.001056499779224396 -0.0070618540048599234 0.012662790715694429
decision_type=2 2 2 2 2 2 2 2 2 2 2 2 2 2 2 2 2 2 2 2 2 2 2
left_child=12 2 10 5 11 6 -3 9 -9 -5 13 -4 20 -2 15 -14 -12 -17 -7 -6 22 -22 -1
right_child=1 3 4 7 19 18 -8 8 -10 -11 16 -13 14 -15 -16 17 -18 -19 -20 -21 21 -23 -24
leaf_value=-0.00040965671402732305 0 -0.00038214908923801523 -0.010130638200459412 -0.0049001202420325901 0.0016553625222601872 -0.0018744383293248107 0.010457895873892047 -9.3771135543839913e-05 0.0041819529896763045 7.1184435818516802e-05 -0.003635852825030453 0 0 0.0085805739586813957 0 -0.010100229976319992 0 0 0.0012401196705929302 0 0 0.0021461172306838348 0
leaf_weight=1.0257721268244488 0.58231219167646475 2.1471575417526827 19.238823003270234 29.535341285562026 5.6037738200247977 6.1970441748635476 18.856443167205725 115.22471214559118 62.354043827406713 31.200009406609752 4.0064993060004763 2.4426577299091141 0.14482928604411149 6.0123065028165001 0.45169187192368632 8.7713476545577542 2.2391957640647888 0.14850316528463814 2.0393728876661044 1.4407780700712463 0.19633039916516337 1.9844499706159691 0.5928016045509138
leaf_count=336 55 227 3179 3563 209 589 802 10834 4380 2294 511 164 29 283 177 2955 181 14 211 90 123 441 168
internal_value=0 0.000372416 -0.00346307 0.00113095 -0.00649076 0.0059725 0.00833565 0.000303095 0.00131668 -0.0020788 0.00154959 -0.00896319 -0.00638705 0.00656343 -0.00861686 -0.00926723 -0.0016411 -0.00973623 0 0 0 0.0012722 -0.000156115
internal_weight=322.436 309.12 41.5663 267.554 28.726 29.24 21.0036 238.314 177.579 60.7354 12.8403 21.6815 13.3157 6.59462 9.51637 9.06468 6.2457 8.91985 8.23642 7.04455 3.79935 2.18078 1.61857
internal_count=31815 27572 4672 22900 3642 1829 1029 21071 15214 5857 1030 3343 4243 338 3175 2998 692 2969 800 299 1068 564 504
is_linear=0
shrinkage=0.03


Tree=150
num_leaves=23
num_cat=0
split_feature=65 41 4 67 50 28 35 48 19 24 20 35 64 63 63 40 39 14 36 17 3 63
split_gain=0.825101 0.713505 1.55925 0.971835 0.890158 0.966283 0.734766 1.31646 1.07204 0.710983 0.582449 0.361963 0.322239 0.311739 0.268661 0.179144 0.108206 0.0908268 0.0438228 0.00522496 0.0167224 0.0052924
threshold=-0.58425262570381153 -0.016310639679431912 -0.075504198670387254 -0.57775115966796864 0.0051712840795516976 -0.010455908719450234 0.010356806218624117 -0.0065102572552859774 -0.0059541910886764518 0.012169066816568376 0.019870073534548286 -0.0059730503708124152 -0.2692307755351066 -0.0027864389121532436 0.029068909585475925 0.021726661361753944 -0.0042666085064411155 -0.071876887232065187 0.032927282154560096 0.017025717534124855 0.11183632165193559 0.0024219052866101269
decision_type=2 2 2 2 2 2 2 2 2 2 2 2 2 2 2 2 2 2 2 2 2 2
left_child=11 2 13 16 6 10 8 -8 -3 -5 -6 19 -7 -2 15 17 -4 -13 -15 -1 21 -21
right_child=1 4 3 9 5 12 7 -9 -10 -11 -12 14 -14 18 -16 -17 -18 -19 -20 20 -22 -23
leaf_value=0 0 0.0019872357770738601 0 0.0094209542609260087 -0.0018240572986291601 0 -0.002750973655497104 0.0068833300445651207 -0.0031942531308219819 0 0.005318216489447746 0 -0.0069844233581757694 -0.0082862058112610406 0 0 -0.003625693957343413 -0.010656861489906012 0 0 0 0.0020306856991942155
leaf_weight=1.0570564725130691 4.5170665843979805 72.319868630060228 2.3936023306232528 31.284078781653079 20.228743179060988 8.5466275563994696 10.434205420227952 33.676106941700709 60.050870650789875 12.16022477988008 10.614779616815211 0.93050441568993569 33.309217560417892 4.6305774187494517 0.61041661497438404 0.49663990439512495 4.0428172240935956 8.3244827736452809 0.50081650810898271 0.22312682487245161 0.21717099956003938 0.94510826710029505
leaf_count=699 319 5643 280 1529 1974 1773 1016 2592 6545 917 598 188 3647 420 39 118 425 2785 22 54 119 113
internal_value=0 0.000356554 0.00321079 0.00561018 -0.000257043 -0.00302397 0.000769365 0.00394543 -0.000175701 0.00729843 0.000195966 -0.00628236 -0.00580471 -0.00482653 -0.00818224 -0.00927958 -0.00137076 -0.010021 -0.00783417 0 0.000858161 0.0017895
internal_weight=321.514 308.71 59.5292 49.8807 249.18 72.6994 176.481 44.1103 132.371 43.4443 30.8435 12.8045 41.8558 9.64846 10.362 9.75163 6.43642 9.25499 5.13139 2.44246 1.38541 1.16824
internal_count=31815 27700 3912 3151 23788 7992 15796 3608 12188 2446 2572 4115 5420 761 3130 3091 705 2973 442 985 286 167
is_linear=0
shrinkage=0.03


Tree=151
num_leaves=23
num_cat=0
split_feature=65 7 10 27 55 58 33 54 56 46 4 35 41 63 15 40 64 63 51 4 17 63
split_gain=0.792648 0.79597 0.864714 0.747372 0.712416 0.612954 0.771608 0.621609 0.504164 0.382096 0.365248 0.353024 0.351231 0.250407 0.21953 0.190934 0.128214 0.0792056 0.0482005 0.0209815 0.00551407 0.0110484
threshold=-0.58425262570381153 -0.059489537030458443 -0.066839121282100664 -0.00054419413208961476 -0.010498419404029844 -0.0036285743117332454 0.012758471071720125 0.0020325630903244023 -0.0069029657170176497 -0.0094784609973430616 0.17581072449684146 -0.0059730503708124152 -0.0094663798809051496 0.029068909585475925 -0.037524238228797906 0.024290647357702259 1.115384638309479 -0.016175594180822369 0.006263027898967267 -0.0028685019351541992 0.017025717534124855 0.0024219052866101269
decision_type=2 2 2 2 2 2 2 2 2 2 2 2 2 2 2 2 2 2 2 2 2 2
left_child=11 4 3 8 12 6 -4 -7 -3 18 -11 20 14 15 -2 17 -14 -13 -6 -5 -1 -22
right_child=1 2 5 19 9 7 -8 -9 -10 10 -12 13 16 -15 -16 -17 -18 -19 -20 -21 21 -23
leaf_value=0 0 0 -0.0040176092865348272 0.00083917336116883694 0.0011030562017727641 -9.4193050183237459e-05 0.0017471895976647423 0.0032199256140751915 0.010448640229263974 -0.0085119995460178188 0 0 -0.0038731543847102803 0 0.0071117031913301414 0 0 -0.010265765626386437 -0.0020227256879912564 -0.00097962177184280665 0 0.0015683263820340622
leaf_weight=1.0551602597042813 0.47550222805875808 1.5090828841275676 48.503332621356094 5.0481022680469341 6.5765992601373018 87.026767790892336 21.987959158570447 79.550977762926777 15.035884735254514 19.18854649367859 1.3401411689410441 0.49047022754529912 3.4980066613134095 0.62288846864248704 5.2189904951519566 0.32381762750446874 3.4661753578984644 8.8662030886043741 2.1600721612885536 7.3036593843280535 0.32965084659372212 1.0602969508327076
leaf_count=699 50 160 5416 458 607 7769 1815 6096 655 2787 46 83 546 39 181 74 164 2934 390 560 95 191
internal_value=0 0.00034984 0.00105335 0.00559477 -0.00311056 0.000271729 -0.00182541 0.00136136 0.00897032 -0.00561402 -0.0074682 -0.00616737 0.000929081 -0.00805452 0.00546379 -0.0091093 -0.00100517 -0.00983973 0 0 0 0.00088127
internal_weight=320.638 307.89 265.966 28.8967 41.924 237.069 70.4913 166.578 16.545 29.2654 20.5287 12.7485 12.6587 10.3034 5.69449 9.68049 6.96418 9.35667 8.73667 12.3518 2.44511 1.38995
internal_count=31815 27700 22929 1833 4771 21096 7231 13865 815 3830 2833 4115 941 3130 231 3091 710 3017 997 1018 985 286
is_linear=0
shrinkage=0.03


Tree=152
num_leaves=31
num_cat=0
split_feature=69 11 55 45 67 10 13 13 49 50 46 17 61 7 43 50 42 37 55 32 3 30 7 0 11 58 11 6 3 34
split_gain=0.813911 0.876148 0.777912 1.00863 0.848777 0.906062 0.751201 0.718967 0.62027 0.602488 0.805618 0.805459 0.473476 0.544785 0.471786 0.455581 0.424595 0.361149 0.350668 0.342675 0.306707 0.280316 0.212606 0.147542 0.0935533 0.080169 0.070308 0.00596036 0.00096019 8.78735e-05
threshold=-0.23336618393659589 0.037809073925018317 0.01042577810585499 0.0094714146107435244 -0.42433163523674006 -0.025412112474441525 -0.011667250655591486 -0.032665260136127465 -0.0068773515522480002 -0.00099243409931659677 0.0069039314985275277 0.0057455911301076421 -0.014187569729983805 0.031319811940193183 0.0081793405115604418 -0.0035651698708534236 0.0054933149367570886 -0.033239882439374917 -0.008015442639589308 -0.0034189876168966289 0.088494762778282179 -0.013616267591714857 -0.0051956176757812491 0.18050030618906024 0.04212062060832978 -0.017164960503578183 -0.028876680880784985 0.053242474794387824 -0.12791515141725537 0.0017702248878777029
decision_type=2 2 2 2 2 2 2 2 2 2 2 2 2 2 2 2 2 2 2 2 2 2 2 2 2 2 2 2 2 2
left_child=1 6 4 8 9 14 7 19 22 11 -11 -2 29 -14 -6 -7 18 -10 28 -1 -9 -20 -4 27 -18 -26 -25 -5 -3 -8
right_child=2 16 3 23 5 15 12 20 17 10 -12 -13 13 -15 -16 -17 24 -19 21 -21 -22 -23 -24 26 25 -27 -28 -29 -30 -31
leaf_value=0 -0.001856247846032984 0 0.0030672720058646553 -0.00074090487268665798 0.0071943749471904744 -0.0024168966613126348 0.00010099727917443499 0.0047469209054977254 0 -0.0067307760163249093 0.0010194905103105107 0.0052744469167947906 -0.010543295237729667 0 0 0.0021384027458776753 0 -0.010880287530822676 0 -0.0082065164080055864 -0.0003005315262634061 0.0082034121473228087 -0.0032493461174412414 0 0 -0.0043907071550083774 0.0049125176751719148 0 -0.00036529891377274542 0
leaf_weight=3.7734100669258641 20.024631818010675 1.0837259185209407 4.7060648522383417 4.7721499539111383 44.454874925020704 20.543591963236395 2.7532017569319609 15.33267477825939 0.94367350968240948 21.510009199999335 9.7263194224724412 20.706920913034992 20.744877778983213 7.1590292240180124 11.099347171410043 56.089339466601814 0.65525675287062668 12.008842562696374 2.2721780666252007 6.4733276755832776 2.3028802186563544 9.5814446078074962 4.4740441881222068 2.6046194565133192 0.6881953755946596 4.8105812633220921 5.8413910554809245 1.2159083961596477 1.4759393313652278 0.55377198286441842
leaf_count=837 2094 21 339 526 2012 2013 258 1263 78 2369 816 1235 4055 899 956 4642 57 1452 276 1818 680 924 432 83 65 694 225 139 403 154
internal_value=0 -0.00253678 0.000874017 -0.00263243 0.00169342 0.00312324 -0.00445019 0 -0.00645416 -0.000575327 -0.00368193 0.00129315 -0.00732967 -0.00848965 0.005938 0.000476491 0.00158255 -0.00969808 0.00461454 -0.00551829 0.00284167 0.00657678 0 0.00183682 -0.00171434 -0.00333799 0.00384084 0 0 0
internal_weight=320.382 79.6605 240.722 36.5667 204.155 132.187 59.0932 27.8823 22.1326 71.9679 31.2363 40.7316 31.2109 27.9039 55.5542 76.6329 20.5673 12.9525 14.4133 10.2467 17.6356 11.8536 9.18011 14.4341 6.15403 5.49878 8.44601 5.98806 2.55967 3.30697
internal_count=31815 12404 19411 3274 16137 9623 9964 4598 2301 6514 3185 3329 5366 4954 2968 6655 2440 1530 1624 2655 1943 1200 771 973 816 759 308 665 424 412
is_linear=0
shrinkage=0.03


Tree=153
num_leaves=27
num_cat=0
split_feature=41 67 50 65 61 22 15 62 59 57 44 19 60 22 65 0 32 25 66 47 0 39 62 5 14 33
split_gain=0.776359 1.15305 0.883695 1.11083 0.829319 0.596663 1.00307 1.35422 1.01525 0.692386 0.848501 0.59108 0.827734 0.515757 0.57307 0.477046 0.364169 0.349999 0.295251 0.267154 0.238299 0.235075 0.178745 0.146791 0.0209001 0.0165498
threshold=-0.016310639679431912 -0.57775115966796864 0.0051712840795516976 2.3393701314926152 -0.0053312755189836017 -0.019037814810872074 -0.025843031704425808 0.00096701830625534068 -0.0023446567356586452 -0.004969061352312564 0.012459687888622286 0.010289430618286135 0.0053336080163717279 -0.031106412410736081 -0.48823863267898554 -0.26484654843807215 -0.0098345950245857221 -0.01079709082841873 0.14397760480642322 -0.015482785180211065 -0.10020759701728819 -0.0035512708127498622 -0.01689907535910606 0.029066678136587146 0.077182270586490645 0.0038886517286300664
decision_type=2 2 2 2 2 2 2 2 2 2 2 2 2 2 2 2 2 2 2 2 2 2 2 2 2 2
left_child=1 21 5 4 18 9 8 -8 -7 20 -11 12 17 -13 -15 -6 23 -3 -4 -14 -2 -1 -23 -5 -24 -18
right_child=2 11 3 16 15 6 7 -9 -10 10 -12 13 19 14 -16 -17 25 -19 -20 -21 -22 22 24 -25 -26 -27
leaf_value=0 0.00037143796907770286 0 -0.0036625631133885574 0 0 0.0064979578768173526 0.000114324598559561 -0.0065598654384613686 -0.00076471232441333373 0.0080752593810953753 -0.00031753260421002488 0 0 0 0.011182121666144434 -0.0084957065890301862 0 -0.0056688364645627789 0.0018837348822737989 0.0067254264948290246 -0.0046430377936855938 0 -0.0085142198493734812 0.0082058885552518911 0 -0.0013825220948199242
leaf_weight=3.1724645447829971 6.1873279080937209 7.4001485380504155 9.5282776996536995 0.9161799294524825 3.2022908673388875 24.155247911512561 53.702497047554061 37.399445164614008 25.869775850118458 23.894551692163081 6.6351230161890262 1.6715730563664717 1.6523542015347654 0.72423579548194794 17.697328814545472 35.989355600209819 3.8766538203926739 8.9204850221576653 14.962989733845461 14.522687059834423 5.4533974519872555 1.3824273048230677 3.7078042244756926 3.9015789380355272 0.36018657302338386 2.7927344402123708
leaf_count=353 479 350 1207 44 425 1481 6284 4816 2028 2141 611 191 175 250 825 5855 79 999 1162 570 735 61 407 64 81 142
internal_value=0 0.00290404 -0.000729811 -0.00339226 -0.00509474 0.000263816 -0.000517224 -0.00251216 0.00246875 0.00329139 0.00561887 0.00485269 0.000894231 0.00860518 0.00995754 -0.00756514 0.0029092 -0.00249146 0 0.00550881 -0.000864152 -0.00419729 -0.00657345 0.00689902 -0.00821816 0
internal_weight=319.679 61.2117 258.467 75.1701 63.6829 183.297 141.127 91.1019 50.025 42.1704 30.5297 52.5888 32.4957 20.0931 18.4216 39.1916 11.4871 16.3206 24.4913 16.175 11.6407 8.62288 5.45042 4.81776 4.06799 6.66939
internal_count=31815 4262 27553 8978 8649 18575 14609 11100 3509 3966 2752 3360 2094 1266 1075 6280 329 1349 2369 745 1214 902 549 108 488 221
is_linear=0
shrinkage=0.03


Tree=154
num_leaves=29
num_cat=0
split_feature=3 23 36 46 63 21 18 17 21 5 17 9 32 33 68 26 4 47 33 59 59 46 34 63 31 58 21 63
split_gain=0.761557 0.795666 0.652775 0.648398 1.572 1.17697 1.12534 0.917647 0.869432 0.610671 0.493873 0.451702 0.418201 0.41893 0.41665 0.381306 0.350624 0.348858 0.266503 0.263279 0.236195 0.184541 0.119667 0.0388001 0.0341641 0.00565998 0.000590515 0.000172791
threshold=0.0027532125823199753 0.036090157926082618 0.0124175101518631 0.0078671760857105272 0.0045195855200290689 0.0027712509036064152 0.020585723221302036 -0.0063434215262532226 0.0025882422924041752 0.087813496589660658 0.0064555527642369279 0.12318252772092821 -0.021069937385618683 0.001068919897079468 -0.55687347054481495 0.0083724986761808413 -0.12886754423379895 0.0021158922463655476 -0.016503589227795597 -0.010780397802591322 0.0034850127995014195 -0.021057246252894398 -0.014342122711241244 0.0015349537134170534 0.044902935624122627 -0.0031702704727649684 0.059761554002761848 0.0015349537134170534
decision_type=2 2 2 2 2 2 2 2 2 2 2 2 2 2 2 2 2 2 2 2 2 2 2 2 2 2 2 2
left_child=1 3 9 5 8 6 -1 -7 -5 11 12 16 -3 -14 19 17 -2 -16 -6 -4 22 -22 -11 -17 -21 26 -12 -13
right_child=2 10 14 4 18 7 -8 -9 -10 20 25 27 13 -15 15 23 -18 -19 -20 24 21 -23 -24 -25 -26 -27 -28 -29
leaf_value=-0.0056677753308482671 0 0 0 0.0083862378915453128 0 -0.0021209454954131627 0.0006930871777906057 0.0044091806972877809 0 0 -0.00090631377494584605 0 0.01113107080790768 0 0.0078541287102595926 -0.0020043557519247557 -0.0072893682196017604 0 -0.0054324988948813348 -0.0068660252638160849 0 0.0056610725780217048 -0.003913649039426685 0 0 0 0 0.00015044002072585363
leaf_weight=54.714414858601231 4.5939462749738587 0.76810884912266075 0.78951723675709207 29.228622675327642 3.1895309274987076 21.15204187794734 28.546611267403932 43.801414664856566 14.282981600641504 1.7292052178163428 1.8485708520529445 0.2716212700324826 11.990968197704207 6.1565054208767824 9.45997546533909 3.6921101528496347 39.112464300120337 7.6051810419521635 12.369451103808386 3.8110186024641766 0.57370594309759315 5.8414959509245818 4.0697099161261558 4.3481435480134678 0.11779659985040769 3.3939640582248094 0.28979100345168252 1.8712772161525206
leaf_count=4770 635 180 90 1374 272 2312 1463 2485 1251 230 159 71 362 344 838 516 10035 707 1067 937 48 364 476 404 15 175 23 212
internal_value=0 0.000903262 -0.00230206 9.5985e-05 0.00274488 -0.000819048 -0.00323129 0.00185419 0.00578727 -0.00412337 0.00555068 -0.00564753 0.00751816 0.00864052 0.000465247 0.00279301 -0.00645325 0.00511823 -0.00364238 -0.00389811 0 0.00398591 -0.00170023 0 -0.00656329 0 -0.000844753 0
internal_weight=319.62 231.733 87.8872 207.285 59.0706 148.214 83.261 64.9535 43.5116 58.0634 24.4479 45.8493 18.9156 18.1475 29.8237 25.1054 43.7064 17.0652 15.559 4.71833 12.2141 6.4152 5.79892 8.04025 3.92882 5.53233 2.13836 2.1429
internal_count=31815 16237 15578 14994 3964 11030 6233 4797 2625 12071 1243 10953 886 706 3507 2465 10670 1545 1339 1042 1118 412 706 920 952 357 182 283
is_linear=0
shrinkage=0.03


Tree=155
num_leaves=28
num_cat=0
split_feature=69 1 12 36 41 57 17 41 36 61 24 59 56 22 7 47 67 16 45 16 2 59 24 27 37 6 63
split_gain=0.770461 0.93968 0.781031 0.804919 0.871416 0.804616 0.618852 0.697812 1.01572 0.515887 0.624731 0.616857 0.417506 0.382239 0.342758 0.270018 0.262311 0.425315 0.245163 0.178617 0.175486 0.167159 0.121496 0.108479 0.0786128 0.0535667 0.0430187
threshold=-0.23336618393659589 -0.21581314504146573 -0.019899653270840641 -0.014686334878206251 0.0079605802893638628 0.010055223479866983 -0.050751313567161553 0.0078443884849548357 0.0053399503231048593 -0.017745075747370716 -0.005550052970647811 0.010701458901166918 -0.0050350865349173537 -0.027650311589241024 -0.048196319490671151 0.012847537174820902 0.055199053138494499 -0.01242292672395706 0.0074738399125635633 0.0080599039793014544 0.077877081930637373 -0.022846926003694531 -0.04137760400772094 0.0058022290468215951 -0.012166691944003103 0.05997061729431153 0.0044044395908713349
decision_type=2 2 2 2 2 2 2 2 2 2 2 2 2 2 2 2 2 2 2 2 2 2 2 2 2 2 2
left_child=1 14 6 16 5 -5 19 8 -8 25 11 -11 -9 -6 23 21 17 -4 -12 22 -17 -16 -2 -1 -18 26 -3
right_child=2 9 3 4 13 -7 7 12 -10 10 18 -13 -14 -15 15 20 24 -19 -20 -21 -22 -23 -24 -25 -26 -27 -28
leaf_value=0.0076150019624419574 0 0.0035851190595314456 0 0.0054090237448926404 0.0025527066656965722 -0.00070689147616224935 -0.0085470979648923154 -0.0030987552879218512 0 -0.011560227375842082 -0.003401998863501194 0 0.0038232613264695273 -0.0028874685964455108 0 0 -0.00032210237610610573 -0.0071149341281992297 7.363165470372064e-05 0 0.0050402374523111984 -0.0044417667537268116 0.0064315016523510708 0 0.0025480302019804855 0 0
leaf_weight=3.3694599394220885 1.2907745141274061 2.2413293548670481 4.9594503707558024 91.645455251316889 11.337614714611844 12.582489480599177 23.009447587366594 4.4078384712520373 24.146260566798446 15.72576532517269 21.680661171201791 3.5249285236968708 15.564706456782003 23.904209307664132 1.2641650548612258 0.84290319885621912 3.32298122314387 9.6090503157247458 13.327743264348099 1.7875557643928912 5.234445679547207 9.7699828083132143 6.1363560508398205 0.76714211438229529 5.7644855312391865 0.92785244587139448 0.41913217146793602
leaf_count=128 104 169 457 6067 645 964 3033 670 1882 4098 4220 490 1359 2086 57 221 379 887 1881 129 146 750 289 73 460 99 72
internal_value=0 -0.00247692 0.000852043 0.00208039 0.00303575 0.00439749 -0.00137036 -0.0026829 -0.00465883 -0.00451724 -0.00541963 -0.0095562 0.000779723 -0.000292106 0.00173724 0 -0.00205216 -0.00426982 -0.00148514 0.00366125 0.00303533 -0.00296498 0.00531684 0.00651411 0 0.000845982 0.00266378
internal_weight=318.564 79.0955 239.469 163.126 139.47 104.228 76.3429 67.1283 47.1557 57.8474 54.2591 19.2507 19.9725 35.2418 21.2481 17.1115 23.656 14.5685 35.0084 9.21469 6.07735 11.0341 7.42713 4.1366 9.08747 3.58831 2.66046
internal_count=31815 12404 19411 11945 9762 7031 7466 6944 4915 11029 10689 4588 2029 2731 1375 1174 2183 1344 6101 522 367 807 393 201 839 340 241
is_linear=0
shrinkage=0.03


Tree=156
num_leaves=24
num_cat=0
split_feature=65 7 55 5 53 21 58 42 54 31 5 34 0 48 39 16 68 34 25 28 46 68 68
split_gain=0.723781 0.679815 0.826387 0.791935 0.798053 0.979556 0.579155 1.10772 0.800368 0.405474 0.417953 0.386678 0.379138 0.333248 0.116477 0.0856309 0.0894402 0.0814603 0.0553928 0.0239969 0.00737711 0.0253144 0.0239175
threshold=-0.58425262570381153 -0.060721646994352334 -0.010498419404029844 0.058728424832224853 -0.006437482312321662 0.013193249702453615 -0.0004249811172485351 0.0070751495659351358 0.0010204762220382693 -0.022792533971369263 0.13136139512062076 0.019224157556891445 -0.25821663439273829 0.015521530993282797 -0.036833656951785081 0.10234722495079042 2.8687882423400883 -0.018862105906009671 0.009625919163227083 -0.011540936306118963 -0.006357155740261077 2.6216152906417851 0.1849477216601372
decision_type=2 2 2 2 2 2 2 2 2 2 2 2 2 2 2 2 2 2 2 2 2 2 2
left_child=12 2 11 6 13 -6 7 -3 -8 18 -11 17 20 -5 -14 16 -16 -2 -4 -13 -1 22 -22
right_child=1 3 9 4 5 -7 8 -9 -10 10 -12 19 14 -15 15 -17 -18 -19 -20 -21 21 -23 -24
leaf_value=0 0 -0.0043213780300293651 -0.0015030468523852156 -0.0041000786892498725 0.0072209068103150096 -0.00058799418980914474 -0.00071908788866653335 0.0022592377780865191 0.0038797264310673177 -0.008904854990713678 0 0 0 0.0020640197487146752 -0.0095000338148640787 0 0 -0.0026569334254965527 0.0018871166901244271 0.0072339997091632876 0 0 0.0027402210840824564
leaf_weight=1.0931026167054372 3.5074988049600497 56.145000368152978 2.460797974017626 10.964338693476746 44.091181035069894 10.085063510297912 56.622353618229681 26.365399990019796 55.105286579419044 18.002993123114724 3.5985454551846479 0.48456825350149335 0.18263364855374575 4.9246828061004626 8.5202117602602758 0.14635006275784768 0.082963500201004403 5.3854931265886981 4.2660851912078215 2.9110056287390753 0.382364447297732 0.30529428197769437 1.7851174196912323
leaf_count=465 178 6401 316 973 2166 838 5235 2439 4783 2873 330 52 62 176 2965 14 30 559 266 115 167 160 252
internal_value=0 0.000335153 -0.00289987 0.000988306 0.00360543 0.00533344 0 -0.00186685 0.00136112 -0.00570034 -0.00737761 0.00160222 -0.00593613 -0.000716659 -0.00829147 -0.00879124 -0.00915329 0 0 0.00683651 0 0.000942591 0.00202608
internal_weight=317.418 304.92 40.617 264.303 70.0653 54.1762 194.238 82.5104 111.728 28.3284 21.6015 12.2886 12.498 15.889 8.93216 8.74953 8.60318 8.89299 6.72688 3.39557 3.56588 2.47278 2.16748
internal_count=31815 27700 4689 23011 4153 3004 18858 8840 10018 3785 3203 904 4115 1149 3071 3009 2995 737 582 167 1044 579 419
is_linear=0
shrinkage=0.03


Tree=157
num_leaves=28
num_cat=0
split_feature=41 4 64 29 29 4 12 29 12 15 8 52 36 6 35 27 6 55 4 55 8 56 36 36 41 9 56
split_gain=0.723665 1.45422 0.896051 0.994386 0.884022 0.882034 0.772389 0.809996 0.830626 0.666663 0.636577 0.577758 0.508698 0.68452 0.454025 0.420063 0.398305 0.266744 0.220155 0.205949 0.192369 0.100754 0.100015 0.0913226 0.0780745 0.192278 0.0754913
threshold=-0.016310639679431912 -0.075504198670387254 0.57692310214042675 1.0000000180025095e-35 0.0040819700807333001 0.095501922070980086 0.039102297276258476 0.0048237964510917672 -0.050620242953300469 -0.053232081234455102 0.12550949305295947 0.010028272867202761 0.00060284137725830089 -0.079986900091171251 -0.031603462994098656 -0.011807594448328016 -0.052495628595352166 -0.013066150248050688 -0.1711405664682388 -0.021474964916706082 0.0014958009123802187 0.013033339753746988 0.032927282154560096 0.010830834507942201 -0.018904924392700192 0.08099189400672914 -0.0042320461943745604
decision_type=2 2 2 2 2 2 2 2 2 2 2 2 2 2 2 2 2 2 2 2 2 2 2 2 2 2 2
left_child=1 18 3 10 5 14 7 8 -4 20 11 -2 13 -5 -3 -14 -11 -9 -1 -20 -8 -7 -21 -12 25 -6 -26
right_child=2 4 6 12 24 21 9 17 -10 16 23 -13 15 -15 -16 -17 -18 -19 19 22 -22 -23 -24 -25 26 -27 -28
leaf_value=0 -0.0072943448823891092 0 0 0.0024883297041912128 -0.0044401111956641386 -0.003600451111446825 0.0035274528833738623 0.0018688737985693175 0.0066300791118882136 0 0 0 0.0053799991085294015 -0.0052392167715433037 0.010415887217680211 0 -0.0069831304479679628 -0.0031244429119530403 0 -0.0088603753058167298 -8.3536855856891035e-05 0 0 0.0034015478579174523 0 0 0.0026777349045974232
leaf_weight=2.7214076559903333 47.475774976832327 3.6578412421949897 13.027776676230131 6.0796485461869478 6.5809625277797767 1.9950533847440954 12.595279779983686 4.9413964821724248 43.318604642176069 7.8771396803931593 0.82987152997520697 9.5871157673391263 14.500830725773993 24.833469692151994 26.968547893564395 29.555392757862137 16.801324419750017 18.041877031908371 1.0011810046271419 5.6034299822058511 3.8067144661326884 2.2169003808376146 0.26858459154027503 3.0332213885340025 1.4862834196392212 1.6910951955651397 6.5679809944485879
leaf_count=113 8060 142 436 631 926 283 333 215 1807 356 175 1301 1240 5340 1516 4346 1663 1151 33 639 220 134 8 279 145 99 224
internal_value=0 0.00281299 -0.000707909 -0.0024051 0.00511634 0.0075416 0.000987858 0.00281241 0.00473676 -0.00180732 -0.00509289 -0.00605062 0 -0.00274925 0.00926726 0.0019492 -0.00487265 -0.000836707 -0.00495916 -0.00684968 0.00146392 0 -0.00826362 0.00110174 0 -0.00204057 0.00107205
internal_weight=317.065 60.7593 256.305 135.895 51.1647 34.8383 120.41 79.3297 56.3464 41.0805 60.926 57.0629 74.9693 30.9131 30.6264 44.0562 24.6785 22.9833 9.5946 6.8732 16.402 4.21195 5.87201 3.86309 16.3263 8.27206 8.05426
internal_count=31815 4262 27553 21372 3469 2075 6181 3609 2243 2572 9815 9361 11557 5971 1658 5586 2019 1366 793 680 553 417 647 454 1394 1025 369
is_linear=0
shrinkage=0.03


Tree=158
num_leaves=31
num_cat=0
split_feature=11 6 27 20 37 63 17 38 52 11 13 59 32 16 14 55 34 2 25 43 13 52 35 62 0 59 65 64 8 35
split_gain=0.863881 1.04522 1.03961 1.02594 0.709006 0.684531 0.675379 0.754926 0.672949 0.639705 0.636232 0.606476 0.542522 0.512173 0.507413 0.387071 0.349048 0.300284 0.291509 0.255207 0.180784 0.152351 0.122048 0.119772 0.0837818 0.110578 0.0810129 0.0768168 0.0283643 0.00441839
threshold=-0.023658759891986843 -0.047204777598381036 0.0030954368412494664 0.015539723448455335 -0.00062806066125631322 0.0042550610378384599 0.018452299758791927 -0.01788379997014999 -0.0014873649924993513 0.048539819195866592 -0.069961022585630403 0.010701458901166918 -0.021712070330977436 0.030218087136745456 0.057942718267440803 0.0029974319040775303 0.022912028245627884 -0.14107136428356168 -0.01079709082841873 -0.0068026641383767119 0.048825096338987357 0.0034632124006748204 -1.0000000180025095e-35 0.013541270047426225 -0.012515848502516745 0.010974017903208734 0.26895724236965185 2.730769276618958 0.059446983039379127 -0.013044502586126326
decision_type=2 2 2 2 2 2 2 2 2 2 2 2 2 2 2 2 2 2 2 2 2 2 2 2 2 2 2 2 2 2
left_child=3 2 6 10 8 15 7 -2 18 -10 24 13 29 -6 -14 17 -13 -5 -3 22 -21 -8 -4 27 28 -26 -17 -7 -1 -12
right_child=1 4 19 5 11 23 21 -9 9 -11 12 16 14 -15 -16 26 -18 -19 -20 20 -22 -23 -24 -25 25 -27 -28 -29 -30 -31
leaf_value=-0.0019902077245423371 0 0.0023134715786122164 0.0042217249601764067 0 -0.0015191688256198173 -0.0054960548249437099 -0.0025737271911162258 0.010139500438005464 -0.008039646071486297 0 0 0.0071528106886270355 -0.0085377262420296765 0.0037737185129234005 0 -0.0028552159502105764 0 0.0075295532176684532 -0.0021572070753853182 -0.0045055017826144397 0 0.002286826314446498 0 0 0.0041104382303774577 0 0.00091141169646579649 0 0 0.00069076907166815181
leaf_weight=1.5726597448010582 2.1517376612937396 21.304641725975671 4.9518087665928761 1.5590538682663453 52.369389770177804 7.4237886196206073 3.6864394249278112 27.883300892375701 20.454485913629473 9.8984514756957633 0.71895249986118859 15.320944947518003 35.837996870777715 18.071127874296508 3.2950728068535673 2.6227876833909232 2.9128501331579164 13.612522114897731 21.124623048475769 11.010669201255952 5.6693374247188322 10.2166324386053 1.0962392544606725 4.0794074925688619 5.3231983096702598 0.6041127503485767 7.9638305721018696 0.20712655410170544 0.4365247639507287 3.3337473118663175
leaf_count=265 215 1506 333 270 6270 883 376 2118 2862 1034 145 1119 5055 1317 314 643 268 927 2556 1401 250 335 255 172 304 68 187 5 38 324
internal_value=0 0.000977438 0.00401963 -0.00243467 -0.00018148 0.000666661 0.00654044 0.00878079 -0.00244211 -0.00550029 -0.00509913 0.00138505 -0.00649362 0 -0.00755664 0.00376758 0.00558815 0.00623814 0 -7.23163e-05 -0.00273612 0 0.00247228 -0.00344528 0 0.00261805 0 -0.00492319 -0.000268675 0
internal_weight=316.713 228.123 66.6662 88.5908 161.457 37.4685 43.9381 30.035 72.7822 30.3529 51.1223 88.6743 43.1858 70.4405 39.1331 25.7582 18.2338 15.1716 42.4293 22.7281 16.68 13.9031 6.04805 11.7103 7.9365 5.92731 10.5866 7.63092 2.00918 4.0527
internal_count=31815 22215 5283 9600 16932 3087 3044 2333 7958 3896 6513 8974 5838 7587 5369 2027 1387 1197 4062 2239 1651 711 588 1060 675 372 830 888 303 469
is_linear=0
shrinkage=0.03


Tree=159
num_leaves=31
num_cat=0
split_feature=11 44 33 66 22 28 57 4 41 28 2 5 16 52 2 66 49 63 26 44 55 41 48 27 53 2 21 55 52 31
split_gain=0.831272 0.835948 1.32155 0.580061 0.568315 0.565435 0.588904 0.550862 0.850385 0.530156 0.493295 0.464669 0.421721 0.709811 0.392646 0.37402 0.302634 0.288491 0.388005 0.522578 0.19011 0.175216 0.171468 0.147639 0.113298 0.108719 0.110099 0.0110404 0.00677078 7.15925e-06
threshold=-0.023658759891986843 0.0079384408891201037 -0.0014643184840679167 -0.94151067733764637 -0.030146460980176922 -0.0066498769447207442 -0.012833587825298308 -0.022779427468776699 -0.014295667409896849 -0.0037924597272649403 0.047631807625293739 -0.11817044764757155 0.08720532059669496 -0.009399928152561186 -0.06223760545253753 0.32079990208148962 0.015601404011249544 0.0061167059466242799 -0.0012121759355068205 0.0068262778222560891 0.0069317128509283074 -0.00043225288391113276 0.0078950012102723139 -0.00054419413208961476 0.00011733034625649454 -0.15665750205516812 0.048108130693435676 0.014685831964015962 -0.00591369904577732 0.044902935624122627
decision_type=2 2 2 2 2 2 2 2 2 2 2 2 2 2 2 2 2 2 2 2 2 2 2 2 2 2 2 2 2 2
left_child=5 4 3 29 10 17 21 9 -9 -6 14 -5 13 -8 -2 20 -17 18 23 -20 -4 27 -12 -1 -23 -19 -27 -7 -14 -3
right_child=1 2 15 11 7 6 12 8 -10 -11 22 -13 28 -15 -16 16 -18 25 19 -21 -22 24 -24 -25 -26 26 -28 -29 -30 -31
leaf_value=-0.0038762099844821857 0 -3.2336658069997275e-05 0.0029671813942753569 0 0.0029623858378265253 -0.001226022331495488 0 0.001866918616898511 -0.0046501271884990805 -0.0019607183465179473 -0.0036014465510161497 0.0088935988773089641 0 -0.0085849625943127637 0.0081235910227549987 -0.0069231237947830941 0 0 0.0059635456829106575 -0.0014236132525308487 -0.00074197455447964716 0.0055869976834401237 0.0014183776519092065 0 0 -0.0059894788077689779 0 0 0.00095078383081308919 0
leaf_weight=5.2692809991640388 3.0103697902995927 1.1619696954003291 17.673976954662074 0.78234120960405462 38.999268759362167 1.6104338553814157 12.555553414116728 14.647570368069863 56.053906930814264 25.101865909797198 5.3451314330231963 34.130140126893821 0.33734758161881506 30.069459785721847 12.535448084825475 7.0121668901301728 1.6697036798577753 0.8353840172785566 19.822865768768683 2.2968590628697703 4.4626628559926749 3.5292488948143723 5.0110127205698518 3.9960395323905704 0.38345700526770077 4.9542168498192032 0.65993987554975309 0.27823289696243581 1.7408939039596578 0.10189422714756791
leaf_count=685 389 317 1622 247 2413 248 985 1084 7371 3189 616 2317 90 4259 921 821 113 115 1195 307 527 160 255 471 85 820 45 23 112 13
internal_value=0 0.000959384 0.00366277 0.00723399 -6.30785e-05 -0.0023918 -0.00433459 -0.00104366 -0.00286953 0.000597986 0.00341254 0.00818949 -0.00561364 -0.006392 0.0062549 -0.000116385 -0.00470882 0 0.00165353 0.00396923 0.00111498 0.000780141 0 -0.0012254 0.00429311 -0.0037401 -0.0049303 0 0 0
internal_weight=316.039 227.699 66.9949 36.1763 160.705 88.3392 50.5046 134.803 70.7015 64.1011 25.902 34.9125 44.7033 42.625 15.5458 30.8185 8.68187 37.8346 31.385 22.1197 22.1366 5.80137 10.3561 9.26532 3.91271 6.44954 5.61416 1.88867 2.07824 1.26386
internal_count=31815 22215 5977 2894 16238 9600 5962 14057 8455 5602 2181 2564 5446 5244 1310 3083 934 3638 2658 1502 2149 516 871 1156 245 980 865 271 202 330
is_linear=0
shrinkage=0.03


Tree=160
num_leaves=27
num_cat=0
split_feature=41 4 67 64 36 6 4 68 31 47 21 12 58 48 69 32 49 45 68 63 56 1 49 14 21 56
split_gain=0.82311 1.44306 1.08898 0.809659 0.968355 0.973624 1.00945 0.674113 0.785895 0.603556 0.806728 0.595803 0.891079 0.575282 0.504572 0.712016 0.486922 0.269892 0.253169 0.219685 0.176026 0.14918 0.0866494 0.0299473 0.0250529 0.00407581
threshold=-0.016310639679431912 -0.075504198670387254 -0.57775115966796864 0.57692310214042675 0.00060284137725830089 -0.08369311690330504 -0.12886754423379895 -0.43265412747859949 -0.011530430987477301 -0.015007054433226584 0.010872483253479006 0.039102297276258476 -0.0036712214350700374 0.0066498620435595521 0.44480906426906591 -0.0053941132500767699 -0.00066104531288146962 0.022334809415042404 -1.0000000180025095e-35 -0.0027864389121532436 0.0077140163630247125 0.030472695827484134 0.028866339474916462 0.10961431264877321 0.033998295664787299 0.018104666844010357
decision_type=2 2 2 2 2 2 2 2 2 2 2 2 2 2 2 2 2 2 2 2 2 2 2 2 2 2
left_child=1 19 21 4 5 20 -7 17 -9 24 -11 12 13 -5 15 -13 -14 -6 -16 -1 -2 -3 25 -23 -4 -21
right_child=3 2 9 11 7 6 -8 8 -10 10 -12 14 16 -15 18 -17 -18 -19 -20 22 -22 23 -24 -25 -26 -27
leaf_value=0 0.0026819439689957374 0 -0.0016667295224660865 -0.0049588028049598809 -0.0067519674943278393 0.00076045050855447585 -0.0087197233224028774 -0.0031704999368865807 0.003442303132323929 0.011120137469411184 9.6176770289905004e-05 0 0 0.0025854164088931464 0.0036017715389526409 -0.009398688893827039 0.0065133136240796375 0 -0.0011048729405440294 -0.0082827960826483225 -0.0021431428920119277 -0.0052248231989803053 0 0 0 0
leaf_weight=4.512727393212117 11.873587119538568 3.7687678412185042 3.116525191369873 15.398465036138079 11.08402911626399 4.9676167127036015 40.243531466006971 14.808121537604164 47.706336579463823 25.381619550287724 14.722045960985268 11.602895705233097 21.982837656047195 6.68165281513211 12.069737766782056 8.5560327908460732 34.845659950253321 1.2025206234975474 8.7174091406632197 3.8758465861610585 3.0675347950855203 2.8347855289612203 0.58506142740952771 0.096854211136815027 1.3177816415991399 0.51698400930035848
leaf_count=339 1005 203 317 1080 2257 592 8800 2284 5896 1272 1010 670 1022 291 465 932 1216 181 505 339 357 559 79 24 84 36
internal_value=0 0.00299915 0.0052675 -0.000758756 -0.00237512 -0.0050492 -0.0071086 0 0.00131275 0.00708667 0.00819766 0.000843177 0.00247045 -0.00151218 -0.00156744 -0.00470381 0.00450023 -0.00532599 0.000633079 -0.00476893 0 -0.00212159 -0.00726939 -0.00485462 0 -0.00802734
internal_weight=315.537 60.729 51.2384 254.808 134.953 60.1523 45.2111 74.801 62.5145 44.538 40.1037 119.855 78.9086 22.0801 40.9461 20.1589 56.8285 12.2865 20.7871 9.49062 14.9411 6.70041 4.97789 2.93164 4.43431 4.39283
internal_count=31815 4262 3469 27553 21372 10754 9392 10618 8180 2683 2282 6181 3609 1371 2572 1602 2238 2438 970 793 1362 786 454 583 401 375
is_linear=0
shrinkage=0.03


Tree=161
num_leaves=31
num_cat=0
split_feature=11 20 49 27 18 12 68 18 47 32 43 50 45 58 23 15 50 42 20 9 28 47 59 53 3 8 17 67 9 11
split_gain=0.780543 1.00783 0.924418 0.78913 1.0646 0.916043 1.11186 0.752455 0.696865 0.601421 0.56163 0.555216 0.66588 0.551607 0.519477 0.514737 0.362627 0.36083 0.290454 0.366548 0.210874 0.202996 0.20273 0.198019 0.149561 0.0962982 0.040105 0.0327786 0.0107777 0.0071831
threshold=-0.023658759891986843 0.015539723448455335 0.012058544903993608 0.0052118822932243356 -0.034287199378013604 -0.024920023046433922 -0.32040575146675104 -0.048458248376846307 0.002352390438318253 -0.022663488984107968 -0.01814866159111261 -0.00063942186534404744 -0.0022367363562807436 -0.000702235847711563 0.026721455156803135 -0.025278434157371518 -0.0002061575651168823 -0.0059050181880593291 0.036650814116001136 0.025953974574804309 -0.013073498848825691 0.0086060520261526125 0.020256079733371738 -0.0040602397639304391 -0.17997038364410398 -0.013683028519153593 -0.019092628732323643 0.055199053138494499 -0.03741160407662391 -0.12042997032403945
decision_type=2 2 2 2 2 2 2 2 2 2 2 2 2 2 2 2 2 2 2 2 2 2 2 2 2 2 2 2 2 2
left_child=1 2 9 4 7 17 -7 23 11 -1 -11 12 -5 -13 15 -10 18 -6 19 -3 28 25 -22 -2 -9 -4 -20 -16 -18 -23
right_child=3 16 21 8 5 6 -8 24 14 10 -12 13 -14 -15 27 -17 20 -19 26 -21 22 29 -24 -25 -26 -27 -28 -29 -30 -31
leaf_value=0 -0.0015310834401222482 0.0083094753360455405 0 0.0067986658790193449 -0.0034713125311405285 -0.00020450109537718971 0.0067257323226656719 0 0 0 -0.0092976185064761775 -0.0066222411578018524 -0.00020809985607370476 0.00049771609151959013 0.0016702717219653654 -0.0085266895345008711 0 0.0017034325951506548 0 0 -0.0056682431806512629 0 0 0.0037389117619587874 -0.0099925717325035513 0.0044815182957069436 -0.0021055476562552053 0 0.0010398120052653066 -0.0022876284704150575
leaf_weight=3.1465226637010337 3.5527010800651615 7.8673663411937076 2.7194217734504482 17.468008823208951 14.573905757584724 17.383763102043304 68.78497611741841 0.46738331604865369 11.151849425841649 3.0913369372246953 32.743741149239213 8.2818443611358834 10.06078392772906 13.15647676829394 5.5744561507090102 17.490987832727114 0.46858120380056778 25.63100287157431 3.2979453851730796 9.4776779095554939 8.2180735808979044 0.1427360706438775 0.83881213598942928 6.3142850274962248 5.6089029455979462 7.160037192508752 3.1416228987109198 1.3195347616019715 3.971344756675534 1.3573790085465578
leaf_count=390 356 645 177 1293 1299 1776 5050 20 826 330 4838 1558 1340 1427 438 2586 76 2563 164 422 1141 23 46 627 792 577 361 264 232 178
internal_value=0 -0.0023276 -0.00500306 0.000930177 0.00233452 0.00339422 0.00506402 -0.00343768 -0.00109806 -0.00709828 -0.00821725 0.000754154 0.00367731 -0.0018503 -0.00416855 -0.00590208 0.000741246 0 0.00321301 0.00499972 -0.00168377 0.000318587 -0.00415113 0 -0.00913704 0.00325403 0 0 0 -0.0020307
internal_weight=314.463 87.6426 50.3612 226.821 142.317 126.374 86.1687 15.9433 84.5039 38.9816 35.8351 48.9671 27.5288 21.4383 35.5368 28.6428 37.2814 40.2049 23.7846 17.345 13.4968 11.3796 9.05689 9.86699 6.07629 9.87946 6.43957 6.89399 4.43993 1.50012
internal_count=31815 9600 6513 22215 12483 10688 6826 1795 9732 5558 5168 5618 2633 2985 4114 3412 3087 3862 1592 1067 1495 955 1187 983 812 754 525 702 308 201
is_linear=0
shrinkage=0.03


Tree=162
num_leaves=26
num_cat=0
split_feature=60 6 46 46 65 12 38 30 46 52 12 65 27 67 38 13 30 31 12 9 31 8 3 67 43
split_gain=0.658784 1.04612 0.543609 0.877596 0.711638 0.673646 0.762535 0.708906 0.488098 0.463065 0.452925 0.523739 0.563372 0.410473 0.396005 0.400064 0.391592 0.338402 0.325365 0.311326 0.131109 0.0544821 0.0812938 0.0480439 0.007379
threshold=0.0091483909636735933 -0.071384653449058519 -0.016319079324603077 0.0078671760857105272 1.3631783723831179 -0.055599100887775414 0.00059991329908370983 -0.034659419208765023 0.011671282351017 0.0080241197720170038 0.040669512003660209 -0.23595214635133741 0.023479945957660679 -0.35555157065391535 -0.0074327662587165824 -0.0051605831831693641 0.017502367496490482 0.037655409425497062 -0.037269674241542809 0.033459205180406577 -0.045748226344585412 0.02870023995637894 -0.11716557294130324 -0.72279942035675038 -0.017099910415709015
decision_type=2 2 2 2 2 2 2 2 2 2 2 2 2 2 2 2 2 2 2 2 2 2 2 2 2
left_child=2 9 10 5 8 7 -7 -4 -5 18 11 24 -13 17 15 -15 -6 20 -2 -16 -3 22 -12 -20 -1
right_child=1 13 3 4 16 6 -8 -9 -10 -11 21 12 -14 14 19 -17 -18 -19 23 -21 -22 -23 -24 -25 -26
leaf_value=0 0 0 0 0.0018959148740719481 0.0061669062797400859 0.00010082604352776165 -0.0040467859733382917 -0.010538820244814836 -0.0033837326628294489 0 0 0.008829066831874741 0 0.0074376170804730394 -0.0040095879482653588 0 0 0 0 0.0016072843101916103 -0.0077611653785776219 0 -0.0039471148615920545 0.011706502231770506 -0.0011100383857284748
leaf_weight=0.20781240953510893 4.6847098577272908 0.84576793077576429 2.1770593340370388 18.927426288770221 22.681683451446592 75.827603875728528 56.764553472305124 13.102524435591475 28.113593399102683 3.4809988109809629 1.7030745699885299 15.590783476371145 2.6777404953172654 9.4655584824358794 9.5483369657122257 2.8207493605477785 3.9282388322753823 2.234256257317611 1.0160073355364172 12.923409183611509 6.7578182962606643 2.458947222417919 3.3216184051052542 10.761181880778162 1.8784440682102346
leaf_count=46 179 54 192 2186 683 7788 7489 1798 3710 206 130 1057 209 589 1490 356 262 107 96 630 1073 141 363 280 701
internal_value=0 0.00258761 -0.000707417 -0.00130907 0.00104388 -0.00267307 -0.00153932 -0.00822694 -0.00070489 0.0075109 0.00263702 0.00497892 0.00686958 0 0.00145134 0.00504602 0.00470692 -0.00438788 0.00921858 0 -0.00684334 -0.000772525 -0.00237371 0.0112324 -0.000508792
internal_weight=313.9 64.5388 249.361 221.523 73.6509 147.872 132.592 15.2796 47.041 19.9429 27.8384 20.3548 18.2685 44.5959 34.7581 12.2863 26.6099 9.83784 16.4619 22.4717 7.60359 7.48364 5.02469 11.7772 2.08626
internal_count=31815 5060 26755 24108 6841 17267 15277 1990 5896 761 2647 2013 1266 4299 3065 945 945 1234 555 2120 1127 634 493 376 747
is_linear=0
shrinkage=0.03


Tree=163
num_leaves=29
num_cat=0
split_feature=69 1 11 12 25 57 31 44 17 23 7 31 62 44 7 23 62 47 39 12 3 25 8 8 27 33 16 0
split_gain=0.818129 0.920512 0.744563 0.788225 0.914268 0.991093 0.676237 0.644882 0.706137 0.572912 0.558284 0.54021 0.54444 0.447153 0.379151 0.299983 0.291598 0.225404 0.182947 0.165026 0.161201 0.146298 0.142548 0.139249 0.0654272 0.0575119 0.0516856 0.02397
threshold=-0.23336618393659589 -0.21581314504146573 -0.046584662050008767 -0.019899653270840641 -0.0177784189581871 0.010721515864133837 0.019927026703953746 0.0030005276203155522 -0.050751313567161553 0.013888031244277956 0.022258944809436802 0.040126197040081031 -0.0079742707312107069 -0.0080464854836463911 -0.048196319490671151 -0.067347839474678026 0.0062534175813198098 0.012847537174820902 0.0046603083610534677 0.027477934956550602 0.011010684538632633 -0.014010407030582426 0.019778311252593998 -0.034697771072387688 0.0058022290468215951 -0.01499783620238304 0.033495187759399421 0.28086958825588232
decision_type=2 2 2 2 2 2 2 2 2 2 2 2 2 2 2 2 2 2 2 2 2 2 2 2 2 2 2 2
left_child=1 14 6 7 10 -6 9 8 -4 15 -5 12 19 -14 22 -2 -9 20 -19 -3 -16 -8 24 -23 -1 -13 -11 -27
right_child=2 11 3 4 5 -7 21 16 -10 26 -12 25 13 -15 17 -17 -18 18 -20 -21 -22 23 -24 -25 -26 27 -28 -29
leaf_value=0.0085980875081115363 0 0.0022916387304746282 0.0025633899796145597 -0.0049730899213038795 0.0056555973313674344 -0.0010302636312867239 0 0.0037815669441339053 -0.005219923619342804 -4.1162579871496391e-05 0.0020061077422372391 0 -0.00061267912360572915 -0.009582145429879731 -0.0043620948658939654 -0.0078132517960830834 -0.00050658869135404333 0 0.0048773154941267986 -0.0028013092322148768 0 0 0 0.0055885935649832965 0 0.0033191417714369263 0.002447885263765816 0
leaf_weight=3.0509696883018509 0.74175213550916197 7.3683859309785458 5.3092452465280067 13.638477754029738 87.744661949313013 14.621803290407113 2.4254929057569825 23.548521420128967 32.347411619408376 6.2671342714165785 11.971384205193315 0.55948313054250354 16.41576653891752 24.091030587384015 9.8176148869097251 20.815763442933534 6.4528640611169967 1.2623102827274113 4.6959416728568613 5.649388544868998 1.0081242694286618 1.532397410541307 0.50818300955870643 5.4367278576537483 0.6542051378492032 2.4540109152731016 2.7598169516131748 0.3991167517233406
leaf_count=88 53 1127 326 1255 6407 1117 244 1829 3702 609 713 91 2996 5935 724 2003 679 241 126 665 83 81 54 225 59 173 168 42
internal_value=0 -0.00256954 0.000885667 0.00174097 0.00312587 0.00441768 -0.00236099 -0.000500533 -0.00324742 -0.00471286 -0.00093579 -0.00459768 -0.00552527 -0.00707313 0.00160261 -0.00701255 0.00206153 0 0.0024541 0 -0.00294081 0.00218896 0.00665464 0.00409428 0.00784902 0.00102189 0 0.00277664
internal_weight=313.548 77.9345 235.613 195.634 127.976 102.366 39.9791 67.658 37.6567 30.5845 25.6099 56.9372 53.5246 40.5068 20.9973 21.5575 30.0014 16.784 5.95825 13.0178 10.8257 9.39462 4.21336 6.96913 3.70517 3.41261 9.02695 2.85313
internal_count=31815 12404 19411 16028 9492 7524 3383 6536 4028 2833 1968 11029 10723 8931 1375 2056 2508 1174 367 1792 807 550 201 306 147 306 777 215
is_linear=0
shrinkage=0.03


Tree=164
num_leaves=30
num_cat=0
split_feature=69 11 67 41 31 7 4 38 11 24 2 31 53 22 27 40 29 8 52 46 66 59 8 67 5 36 52 4 32
split_gain=0.756104 0.76902 0.767264 0.704434 0.971362 0.833123 0.828201 0.671846 0.668233 0.667828 0.470037 0.452887 0.481523 0.438262 0.377929 0.395665 0.275779 0.197289 0.223238 0.196347 0.1267 0.0732869 0.04449 0.0243837 0.0808293 0.0441879 0.0130265 0.011563 0.00644465
threshold=-0.23336618393659589 0.037809073925018317 -0.88642525672912587 -0.015386506915092467 -0.014222340658307074 -0.027169309556484219 -0.075504198670387254 -0.014915138483047484 0.0025396440178155903 0.012536130845546724 0.20191761851310733 0.022916622459888462 -0.01461706170812249 -0.047218834981322282 0.016720503568649295 0.0057137701660394677 0.007926886901259424 -0.064232222735881792 -0.015209574252367018 0.02791155502200127 -0.70801544189453114 0.015449848026037218 0.16424326598644259 0.0043495979625731715 0.04139410704374314 0.018680125474929813 0.0060359351336956033 -0.17807683348655698 0.013950143009424211
decision_type=2 2 2 2 2 2 2 2 2 2 2 2 2 2 2 2 2 2 2 2 2 2 2 2 2 2 2 2 2
left_child=1 10 8 6 7 -6 20 -5 13 -8 11 12 -1 -2 15 28 -17 21 -19 -15 -4 -10 27 25 -25 -12 -13 -16 -3
right_child=2 14 3 4 5 -7 9 -9 17 -11 23 26 -14 19 22 16 -18 18 -20 -21 -22 -23 -24 24 -26 -27 -28 -29 -30
leaf_value=0 0 -0.00077082060676280056 0 0.0011807873355838469 -0.0026348706100629564 0.0029349551356438438 0.0083294321270673561 -0.0058816936535619219 -0.0033035224637249614 0 -0.0020691654073572009 0 -0.0077468916285387424 -0.0099183874163481164 0 0.0085403260883476859 0 0 0.0056084348335711945 0 -0.0044918364782717849 0 0 0.0033574747310677121 0 0 0.0012860432556898347 -0.003382180187179562 0
leaf_weight=4.3546928561954692 2.2279791473993091 4.761918144933591 2.8560432932572439 7.7051777925225897 21.123685535283585 107.44723636040362 30.22385092019249 26.331054914367996 3.0550577065587277 11.819708399918452 4.3162569491469167 3.6784284590794405 35.256718182688928 10.372465137603285 0.38246066150895819 7.959107955102807 0.96340476819023013 1.3148014443941063 6.3346575018877029 0.7743862274510328 2.5878951314880387 1.1646484298253197 0.44213191678863939 3.3896711068373397 0.70474331981677085 3.954109963029623 2.0885811573716637 3.3763773936443604 2.2553460050621652
leaf_count=613 238 961 92 448 2141 8456 1344 2340 623 821 294 575 7790 1533 28 472 193 179 859 28 266 43 35 293 84 111 204 551 200
internal_value=0 -0.0024708 0.000852088 0.0015628 0.00036942 0.00173088 0.00465316 -0.0035679 -0.00335142 0.00625871 -0.00428488 -0.00559139 -0.00666646 -0.00715662 0.00135466 0.00403486 0.0070755 8.38668e-06 0.00350741 -0.00909464 -0.00193409 -0.00154293 -0.00222061 0 0.00154922 -9.42781e-05 0 -0.00312274 0
internal_weight=313.223 77.8839 235.339 210.095 162.607 128.571 47.4875 34.0362 25.244 42.0436 57.7432 45.3784 39.6114 13.3748 20.1407 15.9398 8.92251 11.8692 7.64946 11.1469 5.44394 4.21971 4.20097 12.3648 4.09441 8.27037 5.76701 3.75884 7.01726
internal_count=31815 12404 19411 15908 13385 10597 2523 2788 3503 2165 9964 9182 8403 1799 2440 1826 665 1704 1038 1561 358 666 614 782 377 405 779 579 1161
is_linear=0
shrinkage=0.03


Tree=165
num_leaves=30
num_cat=0
split_feature=69 1 11 12 57 38 36 31 53 17 6 16 54 15 6 38 15 54 54 38 48 51 57 1 12 33 55 46 23
split_gain=0.654953 0.825356 0.737169 0.676156 0.749561 0.62906 0.548659 0.483261 0.486981 0.458556 0.545356 0.441934 0.384214 0.33339 0.327501 0.25989 0.21263 0.190223 0.158607 0.15796 0.104936 0.099599 0.0950304 0.0744343 0.0483695 0.0371026 0.0298996 0.0163816 0.00948907
threshold=-0.23351090401411054 -0.21581314504146573 -0.046584662050008767 -0.019899653270840641 0.010721515864133837 -0.013429395854473112 -0.014686334878206251 0.044902935624122627 -0.015194936655461786 -0.053770508617162698 -0.079986900091171251 0.061265766620635993 0.024905450642108921 -0.0039853528141975394 0.024531632661819461 -1.0000000180025095e-35 0.082581102848052992 0.0061848368495702752 -0.0029598549008369441 -0.018167801201343533 0.018641693517565731 0.0029194490052759652 -0.012281535193324087 0.19066353887319568 -0.020981839857995507 -0.01499783620238304 -0.0046875309199094764 1.0000000180025095e-35 -0.0022678375244140621
decision_type=2 2 2 2 2 2 2 2 2 2 2 2 2 2 2 2 2 2 2 2 2 2 2 2 2 2 2 2 2
left_child=1 14 5 9 6 19 -5 8 26 17 -11 16 -10 -6 15 24 -7 -4 20 22 -16 -20 -2 -21 -1 -9 -3 -13 -27
right_child=2 7 3 4 13 11 -8 25 12 10 -12 27 -14 -15 18 -17 -18 -19 21 23 -22 -23 -24 -25 -26 28 -28 -29 -30
leaf_value=0 0.00075275076831398931 0 0.0056861101047036471 0 5.2402985317687207e-05 -0.0073485940440637552 0.0047512518764170029 0 -0.0069812313129628814 0.0013362759664481368 -0.0037410136706129511 0.0014862576906737547 0 -0.0054741442478638529 -0.00472703787703281 0 0 0 0.0029760652887788753 0.0046697093046062753 0 0 -0.0025966669439223813 0 0.0082823226162236346 0 0.0015756879984609542 0 0.0026446480076283631
leaf_weight=0.52524868515320111 1.8184071242576454 1.1169299207285801 7.1982670129873423 16.374621920418576 9.8782609539412096 21.191151045259183 94.945772749655589 0.40813305911433451 42.722517054240598 17.741631979813974 41.552641386912001 1.6743880625290324 3.6434078318561651 6.7450447323717517 4.99622441205429 2.072643941188292 0.54824594729870924 1.1121277052152434 6.6816059504926635 5.1358602195468839 0.9152612873003817 1.4418209395334995 7.1114788278791812 1.2276210476993581 4.3119371858410886 0.4984363693220083 5.8384606174731735 0.84905229175637931 2.1793830425958718
leaf_count=27 26 230 271 1556 632 2468 6648 57 9605 1133 5184 70 123 683 546 130 40 161 316 189 25 167 396 78 164 62 599 118 111
internal_value=0 -0.00230863 0.000791822 0.00164549 0.00292801 -0.00246612 0.00389249 -0.00426145 -0.00514163 -0.000403007 -0.00176944 -0.00531053 -0.00620876 -0.00154992 0.00160201 0.00550812 -0.00676298 0.00409491 0 0.0007648 -0.00343734 0.00102636 0 0.00368173 0.00777875 0.00101201 0 0 0.00232976
internal_weight=312.457 77.352 235.105 195.548 127.944 39.5562 111.32 56.4073 53.3213 67.6047 59.2943 24.2628 46.3659 16.6233 20.9447 6.90983 21.7394 8.31039 14.0349 15.2934 5.91149 8.12343 8.92989 6.36348 4.83719 3.08595 6.95539 2.52344 2.67782
internal_count=31815 12162 19653 16268 9519 3385 8204 10787 10557 6749 6317 2696 9728 1315 1375 321 2508 432 1054 689 571 483 422 267 191 230 829 188 173
is_linear=0
shrinkage=0.03


Tree=166
num_leaves=25
num_cat=0
split_feature=65 63 52 50 28 52 11 3 36 6 50 48 41 64 32 25 64 16 63 17 25 55 36 5
split_gain=0.630857 0.682304 0.712309 0.61741 1.00799 0.667803 0.636817 0.600889 0.412324 0.392042 0.418993 0.335235 0.330825 0.322727 0.387423 0.294929 0.24997 0.0605233 0.0560511 0.0125384 0.00951919 0.00692357 9.87098e-05 0.0020752
threshold=-0.58425262570381153 0.0062291808426380166 0.00026018638163805013 0.0053020585328340539 -0.011179341468960045 -0.0035743899643421169 -0.050291154533624642 0.086512967944145217 0.0058539062738418588 -0.038255020976066582 0.021016808226704601 0.0048686135560274133 0.0063861608505249032 0.80769231915473949 -0.0014184433966875074 0.029467102140188221 -0.2692307755351066 0.10234722495079042 -0.016691869124770161 0.017025717534124855 -0.00080768018960952748 0.0027917101979255681 -0.023383725434541699 -0.13642267137765882
decision_type=2 2 2 2 2 2 2 2 2 2 2 2 2 2 2 2 2 2 2 2 2 2 2 2
left_child=12 3 13 6 5 -5 11 -8 -6 20 -11 -2 15 16 -15 17 -3 18 -1 22 -4 -21 -14 -24
right_child=1 2 9 4 8 -7 7 -9 -10 10 -12 -13 19 14 -16 -17 -18 -19 -20 21 -22 -23 23 -25
leaf_value=0 0 0 0 -0.0018706312232358779 -0.0062969203965406216 0.0053439303887777055 0.0036091538015105835 -0.0021144026788510587 0 -0.009738120188970174 0 -0.005159325533741951 0 0.0059740764258939018 0 0 -0.0042509860229957815 0 -0.0098352107988637846 0.0016672183918847408 -0.00084764156111241488 0 0 -0.00055176997619931357
leaf_weight=0.32637687028909468 14.252274431310072 4.8657197074862806 4.0327562356105773 9.0816763148977788 23.626043706248311 21.422919289499987 134.18695358747209 8.5395139577158243 14.256650095278017 12.858089551606097 1.4069227422223765 8.5265943780759681 0.15975086324397136 9.8330331291363127 12.404984602537295 0.84732527298910998 13.52281400508218 0.17157610511640076 7.4625669096312768 1.3015157165718845 6.9238888305553719 0.16941686789505173 0.34249035399261618 1.4263969403145884
leaf_count=72 1248 886 385 696 3426 1381 10026 1701 1549 2011 155 822 68 459 560 180 1885 21 2522 240 510 92 193 727
internal_value=0 0.000315564 -0.00213351 0.00116086 -0.000901234 0.00239013 0.00219031 0.00300365 -0.00422081 -0.00564654 -0.00826628 -0.0014493 -0.00558858 0 0.00257571 -0.00777721 -0.00216621 -0.00921519 -0.00950359 0 0 0.00132056 0 -0.000114563
internal_weight=311.948 299.741 65.8482 233.893 68.3873 30.5046 165.505 142.726 37.8827 25.2217 14.265 22.7789 12.2074 40.6266 22.238 8.80785 18.3885 7.96052 7.78894 3.39957 10.9566 1.47093 1.92864 1.76889
internal_count=31815 27700 6851 20849 7052 2077 13797 11727 4975 3061 2166 2070 4115 3790 1019 2795 2771 2615 2594 1320 895 332 988 920
is_linear=0
shrinkage=0.03


Tree=167
num_leaves=24
num_cat=0
split_feature=65 29 10 24 60 28 4 16 61 42 16 24 4 24 0 31 59 1 16 9 41 35 35
split_gain=0.577221 0.688456 0.735425 0.636526 0.659326 0.589239 0.734723 0.69465 0.52339 0.746846 0.495582 0.404331 0.369056 0.34586 0.31756 0.103192 0.0998686 0.0937244 0.077337 0.066437 0.00423874 0.00363034 0.000498357
threshold=-0.58425262570381153 0.010140586644411089 -0.050730936229228966 -0.0097681991755962354 0.0024465471506118779 -0.0075278542935848227 0.038902834057807929 0.01998899877071381 -0.0042475298978388301 -0.013512688688933848 -0.037869572639465325 -0.017599545419216153 0.051109043881297118 0.0028577148914337163 -0.25821663439273829 -0.027095294557511803 -0.012512538582086561 -0.22747361660003659 0.10234722495079042 0.055224269628524787 0.0062606707215309152 -0.011476162821054457 0.01260805130004883
decision_type=2 2 2 2 2 2 2 2 2 2 2 2 2 2 2 2 2 2 2 2 2 2 2
left_child=14 2 3 15 -5 6 -4 -7 9 19 -11 12 -10 -13 20 -2 -16 -18 -19 -3 21 -1 -22
right_child=1 8 5 4 -6 7 -8 -9 11 10 -12 13 -14 -15 16 -17 17 18 -20 -21 22 -23 -24
leaf_value=0 0 0 0.0040350357502186738 0 0.0088127035014208439 -0.0031627700699612461 -0.0013112666507294007 0.0015717359837227917 -0.0076725545699454197 0 -0.0098537232000500113 0.0036253004745331265 0 -0.00055857506630762677 0 -0.0032357879620770304 0 -0.0090289771709781957 0 0.0027904202426549045 0.00081751262496563648 -0.00071593379870285296 0
leaf_weight=0.55782564934634127 1.6047130212464251 4.707223203979086 56.244745175201388 15.710343027771158 22.880366160636186 62.87033489895839 23.192891406055423 33.911072540937312 5.6235130504937825 2.6596499213992564 14.457040959052387 23.45321032375432 4.3892935885378392 20.580358693339804 0.84103140905062801 4.4676673549947727 0.12913090512301906 7.5298730715730926 0.1405481606198008 2.6791538538745954 1.3791994898492701 1.3744667310274956 0.1778734122563036
leaf_count=113 112 504 4112 1432 1100 6565 2155 2923 804 356 1894 1838 425 2696 217 665 29 2811 14 119 360 496 75
internal_value=0 0.000301504 0.00124001 0.00449912 0.00600504 0.000147093 0.0021336 -0.00121339 -0.00189479 -0.00511208 -0.00807792 0 -0.00441954 0.00120046 -0.0053583 -0.00075174 -0.00755039 -0.00823266 -0.00866745 0 0 0 0.000762755
internal_weight=311.562 299.432 220.882 44.6631 38.5907 176.219 79.4376 96.7814 78.5494 24.5031 17.1167 54.0464 10.0128 44.0336 12.1299 6.07238 8.64058 7.79955 7.67042 7.38638 3.48937 1.93229 1.55707
internal_count=31815 27700 19064 3309 2532 15755 6267 9488 8636 2873 2250 5763 1229 4534 4115 777 3071 2854 2825 623 1044 609 435
is_linear=0
shrinkage=0.03


Tree=168
num_leaves=25
num_cat=0
split_feature=67 41 4 7 67 31 4 66 34 33 11 12 27 49 26 43 38 49 50 28 50 37 33 51
split_gain=0.616491 0.655488 1.35079 0.688148 0.754758 1.18527 0.639284 0.668924 0.55385 0.528582 0.512077 0.517834 0.429286 0.324764 0.241262 0.229009 0.155315 0.072848 0.0699434 0.0936308 0.0710393 0.0672401 0.0210938 0.0121303
threshold=-0.88642525672912587 -0.016310639679431912 -0.075504198670387254 -0.0036754757165908809 0.55399784445762645 -0.0010047182440757749 0.068308219313621535 -0.7763301134109496 -0.013867975212633608 0.0015183128416538241 -0.032265350222587579 -0.02671518828719854 -0.023053862154483792 0.0091784000396728533 0.06377930194139482 -0.01814866159111261 0.018127486109733585 0.015601404011249544 -0.0039396565407514563 -0.0092888567596673948 -0.023575477302074429 -0.025958391837775704 0.020391870290040973 -0.017544697970151898
decision_type=2 2 2 2 2 2 2 2 2 2 2 2 2 2 2 2 2 2 2 2 2 2 2 2
left_child=8 2 16 6 5 -5 7 -3 18 -8 17 -12 -6 14 15 -10 21 -4 19 20 -1 -2 23 -20
right_child=1 3 10 4 12 -7 9 -9 13 -11 11 -13 -14 -15 -16 -17 -18 -19 22 -21 -22 -23 -24 -25
leaf_value=0 0 0.00032820081555067106 -0.0023799186411905681 -0.00045153261576293656 0.00017881113732852981 0.0050501190090385117 0.0041148116581930802 -0.0053745971862336119 0 -0.0025439275522558631 0 0.0080923371755404535 -0.0060656289543356999 0 0 -0.0097106696000369332 0 0.0011429610745850368 0 0 0.0047485903964072339 -0.0063059099284414021 0 -0.0019320160044455654
leaf_weight=0.47422609833301965 1.6778247294714663 12.993194371010757 5.0176357696800542 59.053705440033809 3.6375563565561633 57.714555895909143 17.787692741556388 51.371925365936477 1.5226818108058076 11.201868613174154 5.50514610029495 33.694732486786961 13.39708498523032 4.0684271029531365 0.9575287658954047 13.136212285149666 1.1059662348270638 1.753995855047833 0.26663476515386797 0.80439355062844686 4.3640996995745809 6.3602139039030581 0.34862124416395079 3.0107649481942662
leaf_count=32 21 2119 605 4544 611 4299 1133 6798 263 896 602 1665 3615 618 37 2242 65 63 35 167 162 674 65 484
internal_value=0 0.000451829 0.00326988 -0.000158393 0.00106445 0.00211708 -0.00218109 -0.00385022 -0.00382282 0.000663459 0.005615 0.00683999 -0.00363271 -0.00634779 -0.00790085 -0.00874695 -0.00421624 0 0 0.00243203 0.00386828 -0.00547776 0 -0.00151444
internal_weight=311.227 282.273 55.1155 227.158 133.803 116.768 93.3547 64.3651 28.9536 28.9896 45.9715 39.1999 17.0346 19.6848 15.6164 14.6589 9.144 6.77163 9.26874 5.64272 4.83833 8.03804 3.62602 3.2774
internal_count=31815 27710 3695 24015 13069 8843 10946 8917 4105 2029 2935 2267 4226 3160 2542 2505 760 668 945 361 194 695 584 519
is_linear=0
shrinkage=0.03


Tree=169
num_leaves=30
num_cat=0
split_feature=69 23 67 60 28 25 0 10 11 36 25 22 46 4 27 42 23 24 7 26 8 50 42 18 61 8 4 36 32
split_gain=0.572306 0.673715 0.891866 0.928288 0.673521 0.671061 0.634133 0.572737 0.562217 0.649466 0.64626 0.487264 0.615008 0.466889 0.446105 0.44904 0.394086 0.359463 0.335888 0.317642 0.290505 0.205201 0.085361 0.0818328 0.217598 0.062517 0.0140315 0.00620385 0.00450829
threshold=-0.011144293006509541 0.031590424478054054 -0.20086495578289029 -0.0051065646111965171 0.0055079935118556031 0.0066619366407394418 0.038622785359621055 -0.0052672773599624625 0.037809073925018317 0.014075286686420442 0.03922956436872483 -0.0055710645392537108 0.0042571127414703378 -0.222205676138401 0.016720503568649295 0.0095309764146804827 0.0022050961852073674 0.0026600249111652379 -0.097945779561996446 -0.0013635382056236265 0.066725328564643874 0.014772566035389902 0.002062624786049128 -0.027824580669403073 0.012431975454092027 0.16424326598644259 -0.17807683348655698 -0.013635110110044478 0.0014153411611914637
decision_type=2 2 2 2 2 2 2 2 2 2 2 2 2 2 2 2 2 2 2 2 2 2 2 2 2 2 2 2 2
left_child=8 2 3 4 -2 7 -5 -4 9 10 13 23 18 -1 15 20 19 -7 -13 -11 -10 -18 -12 28 -25 26 -16 -17 -3
right_child=1 11 5 6 -6 17 -8 -9 14 16 22 12 -14 -15 25 27 21 -19 -20 -21 -22 -23 -24 24 -26 -27 -28 -29 -30
leaf_value=0 0.0035957880542469177 0 0.0052507004966227764 -0.0064664156425394735 -0.0040217100356501542 0.0010198050117963121 0 0 0.0070232851305246525 0.0059755033242547984 0 0 0 -0.0071939512272737533 0 0 -0.0056533100641821656 -0.0043900158392926932 0.010488336646766664 0 0 0 0.0035420981053889333 -0.0052789696427844356 0 0 -0.0043157651854452955 -0.0010482337054450014 0.0017169913018132096
leaf_weight=3.7410796345648114 29.324463554250542 0.58650267937628076 49.434334611923987 36.400256550365157 7.6852193937447728 8.8438925524969836 16.521785896838992 24.270509151392616 15.414750307594666 9.5127768656457192 1.6270970727091474 0.40551866986789065 5.0578951952193156 41.420092058757291 0.37404260218318075 0.18899787277041502 4.6068200348345263 13.820170057802896 13.722693738112865 4.0919093794072987 0.90572324483946509 3.21636144311924 2.0037289780229912 3.7529560447801504 1.8190038382308555 0.44704357389127825 3.6546256636429453 2.7052176096985923 5.0478407899936428
leaf_count=134 1530 63 2927 4667 843 946 1293 2136 1413 613 329 102 339 8455 28 57 690 1561 709 599 259 68 252 478 101 39 620 429 135
internal_value=0 0.000846635 0 -0.00196824 0.00100946 0.00207134 -0.00447594 0.00353818 -0.00189761 -0.00331593 -0.00512266 0.00464993 0.00705492 -0.00628619 0.00110597 0.00377066 0 -0.0013918 0.00958485 0.00353376 0.00591337 -0.00308894 0.00113135 0 -0.00213269 -0.00312111 -0.00405654 -0.000604319 0.00155046
internal_weight=310.603 216.693 186.301 89.9317 37.0097 96.3689 52.922 73.7048 93.9103 70.2199 48.792 30.3924 19.1861 45.1612 23.6904 19.2147 21.4279 22.6641 14.1282 13.6047 16.3205 7.82318 3.63083 11.2063 5.57196 4.47571 4.02867 2.89422 5.63434
internal_count=31815 17830 15903 8333 2373 7570 5960 5063 13985 11140 9170 1927 1150 8589 2845 2158 1970 2507 811 1212 1672 758 581 777 579 687 648 486 198
is_linear=0
shrinkage=0.03


Tree=170
num_leaves=30
num_cat=0
split_feature=38 7 65 48 13 48 57 33 55 10 47 6 56 22 27 6 13 5 20 13 11 5 11 65 60 10 29 47 20
split_gain=0.579992 0.768289 0.738296 0.614578 1.27801 0.806824 0.592937 1.02511 0.714036 0.589891 0.660881 0.565232 0.466115 0.50185 0.458096 0.439505 0.424196 0.382033 0.422784 0.370337 0.252162 0.235995 0.220835 0.175675 0.168584 0.120535 0.00844963 0.000772232 0.000701808
threshold=0.00059991329908370983 -0.077208869159221635 1.3631783723831179 0.0078950012102723139 -0.0003586271777749061 0.01062388811260462 -0.0071534933522343627 0.0013888031244277956 -0.0042958334088325492 0.10167440772056581 0.017680892720818523 0.047562539577484138 0.0026772785931825642 0.020009607076644901 0.022777870297431949 0.023851037025451664 0.071755062788724913 0.036982838064432151 -0.013344598934054373 0.064369611442089095 -0.029547214508056637 0.10866524279117586 0.027250753715634349 1.1832041144371035 0.0047716097906231889 0.030941456556320194 -0.011723754927515982 0.0081709390506148356 0.017110012471675876
decision_type=2 2 2 2 2 2 2 2 2 2 2 2 2 2 2 2 2 2 2 2 2 2 2 2 2 2 2 2 2
left_child=1 2 14 4 9 20 11 8 -8 10 -2 19 16 -14 21 -9 -6 18 -7 -3 -5 -1 -22 -13 -19 27 -11 -4 -16
right_child=3 6 25 5 12 17 7 15 -10 26 -12 23 13 -15 28 -17 -18 24 -20 -21 22 -23 -24 -25 -26 -27 -28 -29 -30
leaf_value=-0.011443288522632411 -0.010284277760180437 -0.0057690754553293691 -0.00032958939470737348 0 0.0033311301561970105 0 0 0.0016683365922154885 0.0072432949931730177 0 0 0.0051394040388122817 -0.0065665846799719046 0 0 -0.0035314046514329442 -0.0028187044976204639 0.0039903944128577675 -0.006356452985053644 0 0.010110995914002873 0 0 0 0 0.0037000211771932665 0.0010004347270828394 0 0.00031489281332346917
leaf_weight=7.0194474901582016 23.919310551584207 18.161376435346035 1.3979940375138533 0.90282771591955668 35.710984345576435 7.7027445158091714 22.483141728276678 37.110829579549318 46.38892767993093 2.8555420043703634 4.2901417470384322 5.0990210591371561 11.900266532597017 13.014096980081375 0.79748876926896572 17.319720346367831 4.1198623798154577 8.2616184261278232 11.749123249046535 1.5926875971672405 6.6886435384585621 1.6109077914661609 1.0166958326299207 3.6413452488777693 5.8749159324361235 3.601690180861624 2.5980555161659131 2.0135920661268756 1.3699358114827189
leaf_count=1342 4425 2321 150 215 2782 887 1776 3645 3715 219 527 478 1956 594 143 1815 587 532 1607 154 448 224 206 198 344 85 259 83 98
internal_value=0 0.00116592 -0.00359042 -0.00139816 -0.00275135 0.00107917 0.00201203 0.0029689 0.00527239 -0.00707078 -0.00861352 -0.001058 0 -0.0030434 -0.00775162 0 0.00178242 -0.000554086 -0.00348066 -0.00420431 0.00751859 -0.0099945 0.00885485 0.0028119 0.00176246 0.000878774 0 0 0
internal_weight=310.213 169.608 17.8111 140.605 98.4083 42.1966 151.797 123.303 68.8721 33.663 28.2095 28.4944 64.7452 24.9144 10.7978 54.4305 39.8308 33.5884 19.4519 19.7541 8.60817 8.63036 7.70534 8.74037 14.1365 7.01328 5.4536 3.41159 2.16742
internal_count=31815 16227 2125 15588 11349 4239 14102 10951 5491 5430 4952 3151 5919 2550 1807 5460 3369 3370 2494 2475 869 1566 654 676 876 318 478 233 241
is_linear=0
shrinkage=0.03


Tree=171
num_leaves=31
num_cat=0
split_feature=18 39 28 24 31 27 1 56 43 36 42 55 51 48 64 55 4 2 54 36 62 27 36 54 42 44 29 61 63 23
split_gain=0.558133 0.844943 0.809206 0.808445 1.58794 0.74358 0.707359 1.13068 0.694986 0.653137 0.597195 0.532093 1.23359 0.541618 0.513628 0.410291 0.366242 0.34051 0.3259 0.237409 0.192638 0.156892 0.156495 0.0520564 0.0397472 0.0376098 0.0193748 0.00802268 0.00398328 0.00197269
threshold=0.027421906590461734 0.0028732270002365117 -0.025456212460994717 -0.013492934405803679 0.0167387779802084 0.020883254706859592 0.090829934924840941 -0.0021622292697429653 -0.0030596349388360973 -0.014889903366565703 0.016230766661465171 -0.0038129296153783794 -0.0070649171248078338 -0.008750998415052889 0.11538461968302728 -0.0014674030244350431 0.049647450447082526 -0.095488235354423509 -0.015741445124149319 0.024877272546291355 0.00050325505435466777 0.03235693275928498 -0.026331234723329541 0.0042808633297681817 -0.0033659543842077251 0.010087840259075167 -0.037905413657426827 0.012431975454092027 0.01408227300271392 -0.010702311992645262
decision_type=2 2 2 2 2 2 2 2 2 2 2 2 2 2 2 2 2 2 2 2 2 2 2 2 2 2 2 2 2 2
left_child=3 16 23 4 5 9 11 17 -9 -1 14 12 -5 -13 -4 21 18 -8 29 -20 22 -6 -18 26 -7 -17 -3 -22 -12 -2
right_child=1 2 10 6 15 24 7 8 -10 -11 28 13 -14 -15 -16 25 20 -19 19 -21 27 -23 -24 -25 -26 -27 -28 -29 -30 -31
leaf_value=0 0.00048164648495851905 0 0 0.0022149993839030361 0.0058003117485401568 -0.0016993514290037032 0.0002115511858515589 0 0.0087322560212737058 -0.011679954620909353 -0.00067954899710648709 -0.003766223815151926 -0.0066511031289080841 0.001741734548420985 0.0089752004028384406 -0.0025966498709205435 0 -0.0053367379063350732 -0.0064000086583885828 0 -0.0010273548023014528 0 0.0044892900775849055 0 0.0010886530217483997 0 -0.0033790144672609019 0 0 0
leaf_weight=6.7098245591187178 2.6532218768115858 0.28169969818554852 3.8072027094676733 13.346819419472011 12.538363707571989 2.3842742571614508 4.5546364379115394 16.569459781672776 21.913761032636103 20.257775479865813 2.7632153987797206 14.658775572966986 31.493993564872653 65.012642354657146 30.002547027987021 2.6301222608853996 0.39554665063042271 9.6206195817576354 14.602680226173108 1.4941256442289148 2.2912058184374469 0.37669078509498 12.947957556378242 2.2090037736634258 7.1909044065796461 1.9099862256480262 2.8929956165811737 0.37042493664193887 0.44155849592061702 1.2130033418652626
leaf_count=1030 67 9 672 1048 741 415 539 1148 1555 3509 214 2130 3748 7634 1120 450 54 1289 1677 116 438 62 771 138 720 99 266 45 11 100
internal_value=0 0.00211031 0.0048554 -0.00074493 -0.00381062 -0.0072584 0.000103691 0.00300168 0.00572813 -0.00945511 0.00658142 -0.000958852 -0.00345274 0.000211454 0.00779364 0.00208039 -0.000590906 -0.00239919 -0.00344318 -0.005285 0.00151125 0.00500544 0.00347 -0.00157726 0 -0.00135817 -0.00298181 -0.000249032 0 0
internal_weight=309.535 78.3664 42.3982 231.169 53.9979 36.5428 177.171 52.6585 38.4832 26.9676 37.0145 124.512 44.8408 79.6714 33.8097 17.4552 35.9682 14.1753 19.963 16.0968 16.0051 12.9151 13.3435 5.3837 9.57518 4.54011 3.1747 2.66163 3.20477 3.86623
internal_count=31815 5698 2430 26117 7026 5674 19091 4531 2703 4539 2017 14560 4796 9764 1792 1352 3268 1828 1960 1793 1308 803 825 413 1135 549 275 483 225 167
is_linear=0
shrinkage=0.03


Tree=172
num_leaves=30
num_cat=0
split_feature=28 50 62 28 3 57 67 16 39 11 55 52 8 32 60 48 36 69 50 54 59 48 62 43 16 43 54 52 3
split_gain=0.565141 0.91816 0.632065 0.739143 0.645934 0.607212 0.591268 0.539309 0.525154 0.504161 0.690899 0.683569 0.580156 0.496486 0.459681 0.437331 0.31619 0.309531 0.300062 0.298307 0.298008 0.287605 0.253406 0.240067 0.205319 0.107742 0.10351 0.0542547 0.00337228
threshold=-0.0094666257500648481 0.0053020585328340539 -0.0018689762800931928 -0.019787209108471867 0.019136377610266212 -0.009185886010527609 -0.21587195247411725 0.0046224370598793038 0.0051421448588371286 0.047134144231677062 0.0052103251218795785 -0.0089931152760982496 0.015564478933811189 0.005459792912006379 0.020654940046370033 -0.0052710478194057933 -0.021180126816034314 -0.0045677663292735806 0.019839942455291752 -0.0046997182071208945 -0.0073510631918907157 0.016153382137417797 -0.0028983578085899349 0.004027323331683875 0.08720532059669496 0.025011032819747928 0.014952907338738443 0.0024445587769150738 0.037453476339578635
decision_type=2 2 2 2 2 2 2 2 2 2 2 2 2 2 2 2 2 2 2 2 2 2 2 2 2 2 2 2 2
left_child=2 9 7 13 5 -5 14 8 15 10 12 -12 -2 18 24 -1 -11 26 -4 -18 -15 22 -9 -19 -3 -10 -8 -6 -23
right_child=1 6 3 4 27 -7 17 21 25 16 11 -13 -14 20 -16 -17 19 23 -20 -21 -22 28 -24 -25 -26 -27 -28 -29 -30
leaf_value=0 -0.00077241475817983079 -0.0098598490657709707 -0.0048277809009868835 0 -0.0022818876087658726 0.0090265901598602719 -0.0047886992043938512 -0.0066144665399437566 -0.0037493552991655064 0 0 -0.0074324058897205303 0.0041780669494539679 0 0 0.0065900690126820581 0 0.0040137898359382416 4.4217329217751307e-05 0.0072913957821096505 0.0049094731523195373 0 0 -0.00042609381789840016 0 0 0 0.00049991991566064543 0.00069669738512228121
leaf_weight=5.3918136479078429 57.068159524591465 17.224058723699279 16.066760455214538 4.391967533578284 3.9117583713450568 27.409583305718115 9.9790150432309037 16.524874536989962 7.4805722272430994 2.6895247059801504 10.10261657731826 17.830550123282592 24.043165485207282 2.3971233664233322 1.4525461673547386 14.357833723421209 9.703428657325281 10.238247504195899 2.0015098672301965 13.08268409816082 15.498511756235528 1.0110976329015096 1.3242069687330502 6.5774259827594497 1.0095047586146382 1.3970587734365834 2.9117431678896528 4.7055669628498435 1.2528482492052715
leaf_count=518 5372 2483 2191 299 864 1426 2487 1423 864 236 798 2765 2802 209 76 1039 834 951 161 1127 648 121 156 841 118 40 223 650 93
internal_value=0 -0.00104792 0.00152136 0.00322732 0.00577144 0.00754359 -0.00435836 -0.000645394 0.00125465 6.52059e-05 -0.000635303 -0.00442881 0.000504021 0 -0.00795464 0.00425025 0.00366031 -0.000308093 -0.00309499 0.00499361 0.00314087 -0.00425573 -0.00558876 0.00120235 -0.00922166 -0.00237805 -0.00374064 0 0
internal_weight=309.036 183.913 125.123 76.3828 40.4189 31.8016 49.3925 48.7403 28.6273 134.52 109.044 27.9332 81.1113 35.9639 19.6861 19.7496 25.4756 29.7064 18.0683 22.7861 17.8956 20.113 17.8491 16.8157 18.2336 8.87763 12.8908 8.61733 2.26395
internal_count=31815 21113 10702 6448 3239 1725 7179 4254 2461 13934 11737 3563 8174 3209 2677 1557 2197 4502 2352 1961 857 1793 1579 1792 2601 904 2710 1514 214
is_linear=0
shrinkage=0.03


Tree=173
num_leaves=28
num_cat=0
split_feature=68 11 12 12 15 30 43 20 49 24 49 19 50 9 45 52 39 11 11 13 35 58 52 36 48 36 64
split_gain=0.578334 0.625921 0.69925 1.12345 1.05384 0.910943 0.853766 0.608383 0.626984 0.601352 0.596199 0.484385 0.622351 0.565732 0.462082 0.34715 0.339026 0.309945 0.226925 0.402661 0.254869 0.329673 0.223493 0.19237 0.0331279 0.0259758 0.0239379
threshold=-0.55687347054481495 -0.024237226694822308 0.039102297276258476 -0.031389566138386719 -0.010976769030094145 -0.0091709503903985006 -0.00089393975213170041 -0.0036595836281776424 0.016823269426822666 -0.0093530341982841474 -0.018322290852665898 -0.0045912563800811759 -0.00085696205496788014 0.075100444257259383 -0.0057966471649706355 0.011945965699851515 -0.021273415535688397 -0.13220070302486417 0.022928511723876003 0.029171999543905262 -0.0023487005382776256 -0.014946196228265761 0.017208400182425979 -0.032866146415472024 0.013687649741768839 0.00075881183147430431 0.11538461968302728
decision_type=2 2 2 2 2 2 2 2 2 2 2 2 2 2 2 2 2 2 2 2 2 2 2 2 2 2 2
left_child=9 7 3 14 5 -4 -5 8 15 16 -6 12 -9 -13 -3 -2 -1 -18 19 26 21 -20 -21 -19 -10 -22 -11
right_child=1 2 4 6 10 -7 -8 11 24 18 -12 13 -14 -15 -16 -17 17 23 20 22 25 -23 -24 -25 -26 -27 -28
leaf_value=0 -0.0091409087448096303 -0.0048260477244055659 0.0062987436978034451 0.00028810176806353999 0 -0.002059082336586741 0.0070726873130396266 0.0063753593491908669 0.00194530764229877 0 -0.0084540344423742701 -0.004940912265194621 -0.0011979812468563766 0.0020325747173640888 0.00072070839973417537 0 0 0 0 -0.0077355696440711292 0 0.0070546502247407408 0 -0.010501088455970465 0 -0.0018618800133317524 0.0012588839000804211
leaf_weight=1.3087391923800176 14.329818427355354 12.081651163418426 15.653635162270804 38.557815748470603 2.6720275378611431 15.967394795661674 50.678521720925346 15.761755836814702 3.4135504558580574 1.2994747747870921 15.436738987948045 19.385463469265236 5.8875860567713962 7.2034665694081914 41.490610884153284 5.4122681377884865 1.4898447420273431 0.57254307615948796 1.036409771775652 6.2967407823307431 2.4433503822219782 7.4150364108281774 0.73814495903206978 10.771760930223534 0.36404185200808559 1.7438481593489994 8.5942867321864451
leaf_count=256 2226 1535 625 4344 194 1171 4705 959 196 584 1921 2811 920 421 3202 450 141 129 99 1176 393 599 70 1927 40 437 284
internal_value=0 0.000544111 0.0015096 0.00262106 -0.00108187 0.00155425 0.00463034 -0.00158521 -0.0050953 -0.00300814 -0.00632352 0 0.0033517 -0.00207927 -0.000323202 -0.00725609 -0.00716226 -0.00849537 0 -0.00226448 0.00228115 0.00488631 -0.00628136 -0.00978862 0.000480147 0 0
internal_weight=308.007 264.296 192.538 142.809 49.7298 31.621 89.2363 71.758 23.5197 43.7102 18.1088 48.2383 21.6493 26.5889 53.5723 19.7421 14.1429 12.8341 29.5673 16.9286 12.6386 8.45145 7.03489 11.3443 3.77759 4.1872 9.89376
internal_count=31815 25720 17697 13786 3911 1796 9049 8023 2912 6095 2115 5111 1879 3232 4737 2676 2453 2197 3642 2114 1528 698 1246 2056 236 830 868
is_linear=0
shrinkage=0.03


Tree=174
num_leaves=29
num_cat=0
split_feature=69 34 26 45 26 34 1 47 30 30 45 52 30 30 42 17 30 21 69 69 42 7 42 60 65 40 13 67
split_gain=0.538912 0.764236 0.615869 0.912981 0.591362 0.646019 0.762821 0.586685 0.483604 0.440093 0.419089 0.412667 0.706397 0.543988 0.397113 0.391766 0.366718 0.364545 0.208834 0.206018 0.193953 0.174749 0.212957 0.153778 0.151457 0.136384 0.105657 0.103857
threshold=-0.011144293006509541 0.0053163189440965661 0.0050417203456163415 0.014337802305817606 -0.019720117561519142 0.0070894300006330022 0.012263424694538118 -0.01468391716480255 0.00039709592238068586 -0.017562237568199631 0.0089300968684256094 -0.0089931152760982496 0.0037680412642657761 -0.014953274745494126 0.013212334364652635 -0.052127540111541741 0.013695571571588518 0.0019556507468223576 -1.0222966670989988 0.76785686612129223 0.0084530492313206213 -0.054612927138805382 0.014134325087070467 0.00082390289753675472 1.3055354952812197 0.017992904409766201 0.093723617494106307 0.48852075636386877
decision_type=2 2 2 2 2 2 2 2 2 2 2 2 2 2 2 2 2 2 2 2 2 2 2 2 2 2 2 2
left_child=1 11 4 7 10 6 -6 20 21 -7 23 13 15 -1 -9 -13 -15 -14 -10 -12 -4 25 -23 -2 27 -3 -20 -5
right_child=2 8 3 24 5 9 -8 14 18 -11 19 12 17 16 -16 -17 -18 -19 26 -21 -22 22 -24 -25 -26 -27 -28 -29
leaf_value=-0.0016339339227991782 -0.0027189198517056242 0.0036460779899668062 -0.004144335009077087 -0.0068841055330567001 -0.007550555344188286 -0.0028483623118393466 0 0.0051689718077959999 0 0.0036794210174333629 0.0070173892428939165 0 0.0045223887966495324 0.0076595085627474847 0 -0.0067315471872037074 0 -0.0013015312604536958 -0.010715184071734558 0 9.6209969476848613e-05 -0.0043445956938067375 0 0.0013418080318138108 0 0 0 0
leaf_weight=3.0262546693920767 8.9713473457377422 5.1156593029445494 6.1414992153950134 4.7121258044498955 23.379750508906 6.4721253248935708 28.62448066300567 74.942090795695549 1.083016174736257 18.956507418639376 10.24905575320008 2.7964573716453769 13.009252296622437 13.438387288948435 9.3141999374747666 17.457705175274896 2.5696870304600443 5.8220687391294623 10.071303335087574 2.3530417670845045 2.9314259484090144 13.46860219425435 3.958437330711603 14.504214615459203 2.7975923228659667 0.84499833463269158 0.12802684212511017 0.53210127018974152
leaf_count=279 1045 601 655 673 2144 404 2985 5148 206 1630 600 251 1705 930 795 3319 403 1496 2293 142 238 1917 408 1093 142 137 40 136
internal_value=0 -0.00185284 0.000824032 0.00252126 -0.000480965 -0.00212237 -0.0040422 0.00359014 -0.00507947 0.000837018 0.00214116 0 -0.00141174 0.0034347 0.00446384 -0.0051317 0.00598176 0.00156767 -0.00942826 0.00566808 -0.00109508 -0.000633677 -0.00264536 0 -0.00420389 0.00103452 -0.0103726 -0.00598373
internal_weight=307.671 92.7899 214.882 101.371 113.511 77.4329 52.0042 93.3292 34.67 25.4286 36.0777 58.1198 39.0855 19.0343 84.2563 20.2542 16.0081 18.8313 11.2823 12.6021 9.07293 23.3877 17.427 23.4756 8.04182 5.96066 10.1993 5.24423
internal_count=31815 13985 17830 7787 10043 7163 5129 6836 5602 2034 2880 8383 6771 1612 5943 3570 1333 3201 2539 742 893 3063 2325 2138 951 738 2333 809
is_linear=0
shrinkage=0.03


Tree=175
num_leaves=29
num_cat=0
split_feature=68 11 1 55 36 36 10 20 3 44 5 33 27 1 41 46 20 4 47 4 67 28 24 4 36 64 33 53
split_gain=0.531823 0.569831 0.628253 1.54235 0.846219 0.686264 0.631463 0.607359 0.565314 0.564649 0.591474 0.644048 0.462313 0.441194 0.447038 0.308482 0.301083 0.370414 0.198038 0.120067 0.109599 0.0924066 0.0641275 0.0598594 0.0664087 0.0161919 0.0289364 2.20412e-05
threshold=-0.55687347054481495 -0.024237226694822308 -0.083860918879508958 0.0083323316648602503 -0.0079554617404937727 -0.018205165863037106 -0.013385515660047529 0.016235510818660263 -0.066054403781890855 0.021732322871685032 0.093824356794357314 -0.029134556651115414 -0.010751202702522276 0.071259036660194411 0.011347450315952303 -0.015580231323838232 0.025316319428384308 -0.024965681135654446 0.011564315296709539 0.017411197535693649 -0.36836548149585718 0.041706455871462829 -0.0093530341982841474 0.17581072449684146 0.043943375349044807 -0.50000001490116108 -0.0061584748327732078 -0.0063248360529541961
decision_type=2 2 2 2 2 2 2 2 2 2 2 2 2 2 2 2 2 2 2 2 2 2 2 2 2 2 2 2
left_child=8 7 4 5 12 -4 -6 13 20 10 11 -10 -3 14 -2 -5 17 -9 -18 -15 23 22 -22 24 -1 -11 -27 -12
right_child=1 2 3 15 6 -7 -8 16 9 25 27 -13 -14 19 -16 -17 18 -19 -20 -21 21 -23 -24 -25 -26 26 -28 -29
leaf_value=-0.0038818343501900222 -0.0079010709120074327 0.0062852512334180162 -0.00066233678079819695 0 -0.0065320116954796018 0.0053019268930086377 0 0 0 0 0 -0.010998877152658662 0 0.0016706799274671916 0 -0.0062160530138720867 -0.003124749128046108 0.0066363955858103375 0.0013738300589548934 -0.0024101294428494416 0 0 0.0035113869453914344 0 0 0 0.0024356847506901342 5.0360742357908875e-05
leaf_weight=4.1212036772776655 18.760503197674556 14.130246364416964 9.6418012233734753 2.2613422603244535 18.330748965217936 87.473147626715217 34.432202126001357 2.656820829917705 1.2483864132445965 0.56467619015165871 1.0813953735123507 15.950916362064163 13.933588860028975 11.249739249848064 6.6249216437936402 11.83115801254098 11.491436570195221 9.4851697545964289 5.392704715137369 5.7948387976939548 0.97865952184656713 0.85674140330229498 12.495513702575403 0.63757126385462459 0.35769637767225493 0.38116536043526217 1.8466863486537461 2.821573245295439
leaf_count=466 2886 798 1161 185 1621 7793 2794 437 137 182 89 3740 1552 1132 843 1793 1410 499 295 521 152 95 600 16 6 125 219 268
internal_value=0 0.000521542 0.0014471 0.00289338 -0.000245894 0.00441256 -0.00271932 -0.00150542 -0.00289662 -0.00562544 -0.00738241 -0.0093841 0.00320507 -0.00379722 -0.00596448 -0.00441829 0.00102872 0.00421521 -0.000331463 0 0 0.00196757 0.00292448 -0.00153391 -0.00286263 1.94729e-05 0.00142007 0
internal_weight=306.833 263.49 192.034 111.207 80.8268 97.1149 52.763 71.4561 43.3422 23.8948 21.1023 17.1993 28.0638 42.43 25.3854 14.0925 29.0261 12.142 16.8841 17.0446 19.4474 14.3309 13.4742 5.11647 4.4789 2.79253 2.22785 3.90297
internal_count=31815 25720 17697 10932 6765 8954 4415 8023 6095 4760 4234 3877 2350 5382 3729 1978 2641 936 1705 1653 1335 847 752 488 472 526 344 357
is_linear=0
shrinkage=0.03


Tree=176
num_leaves=30
num_cat=0
split_feature=10 6 29 39 11 43 52 34 40 22 52 57 46 27 6 39 17 19 35 44 61 46 68 16 34 17 55 27 37
split_gain=0.52746 0.647702 0.600175 0.694561 0.68121 0.570121 0.564148 0.525401 0.755523 0.487412 0.468751 0.421127 0.389654 0.366251 0.355294 0.300527 0.213559 0.176643 0.223244 0.163923 0.150669 0.131991 0.092962 0.0739371 0.0568573 0.025131 0.0515052 0.00679567 0.00114454
threshold=0.041290147230029113 -0.047204777598381036 0.0065028611570596704 -0.011975202709436415 -0.034813318401575082 0.011431736871600153 -0.007446013391017913 -0.00077582686208188523 0.0060259522870183 0.0014565463061444464 0.010028272867202761 -0.00010031461715698241 -0.0207116175442934 0.025268048048019413 0.040605634450912483 -0.019355334341526028 -0.046214312314987176 0.017841361463069919 -0.014256976544857023 -0.02732153236865997 -0.013909201137721537 0.00096772238612174999 1.2530251145362856 -0.007861427962779997 0.013245662674307825 0.019178857095539573 0.0041492879390716561 0.0060855783522129068 -0.0062539582140743724
decision_type=2 2 2 2 2 2 2 2 2 2 2 2 2 2 2 2 2 2 2 2 2 2 2 2 2 2 2 2 2
left_child=1 2 3 22 -5 7 14 8 -3 -9 12 13 -8 -7 16 -14 28 18 -4 -16 -18 -13 -1 -19 -21 26 -12 -27 -2
right_child=6 5 17 4 -6 11 10 9 -10 -11 25 21 15 -15 19 -17 20 23 -20 24 -22 -23 -24 -25 -26 27 -28 -29 -30
leaf_value=-0.0034806970639577337 0 0 0 0 0.0069547162949768065 -0.0089934819793614645 0 -0.0040003405696469232 0.0052074829309999458 0.00043308126733733666 -0.0027425625129555262 -0.0024345277208408997 0 0 0 -0.010226166296335293 0 0.0028572809332478217 -0.0048377404278255607 0.0060447096772119832 -0.005705172044174537 0.0016026900841311573 0 0 0 0.001296873256981063 0 0 0.00039349655122896722
leaf_weight=4.2839834822370895 0.44934314336569547 49.564474691640498 5.7466467918784483 8.7146002742119872 44.450860399228986 10.16658541663128 1.3526817024539948 30.763066869039903 32.874572000579064 31.54072695510331 2.9918332643828744 8.7655894216586621 3.6096506399408161 2.6316029682784565 0.53953560063382511 13.580737080370453 0.72405388476181531 5.5345733558933716 9.654170297235396 7.8573603886179608 6.5917117203680409 9.4840214035066293 1.1779462869235429 1.7594638626796939 0.35612759213472589 3.9048894783845745 5.0838564887271787 0.71307828636781767 1.6525899899206704
leaf_count=417 51 5933 229 819 2913 1491 195 3824 2827 3808 513 837 404 308 40 2223 54 286 1215 394 938 928 105 180 102 157 446 83 95
internal_value=0 0.000557956 0.00273313 0.00431093 0.00553 -0.000330121 -0.002688 0.000313707 0.00199241 -0.00144478 -0.00498373 -0.00379103 -0.00749323 -0.00709953 0.000187588 -0.00868187 -0.00185279 -0.000301976 -0.00263868 0.00443971 -0.00443001 0 -0.00165951 0.00125817 0.00562859 0 -0.00102572 0.000959834 0
internal_weight=306.52 257.113 81.3222 58.6274 53.1655 175.791 49.4074 144.743 82.439 62.3038 31.2367 31.0478 18.5431 12.7982 18.1707 17.1904 9.4177 22.6949 15.4008 8.75302 7.31577 18.2496 5.46193 7.29404 8.21349 12.6937 8.07569 4.61797 2.10193
internal_count=31815 26120 6164 4254 3732 19956 5695 16392 8760 7632 4021 3564 2822 1799 1674 2627 1138 1910 1444 536 992 1765 522 466 496 1199 959 240 146
is_linear=0
shrinkage=0.03


Tree=177
num_leaves=29
num_cat=0
split_feature=20 21 18 36 52 31 2 31 41 15 2 53 41 0 39 21 3 60 53 58 52 42 28 3 0 27 53 52
split_gain=0.548301 0.643878 0.559942 0.866862 0.706391 0.696651 0.642314 0.753713 0.619254 0.547505 0.63888 0.403759 0.472669 0.435415 0.336458 0.268641 0.38166 0.23943 0.202874 0.23706 0.253088 0.120418 0.0946969 0.0735751 0.0272092 0.0101772 0.00553118 0.0142273
threshold=-0.027089178562164303 -0.022723279893398281 0.027421906590461734 -0.00013573467731475827 -0.0014101471751928327 -0.00034606270492076868 0.0037551969289779667 -0.00034606270492076868 -0.0067634582519531241 -0.064868278801441179 0.28558227419853216 0.010551384650170805 0.026463288813829425 -0.30162218213081354 0.021798573434352878 0.0019556507468223576 -0.015543418005108832 0.013056567870080473 -0.0049501054454594842 -0.0093107819557189924 -0.013716638088226317 -0.007985767908394335 0.040530093014240272 0.083858180791139617 0.027137689292430881 0.013390909880399706 0.015188270248472692 -0.0045900307595729819
decision_type=2 2 2 2 2 2 2 2 2 2 2 2 2 2 2 2 2 2 2 2 2 2 2 2 2 2 2 2
left_child=1 18 3 9 5 14 7 -5 -8 21 -11 12 13 -3 -4 16 -6 -17 19 -1 -21 -2 23 -20 -7 -24 27 -13
right_child=2 11 4 6 15 24 8 -9 -10 10 -12 26 -14 -15 -16 17 -18 -19 22 20 -22 -23 25 -25 -26 -27 -28 -29
leaf_value=0 0 0 0.010062567392287345 0 0.0045064762162290136 -0.0014435250871264662 0.0021008454010972774 0.00626211645968927 -0.0035478848222372495 -0.0046703233027260479 0.0027532789555400018 0 0 -0.0093593060553579348 0 -0.0051696122725286113 -0.00085693736214430575 0 -0.0035858825622421767 0 0.0080019663351149038 0.0032598937781730371 0.0011988613509298239 0 0.00072416883876377314 0 0 0.0016289842490920942
leaf_weight=1.3511621755606027 6.4341197191533865 1.9760828260005023 16.18754636122322 23.024071481831925 16.640632659262337 4.0496970621243218 26.052081220921536 32.596443844628084 29.313061290580663 65.125848868261528 3.5351701759645939 0.62520657166896887 3.4795534592485629 19.769719505391549 1.1653783849906165 8.1547594547191675 8.2269038485537767 5.8788858284387961 7.0148716711264552 0.5175749635673127 4.7585293708616545 7.8294352949924342 1.3728563111944811 1.109617637361225 5.737346490197524 0.37999752422183508 1.973762678033381 1.7013338080214442
leaf_count=77 256 314 880 3274 659 643 1618 3088 2892 9892 191 96 203 3068 67 1007 680 164 621 49 307 513 93 173 470 38 302 180
internal_value=0 -0.00284753 0.000548442 -0.000138968 0.00285683 0.00614985 0.00140673 0.00362358 -0.000439048 -0.00251127 -0.00371989 -0.00535236 -0.00668925 -0.00815309 0.00907906 0 0.00188125 -0.00267377 0.000440997 0.00397502 0.00621615 0.00120477 -0.000452712 -0.00259347 0 0 0 0.000824291
internal_weight=305.982 46.0303 259.951 193.91 66.0412 27.14 110.986 55.6205 55.3651 82.9246 68.661 29.5257 25.2254 21.7458 17.3529 38.9012 24.8675 14.0336 16.5046 6.62727 5.2761 14.2636 9.87734 8.12449 9.78704 1.75285 4.3003 2.32654
internal_count=31815 5521 26294 21724 4570 2060 10872 6362 4510 10852 10083 4163 3585 3382 947 2510 1339 1171 1358 433 356 769 925 794 1113 131 578 276
is_linear=0
shrinkage=0.03


Tree=178
num_leaves=26
num_cat=0
split_feature=67 11 69 62 16 46 31 11 54 7 2 61 53 42 27 22 2 46 45 59 38 51 37 62 58
split_gain=0.53956 0.556842 0.518974 0.608104 1.21712 0.74096 0.59099 0.571572 0.688263 0.535195 0.712409 0.681989 0.52917 0.306233 0.314164 0.297315 0.252808 0.181471 0.171175 0.242503 0.139054 0.118082 0.0461441 0.0274339 0.00883636
threshold=-0.88642525672912587 -0.0099772289395332319 -0.23336618393659589 -0.0025667771697044368 -0.0080706477165222151 -0.015580231323838232 -0.012739405967295168 0.037809073925018317 0.01142421178519726 -0.0046519935131072989 0.096297740936279311 0.00020569912157952788 -0.01461706170812249 0.0054933149367570886 0.017054598778486255 -0.047218834981322282 0.3267561942338944 0.017494142055511478 0.01681102812290192 -0.00028311274945735926 -0.0070718228816986075 0.010595037136226894 -0.016328051686286923 -0.0068505480885505668 -0.0054237022995948783
decision_type=2 2 2 2 2 2 2 2 2 2 2 2 2 2 2 2 2 2 2 2 2 2 2 2 2
left_child=1 15 7 4 6 -6 -4 8 12 11 -11 -5 -2 14 -9 -1 17 -17 19 24 -10 -21 -15 -20 -3
right_child=2 18 3 9 5 -7 -8 13 20 10 -12 -13 -14 22 -16 16 -18 -19 23 21 -22 -23 -24 -25 -26
leaf_value=0 0 0 -0.0010912104935541208 0.0028067128795382645 0.0018865843719333851 -0.0056302288329791528 0.0054620631917446259 0.0062623536214523505 0.0032725325162126315 0.0052958693402857231 0 -0.0040172599521714116 -0.0064962118682573384 0 0 -0.010847652341948517 0 0 0 0.0053466474858193652 0 0 -0.0022140515028798058 -0.0040184067435472927 -0.0010081539446110325
leaf_weight=2.0166551566944682 5.4501579208845206 0.78688304372917484 7.9346938951275652 25.298079974025313 6.3408856633468522 38.161224511779437 24.900241891882615 11.14219940405019 8.1003457974147732 65.861976002463052 19.201457808369014 18.243533702156128 35.188661620468338 1.2391440820210844 1.4826443316778739 8.5450428080439451 1.406266896839951 0.67291764574474733 0.36559288284479441 8.5800957875908335 4.6375005467998553 1.0501906469216908 4.1978583929449078 2.1257099445647318 2.8267919862191784
leaf_count=216 640 225 637 1860 450 3145 1616 1159 425 5040 1173 1987 7854 98 382 1321 122 94 89 713 596 180 648 462 683
internal_value=0 -0.00360715 0.000426349 0.00126793 -0.000515072 -0.00387079 0.00315059 -0.00153151 -0.00324696 0.00254383 0.00386623 0 -0.00516971 0.00184203 0.00445819 -0.00728192 -0.00877478 -0.0100307 0 0.00186835 0.00092416 0.00438984 -0.000583907 -0.00347328 -1.6066e-05
internal_weight=305.757 28.3761 277.381 205.942 77.337 44.5021 32.8349 71.4385 53.3767 128.605 85.0634 43.5416 40.6388 18.0618 12.6248 12.6409 10.6242 9.21796 15.7353 13.244 12.7378 9.63029 5.437 2.4913 3.61368
internal_count=31815 4105 27710 15908 5848 3595 2253 11802 9515 10060 6213 3847 8494 2287 1541 1753 1537 1415 2352 1801 1021 893 746 551 908
is_linear=0
shrinkage=0.03


Tree=179
num_leaves=27
num_cat=0
split_feature=10 23 6 67 35 4 58 37 40 29 57 5 1 37 9 22 6 16 35 58 26 49 48 36 32 49
split_gain=0.535119 0.663631 0.609159 0.638922 0.542203 0.539071 0.452269 0.612933 0.595668 0.418882 0.589418 0.373138 0.359236 0.184729 0.131695 0.123898 0.183603 0.219707 0.087472 0.0865801 0.086366 0.0810775 0.0498157 0.0093588 0.0231696 4.61322e-06
threshold=0.041290147230029113 -0.0091452971100807173 -0.047204777598381036 -0.88642525672912587 -0.020019434392452237 -0.091695740818977342 -0.0012489147484302519 -0.0010638642124831674 0.012903957627713682 0.0065028611570596704 -0.0072505176067352286 0.1197388991713524 -0.23972791433334348 -0.038016140460968011 0.079600200057029738 0.0091349952854216116 -0.021596148610115048 -0.036371260881423943 0.0064559355378150949 -0.0041667148470878592 0.0033667553216218953 0.018918227404356006 0.022615065798163417 -0.00024793669581413264 -0.01641763839870691 -0.0029684789478778835
decision_type=2 2 2 2 2 2 2 2 2 2 2 2 2 2 2 2 2 2 2 2 2 2 2 2 2 2
left_child=2 15 5 11 23 18 8 -8 -5 10 -7 14 -6 -14 -4 16 25 -18 21 -17 -11 -1 -21 24 -3 -2
right_child=1 4 3 6 12 9 7 -9 -10 20 -12 -13 13 -15 -16 19 17 -19 -20 22 -22 -23 -24 -25 -26 -27
leaf_value=-0.0052158655906876517 0 0 -0.0084478518021701855 -0.0034682837318257007 0 -0.0005717212889321424 -0.00075281594462770255 0.0034424624237401548 0.0020180104384323124 -0.0018184612850495453 0.0059764581593735868 0 0 -0.0090989936684028761 0 0 0 0.005885419896705585 0 -0.0040364584470286256 0.0013658067906124971 0 0 0 0.0017901583091479675 -2.4393518653976973e-05
leaf_weight=3.1509066471153342 2.6990842855557275 0.4028588841902091 9.6080361680760653 46.815285178843624 0.98404795837269077 4.8119731651713655 40.273580294997373 59.434790446171974 15.782501901045178 8.5989053546945815 49.170652033310034 3.0343198064219896 0.4137539724179139 18.838758690337265 0.34660060880560273 3.3840724576002685 2.4035747076559337 8.1710988663908211 2.3482189704445773 3.6552813350499473 12.561916779246529 0.26055454977904435 1.1931241296697406 0.9522801049315629 4.1352947955601849 1.9774701114183706
leaf_count=523 215 40 1840 6555 63 588 4493 5150 1450 911 2937 391 73 3083 77 349 143 577 318 393 822 65 35 176 184 364
internal_value=0 -0.00271239 0.000562946 -0.000293413 -0.00569366 0.00267675 0.000119307 0.00150639 -0.00159429 0.00358602 0.00488515 -0.00571806 -0.00766856 -0.00863273 -0.00786044 0 0.00214577 0.00407389 -0.0025516 -0.00117485 0 -0.00420565 -0.00312517 0 0.000939722 0
internal_weight=305.409 49.2107 256.198 175.295 25.727 80.9031 162.306 99.7084 62.5978 75.1434 53.9826 12.989 20.2366 19.2525 9.95464 23.4837 15.2512 10.5747 5.75968 8.23248 21.1608 3.41146 4.84841 5.49043 4.53815 4.67655
internal_count=31815 5695 26120 19956 3619 6164 17648 9643 8005 5258 3525 2308 3219 3156 1917 2076 1299 720 906 777 1733 588 428 400 224 579
is_linear=0
shrinkage=0.03


Tree=180
num_leaves=31
num_cat=0
split_feature=18 21 24 31 42 31 9 55 36 0 56 59 36 46 9 31 59 55 58 39 58 55 58 44 47 3 9 39 46 37
split_gain=0.468817 0.760066 0.750444 1.01984 0.990475 0.746093 0.663918 0.568489 0.836777 0.600974 0.528777 0.520133 0.581666 0.514422 0.488068 0.473565 0.398558 0.383717 0.2624 0.249632 0.196761 0.200157 0.172546 0.164965 0.151409 0.123529 0.0923822 0.0183661 0.00591701 0.00360967
threshold=0.027421906590461734 0.0035860911011695866 -0.01515020430088043 0.017781235277652744 0.0040077371522784242 0.0020621940493583684 0.031744487583637244 0.0030901897698640828 0.00060284137725830089 -0.016567599028348919 0.0089456066489219683 -0.0094465576112270338 0.014075286686420442 0.016898714005947117 -0.0039038062095642086 -0.0085308765992522222 -0.0093463174998760206 0.0074620945379138002 0.014595959335565569 -0.017602559179067608 -0.0083190500736236555 0.0029974319040775303 0.0080525316298007982 0.024574354290962223 0.0014927620068192484 0.031874436885118491 0.053957216441631324 -0.017602559179067608 0.02791155502200127 0.0036719404160976414
decision_type=2 2 2 2 2 2 2 2 2 2 2 2 2 2 2 2 2 2 2 2 2 2 2 2 2 2 2 2 2 2
left_child=2 5 3 4 18 11 10 8 9 -4 23 27 -13 17 19 -10 -16 -7 -1 -9 28 -22 -15 -3 25 -8 -6 -2 -5 -12
right_child=1 6 7 20 26 13 24 14 15 -11 29 12 -14 22 16 -17 -18 -19 -20 -21 21 -23 -24 -25 -26 -27 -28 -29 -30 -31
leaf_value=-0.011207866727408481 0 -0.0095843647920192399 -0.004268803181830462 -0.0011662563258625577 -0.0017130046242867815 -0.0063089623070724044 0.0043948048900175288 0 0 0.0013073259347753971 0 0.0095927970624855394 0 0.0060287952747608391 0.0046832788496517577 0.0047418850671926711 -0.0016358219468582725 0 0 -0.0063981165464344139 0.0050696422425503965 0 0 0 0 0 0.0019831629023970539 -0.0015175639588595274 0 0.00068676051759394353
leaf_weight=17.339002374767009 0.56575783029256888 8.3126613457570784 26.213273444373044 2.1826259042609322 10.851941469525626 9.1415158463132702 10.365977080989976 3.5573201180377536 20.377828276927175 23.971895575752569 1.347039761647465 23.348569980906181 3.0323178004837237 6.0256356014651811 7.6024092945881412 54.323223097020673 25.752879710682464 4.006353018594381 1.3268799260185904 18.074508826415695 9.6493046847390307 1.9801535322403658 2.5635403213236714 0.38205840540467839 2.9189577561774049 1.1209738591933263 4.3132121373491819 2.177354172323251 0.38918605718936294 1.8880941844254264
leaf_count=2950 70 1279 3508 267 1759 803 378 518 2075 2526 198 938 231 324 523 4438 3108 391 221 3019 596 226 78 55 407 222 364 218 19 106
internal_value=0 0.00194787 -0.00068744 -0.00384597 -0.00657473 0.00411429 -0.00126756 7.49273e-05 0.00133657 -0.00118451 -0.0059459 0.00688389 0.00815154 0 -0.00216297 0.00337473 0 -0.00346215 -0.0104209 -0.00519921 0.00111155 0.00343631 0.00424997 -0.00885754 0.00159452 0.00335527 0 0 -0.000766117 0
internal_weight=305.102 77.1968 227.906 48.0323 33.831 50.861 26.3358 179.873 124.886 50.1852 11.9299 29.124 26.3809 21.737 54.9871 74.7011 33.3553 13.1479 18.6659 21.6318 14.2013 11.6295 8.58918 8.69472 14.4059 11.487 15.1652 2.74311 2.57181 3.23513
internal_count=31815 5698 26117 6402 5294 3053 2645 19715 12547 6034 1638 1457 1169 1596 7168 6513 3631 1194 3171 3537 1108 822 402 1334 1007 600 2123 288 286 304
is_linear=0
shrinkage=0.03


Tree=181
num_leaves=27
num_cat=0
split_feature=68 57 55 49 30 68 12 64 67 59 58 30 8 55 46 21 25 41 16 8 35 53 65 29 44 28
split_gain=0.548389 0.653609 0.436017 0.965173 0.72792 0.735052 0.656305 0.537133 0.628061 0.491642 0.383148 0.326719 0.282436 0.273734 0.256075 0.22388 0.220587 0.196902 0.191048 0.160912 0.115533 0.0973582 0.0691125 0.010026 0.00646584 0.00618412
threshold=-0.55687347054481495 0.0033764578402042393 0.0030901897698640828 0.0090823024511337298 0.020710792392492298 1.5356076359748843 0.047025706619024284 0.19230769574642184 0.17906834185123446 -0.014092393219470976 -0.0099185518920421583 -0.021349025890231129 0.10714691132307054 0.0058282818645238885 -0.019740708172321316 0.0025882422924041752 0.023284658789634708 -0.017265781760215756 -0.031707838177680962 -0.12491588294506072 0.050722630694508559 -0.0086260512471199018 -0.52878600358963002 0.0097687579691410082 -0.0048331245779991141 -0.011933390051126478
decision_type=2 2 2 2 2 2 2 2 2 2 2 2 2 2 2 2 2 2 2 2 2 2 2 2 2 2
left_child=1 13 4 7 5 6 -2 16 -9 24 25 -3 -12 14 23 -16 -4 -11 -7 -13 -21 -15 -23 -1 -5 -6
right_child=2 11 3 9 10 18 -8 8 -10 17 12 19 -14 21 15 -17 -18 -19 -20 20 -22 22 -24 -25 -26 -27
leaf_value=0.0011070619227528825 0.0039879353125906293 0 -0.004715023786599065 0.00098096757522008154 0 0 0 0 0.0057096970747461482 0 -0.0077547558035891556 0 0 0 0 -0.007480997426391211 0 -0.010922114332674678 -0.0047824552885299357 -0.010711873647102519 0 0 0.00394291616458962 0 0 0.00079413184201326066
leaf_weight=2.3625500373527788 113.12044210436216 2.2770317286449417 14.839625897904627 1.0472578431508734 0.62493036817249947 4.5171177858501315 35.945798388769617 32.892836605009506 19.820543613866903 4.0198166269983622 9.1456089091188879 0.25886917945899668 0.80760015318082956 1.6487185119658541 10.030974745463029 5.2601432101764649 2.4817629194949395 8.2166227003035583 9.2329462448178656 8.5023173383124195 0.38073173863813359 0.63473884485574572 11.333537400460042 0.29437133119063208 0.84801514093123742 3.8254229227277383
leaf_count=145 10152 240 3705 46 99 440 2579 2026 1248 283 1551 41 71 185 1223 1173 518 1382 1239 2099 19 225 704 41 106 275
internal_value=0 -0.00295225 0.000531786 -0.00101204 0.00143728 0.00215579 0.00289123 0.000200816 0.00205578 -0.00707244 -0.0036012 -0.00782937 -0.00631579 0 -0.00248976 -0.00428587 -0.0032963 -0.00901057 -0.00286207 -0.00958966 -0.0102033 0.00236475 0.00336144 0 0 0
internal_weight=304.37 42.984 261.386 84.1665 177.22 162.816 149.066 70.0348 52.7134 14.1317 14.4036 11.4189 9.95321 31.565 17.948 15.2911 17.3214 12.2364 13.7501 9.14192 8.88305 13.617 11.9683 2.65692 1.89527 4.45035
internal_count=31815 6095 25720 9314 16406 14410 12731 7497 3274 1817 1996 2399 1622 3696 2582 2396 4223 1665 1679 2159 2118 1114 929 186 152 374
is_linear=0
shrinkage=0.03


Tree=182
num_leaves=22
num_cat=0
split_feature=67 3 28 62 21 50 37 20 1 46 39 29 49 62 5 34 6 34 53 55 27
split_gain=0.501828 0.474691 0.494161 0.867352 0.972163 0.753061 0.586396 0.540408 0.417224 0.415609 0.350637 0.286194 0.263127 0.141992 0.113097 0.0446879 0.0578856 0.0289369 0.0184069 0.00350784 0.00617339
threshold=-1.1547023653984068 0.086512967944145217 -0.0094666257500648481 -0.0018689762800931928 0.013193249702453615 0.0053020585328340539 -0.0037665043491870161 -0.029698539525270459 0.12240293994545938 -0.016579750925302502 -0.0038357712328433986 0.013153783977031709 0.014952804893255235 -0.0057506635785102836 0.2301711514592171 -0.0030842896085232492 0.056198425590991981 0.039053523913025863 -0.0087084486149251444 -0.0073166079819202414 1.0000000180025095e-35
decision_type=2 2 2 2 2 2 2 2 2 2 2 2 2 2 2 2 2 2 2 2 2
left_child=10 2 3 6 -5 7 -2 -4 11 -7 19 12 -3 -12 17 16 -10 -15 -17 20 -1
right_child=1 8 5 4 -6 9 -8 -9 15 -11 13 -13 -14 14 -16 18 -18 -19 -20 -21 -22
leaf_value=0 -0.0047345487089307187 -0.0086824545443601794 -0.0031692420669775169 0.0066345675950189621 -4.071154030091347e-05 0.00047016611226404544 0.0015351164991068082 0.0019076820584473574 0.0033988557579767644 -0.0047221445911290738 0 0 0 -0.0098424681318164467 0 0 0 0 -0.001401551458868746 0 0.0010421880106024559
leaf_weight=0.3862025583875951 15.613065755565911 10.416990645728221 14.682489462102238 46.128992916423158 17.957137859368231 5.2854533876597989 26.319926967127685 103.96234393667328 2.9912045610253704 37.332949206382182 1.8213943505470522 2.8375385302533678 1.342078508256235 5.2919636418700957 0.38325747833005142 2.0877956844997243 0.6954243349173338 0.11442927231109923 3.4334391625307017 1.931552158508566 3.0219638112321263
leaf_count=52 1369 3422 1599 3022 1487 508 1728 8982 279 4982 412 972 342 1066 16 147 97 27 355 785 166
internal_value=0 0.000295284 0.000768286 0.00233086 0.00446232 -0.000117762 -0.000415781 0.000934022 -0.00318566 -0.00346644 -0.00487053 -0.00583767 -0.00743086 -0.00766746 -0.00897542 0 0.00215174 -0.00965952 0 0 0.00061276
internal_weight=304.038 291.087 267.282 106.019 64.0861 161.263 41.933 118.645 23.8045 42.6184 12.9508 14.5966 11.7591 7.61104 5.78965 9.20786 3.68663 5.40639 5.52123 5.33972 3.40817
internal_count=31815 29291 23677 7606 4509 16071 3097 10581 5614 5490 2524 4736 3764 1521 1109 878 376 1093 502 1003 218
is_linear=0
shrinkage=0.03


Tree=183
num_leaves=20
num_cat=0
split_feature=67 18 2 55 60 55 52 18 10 34 35 15 6 23 5 39 2 33 10
split_gain=0.568419 0.581759 0.659326 0.653033 0.593833 0.694174 0.719891 0.596892 0.589453 0.50833 0.480278 0.379565 0.287503 0.268401 0.244984 0.135209 0.117732 0.106201 0.0943707
threshold=-1.1547023653984068 0.027421906590461734 -0.033656999468803399 -0.011947480961680411 0.0091483909636735933 0.01042577810585499 -0.010948425158858298 -0.054078161716461175 -0.0042253248393535605 0.018845804966986183 -0.0029261782765388484 0.064805857837200179 -0.10294069349765776 -0.048997804522514336 0.18699833005666736 0.0045115873217582711 -0.15829685330390927 0.046431165188550956 0.062999278306961073
decision_type=2 2 2 2 2 2 2 2 2 2 2 2 2 2 2 2 2 2 2
left_child=11 4 15 18 5 7 -7 -2 10 -5 -6 12 -1 -10 17 16 -3 -14 -4
right_child=1 2 3 9 8 6 -8 -9 13 -11 -12 -13 14 -15 -16 -17 -18 -19 -20
leaf_value=0 0.0048063465674727957 0 -0.0032939357941416175 0.0063478501670141772 0 0 -0.0087213723634780756 -0.001069284717667659 0.0019672529936068119 0 0.0076783041143698872 0 -0.010339542905827632 -0.0036015240858786623 0 0 -0.0055738526691849512 0 0
leaf_weight=1.3519598425918946 11.740243057607584 1.8884266473578462 5.4279057994463065 46.262207431918796 15.142282495253312 6.836712073833044 15.499543518835706 135.86092039327195 2.4255277598276743 10.708183243928941 15.532041021964687 2.7138011260758494 8.083549853712606 12.906857152680455 0.72648035724705629 5.0731390014734643 4.5090719574727682 0.088789668057871363 0.97006011856137764
leaf_count=173 783 250 575 2405 1001 586 2312 16816 127 575 1073 151 2076 1523 119 636 554 5 75
internal_value=0 0.000314693 0.0025594 0.00391632 -0.000367782 -0.00130331 -0.00577392 -0.000263176 0.0022887 0.0050941 0.00467068 -0.00518135 -0.00735004 -0.000977951 -0.0088258 -0.00202859 -0.00407721 -0.00994632 -0.00157319
internal_weight=303.748 290.783 74.839 63.3684 215.944 169.937 22.3363 147.601 46.0067 56.9704 30.6743 12.9646 10.2508 15.3324 8.89882 11.4706 6.3975 8.17234 6.39797
internal_count=31815 29291 5070 3630 24221 20497 2898 17599 3724 2980 2074 2524 2373 1650 2200 1440 804 2081 650
is_linear=0
shrinkage=0.03


Tree=184
num_leaves=26
num_cat=0
split_feature=68 3 59 21 68 55 1 47 68 54 51 47 37 24 25 38 24 21 39 7 33 19 54 16 15
split_gain=0.531689 0.511162 0.612166 0.671913 0.399128 0.488211 1.08302 0.702782 0.741937 0.531218 0.488158 0.459485 0.214307 0.204664 0.192704 0.270758 0.0778339 0.187675 0.112754 0.0711953 0.0252794 0.0225694 0.0174088 0.011379 0.00336798
threshold=-0.55687347054481495 -0.066054403781890855 -0.014614529907703398 -0.0076872035861015311 1.5356076359748843 0.0024374853819608693 0.01413625478744507 -0.0073113534599542609 -0.15412312746047971 0.015438826754689218 0.010595037136226894 -0.014186955988407133 -0.033239882439374917 -0.056138530373573296 0.033989567309618003 0.010607443749904634 -0.0097681991755962354 -0.027638848870992657 0.020217560231685642 0.078810997307300582 -0.036725414916872971 0.036882225424051292 0.0011896565556526186 -0.02137351036071777 -0.083459071815013872
decision_type=2 2 2 2 2 2 2 2 2 2 2 2 2 2 2 2 2 2 2 2 2 2 2 2 2
left_child=1 16 22 21 5 6 9 11 -9 -2 -8 -7 -5 -6 15 -15 18 24 20 -19 -1 -4 -3 -24 -18
right_child=4 2 3 12 13 7 10 8 -10 -11 -12 -13 -14 14 -16 -17 17 19 -20 -21 -22 -23 23 -25 -26
leaf_value=0 -0.0012352542559984304 0 -0.0011038361630903327 0 0 -0.00030051081456228761 0.0054995729145579011 0.0007403033444503015 -0.0048849335448932435 0.0048297596024350561 0 0.0056767250712095839 -0.011463230446440395 -0.0068276072366349853 0 0 0 0.0048857893982529451 0 0 -0.0045483340386109402 0.00099697590012642803 0 0.0020775291924772224 -0.00062404369336691425
leaf_weight=0.28659101304947432 76.330597403128195 1.5787501876584458 5.0194398882558797 0.46209199304576287 2.2605849185347351 6.9866924914604196 62.82783531176392 23.166392089744477 39.542435817660589 10.175709126539003 7.3998202108487012 15.653609408193004 11.841126389103001 12.253993856018498 1.323074212145001 2.4699050019007691 0.57484072551596943 6.7658867080899618 1.19522923103068 5.6394362669670954 2.0768522991129461 3.153514407833427 0.15370575308043033 1.2531746801214465 2.7836237025185264
leaf_count=41 8115 237 1054 78 139 953 4285 1955 4730 522 961 1247 2983 2300 81 432 12 516 58 143 359 247 49 112 206
internal_value=0 -0.00291311 -0.00551462 -0.00745377 0.000524513 0.000963185 0.00198523 -0.000587636 -0.00246253 0 0.00462926 0.00302611 -0.0108051 -0.00295123 -0.00428917 -0.00533143 0 0.00151853 -0.00160949 0.00352919 -0.00409785 0 0.000367837 0.00161682 0
internal_weight=303.175 42.7843 23.4618 20.4762 260.391 242.083 156.734 85.3491 62.7088 86.5063 70.2277 22.6403 12.3032 18.3076 16.047 14.7239 19.3225 15.7638 3.55867 12.4053 2.36344 8.17295 2.98563 1.40688 3.35846
internal_count=31815 6095 4760 4362 25720 22768 13883 8885 6685 8637 5246 2200 3061 2952 2813 2732 1335 877 458 659 400 1301 398 161 218
is_linear=0
shrinkage=0.03


Tree=185
num_leaves=27
num_cat=0
split_feature=68 57 63 38 57 48 5 25 15 52 61 27 46 69 55 63 61 11 19 17 54 24 56 27 34 46
split_gain=0.463325 0.578708 0.517064 0.50691 0.834967 0.717027 0.737507 0.685793 0.58738 0.465092 0.360506 0.352788 0.335137 0.288988 0.244623 0.242844 0.337295 0.237577 0.217954 0.391761 0.164613 0.1732 0.121747 0.0802854 0.0118559 0.00669255
threshold=-0.55687347054481495 0.0033764578402042393 0.0075011197477579125 0.00059991329908370983 -0.0072505176067352286 -0.0023115221410989757 0.056290034204721458 0.023795500397682193 -0.034278087317943566 -0.0023061875253915782 0.0027232281863689427 0.019299291074275974 0.022748649120330814 1.0247951745986941 0.0058282818645238885 0.018102244473993782 -0.0050685224123299113 0.1441382169723511 -0.017034620046615597 0.0035994504578411583 -0.010133616626262663 -0.016078233718872067 0.029366895556449894 0.020673081278800968 -0.0035936430795118208 0.011671282351017
decision_type=2 2 2 2 2 2 2 2 2 2 2 2 2 2 2 2 2 2 2 2 2 2 2 2 2 2
left_child=1 14 3 4 10 8 -7 -6 -5 18 -2 12 -11 17 15 16 -1 22 23 -20 -16 -22 -3 -4 -13 -17
right_child=2 13 9 5 7 6 -8 -9 -10 11 -12 24 -14 -15 20 25 -18 -19 19 -21 21 -23 -24 -25 -26 -27
leaf_value=0 0 -0.010095872870516373 -0.0039545534241938749 0 0.0047764842620080369 0 0.006503776181883838 -0.00097176969460346073 -0.0061426092349673184 -0.0075552334336047118 -0.0057483042422727046 0 0 0 0 0.00090334657758728493 -0.0069788500539532663 0 -0.00035171212759683382 0.0053011042889742118 0 0.0062274258278162938 0 0 0.0011661178279809747 0
leaf_weight=6.5957869805679374 12.874244384776832 9.3033907227691035 4.2626134863930956 16.621239807926031 84.772676710661472 42.167239028010954 14.630419977416748 11.506832490013037 21.742152649745549 16.789706807208866 7.3072266287599623 1.9538126175102659 1.1227734806525393 1.3847063688444894 7.0233264132475597 2.3811748697844446 8.2447325563407539 0.3669135447416928 7.658521175748322 11.887997938451006 1.1528085078534784 5.3463972678509872 0.18152177470619868 1.7572898903636085 2.8467628236394367 0.52873385033308284
leaf_count=901 1473 2262 593 712 7071 5242 859 1204 2923 2247 814 216 110 102 310 119 1484 16 1009 882 222 582 19 107 258 78
internal_value=0 -0.00272805 0.000489271 0.00122052 0.00252968 -0.000128446 0.00164188 0.00377921 -0.00332838 -0.00196667 -0.00180687 -0.00474765 -0.00641251 -0.00733859 0 -0.00232472 -0.00414883 -0.00874004 0 0.00224361 0.0022909 0.00461923 -0.00964804 -0.00256666 0 0
internal_weight=302.411 42.5095 259.902 211.622 116.461 95.1611 56.7977 96.2795 38.3634 48.2795 20.1815 22.7131 17.9125 11.2365 31.273 17.7504 14.8405 9.85183 25.5664 19.5465 13.5225 6.49921 9.48491 6.0199 4.80058 2.90991
internal_count=31815 6095 25720 20298 10562 9736 6101 8275 3635 5422 2287 2831 2357 2399 3696 2582 2385 2297 2591 1891 1114 804 2281 700 474 197
is_linear=0
shrinkage=0.03


Tree=186
num_leaves=28
num_cat=0
split_feature=10 25 67 12 39 58 23 46 53 59 67 50 56 10 15 27 69 59 58 67 13 13 66 23 69 54 61
split_gain=0.44756 0.678831 0.882477 0.61448 0.690679 0.52947 0.519816 0.725596 0.433872 0.666705 0.814535 0.34949 0.256475 0.233477 0.34122 0.170997 0.214405 0.150086 0.157886 0.112422 0.110198 0.0735739 0.0550787 0.0508695 0.0507624 0.00488784 0.000391777
threshold=0.041290147230029113 -0.01683179289102554 0.50127542018890392 -0.024506885558366772 1.0000000180025095e-35 -0.0034382566809654232 -0.0091452971100807173 -0.02375703118741512 0.0077901696786284455 0.010350346565246584 0.36809132993221289 0.012115547433495523 -0.019905790686607357 -0.068104848265647874 -0.039775349199771874 0.0012027099728584292 0.83909678459167492 -0.0086484402418136579 0.0051719993352890023 -0.29316711425781244 0.025488911196589473 0.016315527260303501 0.83691680431365978 -0.010304309427738188 -0.26024615764617914 -0.016392018646001812 0.0043020811863243589
decision_type=2 2 2 2 2 2 2 2 2 2 2 2 2 2 2 2 2 2 2 2 2 2 2 2 2 2 2
left_child=1 8 3 5 -5 -3 15 25 9 10 -1 12 -9 24 -15 17 23 -2 -19 22 -21 -11 -10 -17 -4 -8 -27
right_child=6 2 13 4 -6 -7 7 11 19 21 -12 -13 -14 14 -16 16 -18 18 -20 20 -22 -23 -24 -25 -26 26 -28
leaf_value=-0.0082426806037265779 0 -0.0047405215230928383 0 0.00039801387336404288 0.0055958834655918848 0.0014251423908832747 0 0 -0.0024586133620192493 0.002888812038055643 0 0 -0.0094945607329484753 0 -0.0065676338211858804 -0.0056894066065470861 0 0.0046127941492442115 0 0.0037412577291392616 0 0 0 0 0.0026016776799051419 0 0.0013855266164579407
leaf_weight=23.647545821637323 2.4139192140573931 12.643852384957425 1.3127180968222094 56.607763951022207 63.30677654444662 34.399169863121642 0.44150800371426191 0.52536138688447565 3.939154511383097 5.5821194755226307 8.8977113537657697 3.7519627408473744 17.073323846645508 9.3676431551139157 12.837701491444017 4.0748744134325534 1.8545787509065119 12.674312059491056 2.0209900415866278 9.211543657002041 7.0999744692308004 0.99821798942866724 2.0749235125258565 0.19846492369106172 1.7495907008560632 0.58374020423798656 2.8155755224870518
leaf_count=2372 185 1671 408 5020 4850 3445 27 116 360 353 1436 491 2786 852 3796 696 86 785 303 622 254 175 263 21 243 48 151
internal_value=0 0.000516303 0.00148003 0.00238004 0.00349645 0 -0.0024997 -0.00515299 -0.0019314 -0.00379454 -0.00568465 -0.00740386 -0.00882252 -0.00288647 -0.0041223 0 -0.00222319 0.00211497 0.0034467 0.000332742 0.00216337 0.00138126 -0.000636662 -0.00517103 0 0.00107685 0.00132072
internal_weight=302.105 253.676 192.225 166.958 119.915 47.043 48.4286 25.1915 61.4512 39.1256 32.5453 21.3506 17.5987 25.2677 22.2053 23.2371 6.12792 17.1092 14.6953 22.3256 16.3115 6.58034 6.01408 4.27334 3.06231 3.84082 3.39932
internal_count=31815 26120 20285 14986 9870 5116 5695 3619 5835 4336 3808 3393 2902 5299 4648 2076 803 1273 1088 1499 876 528 623 717 651 226 199
is_linear=0
shrinkage=0.03


Tree=187
num_leaves=24
num_cat=0
split_feature=3 63 33 48 65 62 65 50 53 11 49 51 14 61 33 35 49 48 63 60 16 43 59
split_gain=0.419672 0.596625 0.678037 0.648119 0.602155 0.550747 0.542765 0.541635 0.369913 0.307822 0.362532 0.319596 0.18812 0.149708 0.131608 0.124269 0.110493 0.0639555 0.0338739 0.0653896 0.0474797 0.0109476 0.000288727
threshold=0.086512967944145217 0.0075011197477579125 -0.016503589227795597 0.019946606829762462 -0.48417638242244715 -0.0021363291889429088 1.4332514405250552 0.017168740741908554 0.0048132315278053292 0.043754078447818763 0.014952804893255235 0.0081816641613841074 0.098004229366779341 -0.0045107933692634097 -0.014664940536022185 0.026597743853926662 0.0057357922196388253 -0.0057235341519117347 -0.0059100575745105735 -0.0042412541806697837 -0.030315004289150235 -0.0022830176167190071 -0.014092393219470976
decision_type=2 2 2 2 2 2 2 2 2 2 2 2 2 2 2 2 2 2 2 2 2 2 2
left_child=1 3 13 4 14 -6 12 8 -4 10 11 15 -5 -3 -1 -2 -9 -15 22 -20 -21 -8 -11
right_child=9 2 7 6 5 -7 21 16 -10 18 -12 -13 -14 17 -16 -17 -18 -19 19 20 -22 -23 -24
leaf_value=0 -0.0094625309464936667 0 -0.0074431249490460004 -0.0095261989603388549 0 0.0033156442222971204 0 0.0035247806418115491 0 0 0 0 0 0 -0.0049945084294995114 0 0 0.0047565684702797623 0 0 0.0039054503255020259 0.0010209176350117841 -0.00030649899012313468
leaf_weight=1.9261800842868977 10.024103681829732 2.0136283779502264 24.282476189429872 5.466942720464429 81.258921386783186 123.83270452025317 0.72320152033353213 3.4711073311555074 12.17669340006614 0.28687925662961777 2.0143517947217324 4.3316397272137683 0.71370352324447583 0.48329338109033404 7.6894688141255738 0.43712397629860866 1.4787670596197129 7.443128613442239 1.4131197503884321 0.61708223946334273 3.6369837655365695 4.4532548724237131 1.3098010609246555
leaf_count=563 3368 295 2828 834 6236 9599 78 306 1335 34 397 1134 44 131 2962 55 243 397 187 126 344 121 198
internal_value=0 0.000353302 -0.00225547 0.00111168 0.00162029 0.00209335 -0.00422557 -0.0041717 -0.00557663 -0.00343218 -0.00532989 -0.00691256 -0.0083554 0.00244385 -0.00368151 -0.00893165 0.00076361 0.00416247 0 0.0016813 0.00310127 0 -0.000224643
internal_weight=301.485 277.413 51.3491 226.064 214.707 205.092 11.3571 41.409 36.4592 24.0711 16.8072 14.7929 6.18065 9.94005 9.61565 10.4612 4.94987 7.92642 7.26387 5.66719 4.25407 5.17646 1.59668
internal_count=31815 25972 5535 20437 19360 15835 1077 4712 4163 5843 4954 4557 878 823 3525 3423 549 528 889 657 470 199 232
is_linear=0
shrinkage=0.03


Tree=188
num_leaves=29
num_cat=0
split_feature=5 20 64 26 12 48 49 29 32 62 9 51 46 20 50 69 36 36 8 13 8 26 59 17 13 35 30 26
split_gain=0.421374 0.765022 0.730592 0.753358 0.708731 0.665297 0.609096 0.485317 0.464696 0.447805 0.442926 0.411982 0.516629 0.468786 0.460653 0.420341 0.400583 0.389941 0.375754 0.334235 0.330098 0.232047 0.202803 0.147768 0.134146 0.0619182 0.0412561 0.00649743
threshold=0.058728424832224853 -0.030329748988151547 0.11538461968302728 0.0035539679229259495 0.0046181026846170434 0.0072562983259558686 -0.010195346549153326 0.020120546221733097 -0.012401319574564694 0.010587852448225023 0.042233347892761237 -0.0089656431227922422 -0.0073366016149520865 -0.025839462876319882 0.0050510484725236901 0.77712395787239086 -0.011955011636018751 -0.017670061439275738 0.12550949305295947 0.033029690384864814 -0.090161927044391618 -0.019720117561519142 -0.0064224954694509498 0.11646124720573427 -0.055934257805347436 0.0018961057066917422 0.0084266420453786867 -0.036578368395566933
decision_type=2 2 2 2 2 2 2 2 2 2 2 2 2 2 2 2 2 2 2 2 2 2 2 2 2 2 2 2
left_child=2 8 3 6 19 9 25 20 26 10 -3 12 21 17 -15 -14 -6 -13 -8 -5 -7 -4 -11 24 -10 -1 -2 -28
right_child=1 5 11 4 16 7 18 -9 23 22 -12 13 15 14 -16 -17 -18 -19 -20 -21 -22 -23 -24 -25 -26 -27 27 -29
leaf_value=0.0024750920715696199 0 -0.004095475367003676 0.0013789947452185136 -0.0055368585412405493 0 0 -0.0083504965670923009 0 0 0 0.0013684981710788823 0 0.0066379178292534004 0.0017942721956846002 -0.0023317506472237382 0 0.0062661809717841407 -0.0068878037442540148 0 0 0.0097904303301825576 -0.0039800999935474257 0.0061082814712885907 0 -0.0087178138247517526 -9.201331404061399e-05 0 0.002507739338407118
leaf_weight=4.0874518906748554 1.6485782242380085 17.76998250071847 2.4417950039496645 13.951401057282057 2.2013414955545167 1.5410006003512595 28.111626593236 3.0923373215482561 0.58821326369070437 1.9943296566852939 17.658328609155433 4.2035201422331747 22.352164696450931 66.781306208577007 29.379853114434809 7.147349333667079 13.291223864125637 11.612313772755439 1.697061804938129 4.1838351020669498 16.878749225150386 7.7454367778700526 10.188232369015166 0.44553242076653976 6.3706877737931773 1.6044092442280087 0.30692399483814403 1.8584591872495364
leaf_count=524 151 2067 74 3847 381 95 6597 233 130 130 1129 410 1091 4257 2661 287 1816 1465 266 1041 921 595 337 61 668 419 26 136
internal_value=0 0.00179579 -0.000678746 -0.00316916 0 0.0032259 -0.00592654 0.0071708 -0.0034441 0.000361149 -0.00079761 0.000329809 0.00287409 -0.000399775 0.000184161 0.00489571 0.00417782 -0.00458278 -0.00752435 -0.00348 0.00876699 -0.000689126 0.00472842 -0.00701516 -0.00788458 0 0.000131764 0.00228107
internal_weight=301.133 80.3414 220.792 69.1284 33.6278 69.123 35.5005 21.5121 11.2184 47.6109 35.4283 151.664 39.6867 111.977 96.1612 29.4995 15.4926 15.8158 29.8087 18.1352 18.4197 10.1872 12.1826 7.40443 6.9589 5.69186 3.81396 2.16538
internal_count=31815 6084 25731 14891 7085 4912 7806 1249 1172 3663 3196 10840 2047 8793 6918 1378 2197 1875 6863 4888 1016 669 467 859 798 943 313 162
is_linear=0
shrinkage=0.03


Tree=189
num_leaves=30
num_cat=0
split_feature=18 24 11 21 25 58 40 63 65 60 58 65 35 33 45 29 45 46 21 0 46 24 67 35 34 4 59 42 31
split_gain=0.40556 0.814853 0.991115 0.717981 0.659594 0.601799 0.566332 0.565097 0.484581 0.458423 0.617549 0.560444 0.50452 0.42402 0.365848 0.360831 0.227707 0.202252 0.162554 0.150048 0.133734 0.111643 0.102675 0.0689741 0.0610869 0.0384409 0.0353799 0.0240628 0.0149335
threshold=0.027421906590461734 -0.01515020430088043 0.027250753715634349 0.0035860911011695866 0.019357435405254367 0.011182978749275209 -0.020062990486621853 0.0044044395908713349 1.8131266832351687 0.0091483909636735933 0.0012501329183578493 -0.20563701540231702 -0.0029261782765388484 -0.0017554946243762968 0.0094714146107435244 -0.011216616258025168 0.011219370178878309 -0.0085277147591114027 -0.0073371529579162589 0.004703434184193612 -0.02218246832489967 0.00092769414186477672 0.22519638389348987 0.023736786097288135 -0.014342122711241244 -0.20098073035478589 0.0073167402297258386 -0.029692975804209706 0.040126197040081031
decision_type=2 2 2 2 2 2 2 2 2 2 2 2 2 2 2 2 2 2 2 2 2 2 2 2 2 2 2 2 2
left_child=1 2 4 5 8 6 27 -8 -1 10 11 -3 22 17 -14 -12 20 21 23 -20 -15 -5 -11 -4 -19 -7 -6 -2 -27
right_child=3 9 18 13 26 25 7 -9 -10 12 15 -13 14 16 -16 -17 -18 24 19 -21 -22 -23 -24 -25 -26 28 -28 -29 -30
leaf_value=-0.011463803007389438 0 0.00091990479665394597 -0.0034594897577127316 0.0060330674035461015 -0.0012962905955504294 0 0.0076627019605413444 0 0 -0.0018392340755698246 -0.0014590234780186117 -0.0039695209268162061 0.0071619778288235314 0 0 0.0026771719495180422 0 0 0.0038515088285577437 0 -0.0079843981351011579 0 0.0017970476447432572 0 -0.0023233094935405582 -0.0032788471097824571 0.0013089940974133994 -0.0016824104591631479 0
leaf_weight=15.897523628460482 0.21758900339773424 16.732139187977737 2.943963317309684 2.9992809907525944 4.9759856904238386 0.30289986357092891 35.562094777800667 7.8742241959262165 3.3497845180972936 13.841417294650457 14.615478542269555 55.914450557291275 17.717552564747169 0.4328500074770999 3.6445877458390887 50.830406951412442 4.2040760928612144 5.2041853461050769 11.745090440505008 3.5684446984305387 6.7933503046951937 1.1313886394564177 3.8781945899499979 0.65586516055918753 5.1853677741928577 2.9801712521002623 3.8000463124553789 3.4549624261708223 0.19524100777198317
leaf_count=3064 20 4622 540 207 829 11 1619 719 152 884 1663 5193 1241 69 305 5388 267 205 919 575 983 175 419 50 739 360 273 279 45
internal_value=0 -0.000646652 -0.00398465 0.00181701 -0.00720975 0.00393748 0.00511938 0.00621863 -0.00976098 0.000158061 -0.000495914 -0.00247029 0.00294353 -0.00131561 0.00563138 0.00128962 -0.00509513 0.000665753 4.76949e-05 0.00236227 -0.00718673 0.00456983 0 -0.00195882 0 -0.00211029 0 -0.000512209 -0.00297491
internal_weight=300.649 224.111 46.9367 76.5377 28.0233 50.5872 47.1089 43.4363 19.2473 177.174 138.092 72.6466 39.0818 25.9505 21.3621 65.4459 11.4303 14.5202 18.9134 15.3135 7.2262 4.13067 17.7196 3.59983 10.3896 3.47831 8.77603 3.67255 3.17541
internal_count=31815 26117 6402 5698 4318 3053 2637 2338 3216 19715 16866 9815 2849 2645 1546 7051 1319 1326 2084 1494 1052 382 1303 590 944 416 1102 299 405
is_linear=0
shrinkage=0.03


Tree=190
num_leaves=28
num_cat=0
split_feature=10 6 29 50 3 23 46 24 24 29 46 51 1 48 50 16 9 53 14 27 16 24 34 41 1 61 16
split_gain=0.506426 0.527823 0.492772 0.603799 0.475558 0.411392 0.711074 0.379528 0.828132 0.72983 0.626063 0.555022 0.474934 0.356332 0.293254 0.337323 0.180633 0.142758 0.124887 0.113674 0.135082 0.150034 0.128119 0.104423 0.102869 0.00455319 0.000485686
threshold=0.041290147230029113 -0.047204777598381036 0.0065028611570596704 0.0069779828190803537 0.084748927503824248 -0.0091452971100807173 -0.02375703118741512 -0.018728777766227719 -0.0071351490914821616 -0.011012526229023932 -0.016319079324603077 0.0086116800084710139 -0.18702168762683866 0.016692439094185833 -0.0088831745088100416 -0.043878138065338128 0.11210113763809205 -0.011325023602694271 -0.034652963280677788 -0.012324240058660505 -0.023734889924526211 0.014530867338180544 -0.014076946768909691 -0.039485484361648553 0.043122194707393653 0.0043020811863243589 0.079873651266098036
decision_type=2 2 2 2 2 2 2 2 2 2 2 2 2 2 2 2 2 2 2 2 2 2 2 2 2 2 2
left_child=1 2 3 4 -1 19 25 9 11 24 -10 -9 -11 16 18 -16 -8 -5 -4 20 -2 -22 26 -24 -3 -7 -21
right_child=5 7 14 17 -6 6 13 8 10 12 -12 -13 -14 -15 15 -17 -18 -19 -20 22 21 -23 23 -25 -26 -27 -28
leaf_value=0.0063400135958109703 0 0.0024525717714057472 0 0.0009156206989121942 0 0 -0.0093630816764873406 0.006295022195439562 0.0041070137244255574 0 -0.0017720686132996989 -0.0008583114883292522 -0.0086663427813522976 0 0 -0.0054984116232036744 0 -0.00306740260988262 0.0039447409696870134 0.00023239355878058242 0.0053842892040220514 0 0 -0.0044962865732272777 -6.3550608111044484e-05 0.0013710713504966885 0
leaf_weight=43.679234303028352 2.5102716538967789 11.038769237973609 1.3699457339971557 2.7321009772495009 2.8303964963051831 0.6667377255653294 16.217204865370157 25.119063234786157 12.526354334539063 4.5574046678375444 98.468179888637678 3.1491962301333833 13.91200518821279 2.5241100901621385 2.843581787914446 11.641306881159831 2.3688479882111997 8.0216616592442715 6.3924839341998476 3.0937601430341601 6.1136197193773132 2.8127650615715538 0.26833616907242674 7.1686575228741258 3.623180524846247 3.1576031867589336 1.1231295767356639
leaf_count=2443 190 871 102 210 660 56 2811 2242 1057 438 11684 675 2511 385 191 1283 197 941 334 234 375 185 6 1025 478 170 61
internal_value=0 0.000550937 0.00253427 0.00397903 0.00544774 -0.00266927 -0.00499898 -0.000240338 0.000285825 -0.00298622 -0.000701514 0.00458712 -0.0065045 -0.00726154 -0.000131211 -0.00319994 -0.00848351 -0.000181735 0.00225469 0 0.00199755 0.00366595 -0.00148491 -0.00349626 0.000446966 0.00112846 0
internal_weight=299.93 251.905 79.5107 57.2634 46.5096 48.025 24.9345 172.394 139.263 33.1314 110.995 28.2683 18.4694 21.1102 22.2473 14.4849 18.5861 10.7538 7.76243 23.0905 11.4367 8.92638 11.6539 7.43699 14.6619 3.82434 4.21689
internal_count=31815 26120 6164 4254 3103 5695 3619 19956 15658 4298 12741 2917 2949 3393 1910 1474 3008 1151 436 2076 750 560 1326 1031 1349 226 295
is_linear=0
shrinkage=0.03


Tree=191
num_leaves=27
num_cat=0
split_feature=28 33 46 7 21 9 29 21 24 43 37 27 37 21 24 16 28 40 29 44 6 65 43 48 53 18
split_gain=0.424889 0.643199 0.682682 1.01036 0.597893 0.586708 0.873242 0.714043 0.544072 0.545461 0.539349 0.526808 0.509445 0.406943 0.374122 0.345651 0.382413 0.21874 0.21621 0.194246 0.191666 0.168381 0.153347 0.126678 0.0675005 0.0219172
threshold=-0.0094666257500648481 0.0022549889981746678 0.016898714005947117 0.042355187237262733 -0.026075720787048336 -0.066056400537490831 0.009613353759050371 0.021669842302799228 0.0059561580419540414 0.0092180976644158381 -0.0073438649997115127 0.0085121504962444323 0.0094879493117332476 0.0068956986069679269 0.02214339375495911 0.041723132133483894 -0.0072028012946248046 -0.0038735009729862209 0.01434578374028206 0.017945609986782077 -0.08369311690330504 0.051765551790595062 -0.0043093599379062644 -0.015966796316206452 -0.0058297077193856231 -0.016592755913734433
decision_type=2 2 2 2 2 2 2 2 2 2 2 2 2 2 2 2 2 2 2 2 2 2 2 2 2 2
left_child=5 4 3 14 15 18 7 11 9 -6 -5 -7 19 -10 -3 16 -2 -4 20 -8 -1 -19 -9 -22 -14 -17
right_child=1 2 17 10 8 6 12 22 13 -11 -12 -13 24 -15 -16 25 -18 21 -20 -21 23 -23 -24 -25 -26 -27
leaf_value=0 0 -0.007640376923513114 0 -0.004636759486412928 0.0053245386082565443 0.0063997812238164717 -0.0061899834015273665 -0.0040215383115897721 0.0013261271693199034 -0.0002602778662253388 0.0039183424751040377 0 0 -0.0040025128301425074 0 0.0016445210637356137 -0.0065862268726954356 0 0 0 0 0.0060823100669486077 0 -0.00779604959920982 0.0024262641851252481 0
leaf_weight=1.3074515897460504 1.7314254465636683 38.209162589148036 1.9583372769047853 3.7932258388646032 38.624589019495033 52.961388130534033 13.019933244668211 4.284665183236938 22.201137853207911 9.1820395432805508 14.377555951356042 18.086119644282007 1.0705248692320317 15.196821464429375 6.5114938073747899 2.3809083003070559 16.735635738252313 0.9932503192103449 2.8082202379882792 1.8649502667904005 1.4257127709643089 6.0253902058320818 8.3310116001739498 6.0042666183326219 9.8221721082591067 0.54682277267420332
leaf_count=195 112 5445 312 606 4354 3708 1710 483 2008 960 1483 1570 142 2348 1114 137 1620 202 315 185 180 282 812 934 468 130
internal_value=0 -0.000921177 -0.00306585 -0.00433777 0.000328505 0.00134146 0.00222594 0.00378367 0.00170528 0.00376069 0.000222514 0.00499819 -0.00164842 -0.000348268 -0.00663011 -0.00330227 -0.00505091 0.00206272 -0.00336835 -0.00509222 -0.00527541 0.00461825 -0.000830364 -0.00668094 0.00129139 0.000172479
internal_weight=299.454 178.468 71.8684 62.8914 106.599 120.986 109.441 83.6632 85.2046 47.8066 18.1708 71.0475 25.7776 37.398 44.7207 21.3948 18.4671 8.97698 11.5457 14.8849 8.73743 7.01864 12.6157 7.42998 10.8927 2.92773
internal_count=31815 21113 9444 8648 11669 10702 9078 6573 9670 5314 2089 5278 2505 4356 6559 1999 1732 796 1624 1895 1309 484 1295 1114 610 267
is_linear=0
shrinkage=0.03


Tree=192
num_leaves=20
num_cat=0
split_feature=58 10 40 19 43 21 6 19 27 34 2 24 34 51 2 57 6 1 54
split_gain=0.382934 0.485298 0.686696 0.96136 0.740114 0.661129 0.654796 0.594137 0.488148 0.327114 0.316511 0.31383 0.245635 0.208202 0.150807 0.124551 0.113359 0.106178 0.0926523
threshold=0.015477634966373445 0.041290147230029113 0.012483937665820123 -0.023077912628650662 -0.0083733182400464994 0.016021482646465305 0.011174544692039491 -0.0041904225945472709 0.0056185573339462289 -0.014743790961802004 0.24889405071735385 0.013208240270614626 0.010768575593829157 -0.021425913088023659 -0.14338077604770658 0.01918807998299599 0.051492966711521156 0.23504491150379184 -0.036415096372365945
decision_type=2 2 2 2 2 2 2 2 2 2 2 2 2 2 2 2 2 2 2
left_child=1 2 5 16 -5 6 -1 -7 11 -10 13 12 -3 -2 -11 -13 -4 18 -15
right_child=10 8 3 4 -6 7 -8 -9 9 14 -12 15 -14 17 -16 -17 -18 -19 -20
leaf_value=0.002641550630639413 0 0.0039506920541203406 -0.004731826443874829 0 0.0079463921273772078 0 -0.00113843818693341 -0.0062041212161599449 0 0 0 -0.0050491748540197265 0 0 -0.0092451723731661987 0 0 0 -0.0081518537430975129
leaf_weight=92.38745866922909 2.4179071967773789 15.464232519654621 4.3131951976793053 11.323036162048082 30.685572248261451 22.670152154267271 54.537989144406311 20.001671308742516 4.0211670226781271 0.43462852923039363 3.4699171883694353 6.618695132670835 6.0521378511912181 0.13853495119837944 8.1194439994033001 2.5883061023196205 1.5059259219415251 2.3488698527653478 9.5995601079084718
leaf_count=9257 143 1509 619 925 2518 2231 5888 2903 399 153 269 859 811 17 1341 98 202 207 1466
internal_value=0 0.000299618 0.000931873 0.00396029 0.00581081 0 0.00104968 -0.00299501 -0.00228374 -0.00627135 -0.00372618 0 0.00192572 -0.00556408 -0.00852753 -0.00359991 -0.00313748 -0.00680487 -0.00775694
internal_weight=298.698 280.724 237.425 47.8277 42.0086 189.597 146.925 42.6718 43.2986 12.5752 17.9748 30.7234 21.5164 14.5049 8.55407 9.207 5.81912 12.087 9.7381
internal_count=31815 29713 24543 4264 3443 20279 15145 5134 5170 1893 2102 3277 2320 1833 1494 957 821 1690 1483
is_linear=0
shrinkage=0.03


Tree=193
num_leaves=29
num_cat=0
split_feature=28 33 7 46 14 55 49 12 4 17 43 46 32 60 60 45 66 43 58 25 22 33 60 19 16 28 52 32
split_gain=0.397634 0.620292 0.643376 0.9467 0.581322 0.496692 0.482543 0.559556 0.45258 0.623115 0.449278 0.570102 0.481374 0.428475 0.310268 0.306866 0.288197 0.286825 0.256518 0.238131 0.201533 0.154608 0.145046 0.138886 0.115152 0.0862704 0.0772845 0.0285229
threshold=-0.0094666257500648481 0.0022549889981746678 0.042355187237262733 0.016898714005947117 0.06831561774015428 0.0036949496716260914 -0.0093653649091720564 0.060963168740272529 0.081736735999584212 0.020980537869036201 0.007570406887680293 -0.0003991685807704925 -0.021712070330977436 -0.013723142445087431 0.0095793167129158991 0.0049594903830438861 0.34817866981029516 0.014175379648804666 -0.00021457672119140622 0.023284658789634708 -0.051153587177395814 -0.00099070742726325967 0.0024465471506118779 -1.0000000180025095e-35 0.0020775571465492253 -0.011933390051126478 0.0046590976417064675 0.014682479202747347
decision_type=2 2 2 2 2 2 2 2 2 2 2 2 2 2 2 2 2 2 2 2 2 2 2 2 2 2 2 2
left_child=6 10 3 4 -3 16 13 8 9 -8 11 12 -2 23 -7 20 -4 21 -13 25 -15 -12 -19 27 -5 -9 -10 -1
right_child=1 2 5 24 -6 14 7 19 26 -11 17 18 -14 15 -16 -17 -18 22 -20 -21 -22 -23 -24 -25 -26 -27 -28 -29
leaf_value=0.0047682276582778453 -0.00097212572379260095 -0.0075739328634567733 0.006886406218004606 0.0036169539479254083 0 -0.0067917064576131191 0.0057404361886968739 -0.0059032421889045989 -0.0020805428829879127 0 -0.0069906564423889966 -0.0035500731493280143 0.005347211132301511 0 0 0 0 -0.0019452866675384699 0.00061066589350315182 0 -0.0080940785549218248 0 0.0026723043761262798 0 0 0 0.00075097512406235769 0
leaf_weight=3.5023072359836078 3.0916606611499438 40.450283463302185 7.0944216926363897 5.6666617876289811 3.7146462937853348 4.0022717627689408 54.473568100715056 5.7218431626606607 9.1525638769016968 14.719912077845946 7.0862921906773408 12.334034997180423 35.57546317512606 1.2781477502285294 1.6435077467467634 8.6040891549491771 6.6969566328589281 8.0578369364957307 32.36698742554654 1.6386853227086247 8.3887785516671993 1.6427578970178744 6.3606614473101208 1.307305282891323 2.1042057519516675 1.1504592424025748 9.7073328910155379 1.080946802627295
leaf_count=60 386 6112 732 366 447 762 4887 790 838 1559 1401 2122 3599 90 114 723 618 949 2492 119 950 229 491 112 293 88 438 48
internal_value=0 -0.000892841 -0.0030102 -0.00471903 -0.00651067 0.00035946 0.00129878 0.00236851 0.00326453 0.00434237 0.000328271 0.00158859 0.00410147 -0.00162082 -0.00357433 -0.00424627 0.00408888 -0.00262097 -0.000175416 -0.00245869 -0.00688755 -0.00573468 0 0.00197873 0.00167682 -0.00499315 0 0.00418244
internal_weight=298.615 177.889 71.373 51.9358 44.1649 19.4372 120.726 96.5644 88.0534 69.1935 106.516 83.3681 38.6671 24.1616 5.64578 18.271 13.7914 23.1475 44.701 8.51099 9.66693 8.72905 14.4185 5.89056 7.77087 6.8723 18.8599 4.58325
internal_count=31815 21113 9444 7218 6559 2226 10702 8719 7722 6446 11669 8599 3985 1983 876 1763 1350 3070 4614 997 1040 1630 1440 220 659 878 1276 108
is_linear=0
shrinkage=0.03


Tree=194
num_leaves=27
num_cat=0
split_feature=7 37 59 36 65 63 43 62 46 33 41 65 41 31 62 18 55 63 1 46 1 30 22 17 55 37
split_gain=0.39427 0.530112 0.554313 0.588193 0.51838 0.584244 0.482914 0.566296 0.423608 0.395893 0.456363 0.391167 0.390974 0.172286 0.135001 0.124232 0.0794681 0.0781212 0.0825559 0.045954 0.0364512 0.033754 0.0484443 0.0176711 0.00287189 0.000242527
threshold=-0.059489537030458443 -0.015195356216281651 0.013165494427084925 0.025575473904609684 -0.58425262570381153 0.0062291808426380166 0.010523343924432995 -0.004579240456223487 0.0025439225137233738 -0.017330832779407498 -0.01481671631336212 1.986771881580353 0.0065857023000717172 0.0068529024720191964 0.0069749765098094949 -0.012671247124671934 0.0070945452898740777 -0.016175594180822369 -0.23972791433334348 0.022996146231889728 -0.14239636063575742 0.021010359749197963 0.020991206169128421 0.013546773232519628 0.0027917101979255681 0.019541840068995956
decision_type=2 2 2 2 2 2 2 2 2 2 2 2 2 2 2 2 2 2 2 2 2 2 2 2 2 2
left_child=1 13 3 11 12 6 7 -6 -8 15 -11 -3 17 14 16 -7 -1 -2 -19 20 -15 22 -4 -14 -25 -5
right_child=4 2 21 25 5 9 8 -9 -10 10 -12 -13 23 19 -16 -17 -18 18 -20 -21 -22 -23 -24 24 -26 -27
leaf_value=0.0062620104397277214 0 -0.0098436912024535209 0.0028883442632559935 0.00017051766217864538 0 0.0039933491197013879 -0.0042882955508599238 0.0036564163044023961 0.00094870188238440462 0.00020870760076615187 -0.0046815383630341312 0 0 0 0 0 0 0 -0.0085002017854701687 0 -0.0031737540792779405 0 0 0.0017224349679478433 0 0
leaf_weight=4.222208069470069 0.38797599171084574 17.155062107995047 3.8676249624913899 2.5069652560705431 48.224938037463289 5.4948585452220868 15.375900054234078 106.80511506212133 24.207847293328086 11.115330797598288 33.847855707517738 3.5827977302978971 1.1997900392707381 0.15190243446704776 2.1384322811136371 3.2525458164200227 0.86280426070152305 0.086705664762121049 6.4852544542809465 1.2295253273914566 2.3678711022876087 1.1622749699745325 0.35149973725128791 1.2319075288687598 0.19639438619560667 0.40643532226386003
leaf_count=263 84 3462 255 139 3973 249 1887 9512 1920 901 3978 227 758 16 144 509 108 20 2387 39 360 131 105 266 72 50
internal_value=0 -0.00259462 -0.00474573 -0.00664562 0.000444148 0.000854667 0.00169015 0.00248107 -0.000665452 -0.00154775 -0.00297228 -0.00835053 -0.00478036 0.000922684 0.00371398 0.00201019 0.00536341 -0.00756932 -0.00808031 -7.54205e-05 -0.00234661 0 0.00181526 0 0.00157291 0
internal_weight=297.918 40.0054 29.0327 23.6513 257.912 248.324 194.614 155.03 39.5837 53.7106 44.9632 20.7379 9.58803 10.9727 7.22344 8.7474 5.08501 6.95994 6.57196 3.7493 2.51977 5.3814 4.21912 2.62809 1.4283 2.9134
internal_count=31815 5299 4369 3878 26516 22929 17292 13485 3807 5637 4879 3689 3587 930 515 758 371 2491 2407 415 376 491 360 1096 338 189
is_linear=0
shrinkage=0.03


Tree=195
num_leaves=26
num_cat=0
split_feature=6 60 60 22 9 46 1 11 55 46 13 48 24 44 40 44 55 0 59 3 31 46 5 25 8
split_gain=0.393073 0.553037 0.54415 0.720815 0.54424 0.819939 0.784941 0.455892 0.445292 0.338394 0.309611 0.368398 0.271959 0.269667 0.243824 0.292569 0.16672 0.119846 0.203063 0.249862 0.201934 0.108481 0.0423992 0.0127384 0.00680347
threshold=-0.079986900091171251 0.0089838858693838137 -0.0051065646111965171 0.017461601644754413 0.10171028971672059 -0.016000101342797276 -0.21581314504146573 -0.0092260576784610731 -0.012660888954997061 0.0072948597371578225 0.064369611442089095 -0.011390703730285166 -0.0040203034877777091 0.0028719864785671238 -0.02049370668828487 -0.0041781179606914512 0.0097162816673517245 -0.078990217298269258 0.0061886273324489602 0.066764350980520262 0.019927026703953746 0.018521245568990711 0.027937781065702442 0.022884227335453037 0.027881670743227008
decision_type=2 2 2 2 2 2 2 2 2 2 2 2 2 2 2 2 2 2 2 2 2 2 2 2 2
left_child=1 17 3 7 5 12 -7 8 -2 -9 11 -5 -4 16 -3 -16 -6 20 19 -19 21 -1 -20 -15 -12
right_child=2 14 4 10 13 6 -8 9 -10 -11 24 -13 -14 23 15 -17 -18 18 22 -21 -22 -23 -24 -25 -26
leaf_value=-0.0052925005199102402 0 0 0 0 0.0058405666659706703 0.00063470215930108145 -0.004395923868531341 -0.0014976555918062423 0.0075268473662047555 0.0036322725827719854 0.001032752674384656 -0.0070322418728080583 0.0045361936596947181 -0.0012000505392233012 0 0.0094605880813619595 0 0.0043254209616661989 0 0 0 0 -0.0020363655052557349 0 0
leaf_weight=7.1455964811320865 5.1356289361356202 3.034820060565834 9.2780595154545171 3.6051761458329574 10.077545666390508 22.888889883593947 104.25205113317134 22.752234964038507 19.947146722141042 13.365806577850888 1.5280022415718111 11.049736521221348 12.289402890160998 2.9608284396454105 1.6624840570148069 9.1370348471464222 2.8162918418965992 19.091370528767591 3.0658250562046288 2.6934263389230173 3.0279291090773759 0.93932721205783298 5.1498742215917446 0.39293657345115196 0.29040300069755165
leaf_count=938 284 74 1153 350 638 1348 15163 2451 2100 893 107 1540 1177 329 265 270 209 1134 220 498 135 104 289 64 82
internal_value=0 0.0021797 -0.000527673 0.00129138 -0.00157353 -0.0022657 -0.00327349 0.00301624 0.0058017 0 -0.00292987 -0.00484899 0.00204405 0.00239208 0.00644586 0.00796361 0.00451197 0 0.00115918 0.00290384 -0.00194302 -0.00430561 -0.000545325 0 0.000350889
internal_weight=297.578 54.9477 242.63 77.6741 164.956 148.708 127.141 61.2008 25.0828 36.118 16.4733 14.6549 21.5675 16.2476 13.8343 10.7995 12.8938 41.1133 30.0005 21.7848 11.1129 8.08492 8.2157 3.35377 1.81841
internal_count=31815 3927 27888 7807 20081 18841 16511 5728 2384 3344 2079 1890 2330 1240 609 535 847 3318 2141 1632 1177 1042 509 393 189
is_linear=0
shrinkage=0.03


Tree=196
num_leaves=24
num_cat=0
split_feature=65 46 12 5 44 7 28 26 54 30 21 27 17 26 44 16 60 40 68 26 5 68 10
split_gain=0.358989 0.466713 0.710139 0.596369 1.12751 0.856665 0.676878 0.521162 0.487017 0.433359 0.38942 0.373663 0.275947 0.11449 0.110629 0.0772919 0.0509086 0.0467515 0.0192252 0.0562059 0.034929 0.0189401 0.00936861
threshold=-0.58425262570381153 -0.016000101342797276 0.040669512003660209 -0.017643444240093228 -0.0038375183939933773 -0.060721646994352334 -0.020862112753093239 0.0037636999040842061 0.019273418933153156 -0.00179902883246541 -0.035641513764858239 0.038444668054580695 0.017025717534124855 -0.012392591685056685 -0.017239365726709362 0.09730017185211183 -0.025428993627429005 0.024290647357702259 0.8153466284275056 0.0098613537847995775 -0.031710788607597344 3.7390279769897465 0.053797958418726928
decision_type=2 2 2 2 2 2 2 2 2 2 2 2 2 2 2 2 2 2 2 2 2 2 2
left_child=12 2 8 4 7 10 -6 -3 11 -7 -5 -2 14 -4 -1 17 -15 -16 19 20 -14 -20 -10
right_child=1 3 13 5 6 9 -8 -9 22 -11 -12 -13 18 16 15 -17 -18 -19 21 -21 -22 -23 -24
leaf_value=0 0.0084200549296953048 -0.0011828842502276454 0 0 0 0.0029625474864562575 -0.0068043964531860476 0.0053295788756428739 -0.0011268461614467899 0 -0.0062505082132052938 0 0 0 -0.0087778145946147499 0 -0.0040682898418121921 0 0.0021819505616205541 0 -0.0034065855591342235 0 0
leaf_weight=0.45685826088811143 20.796860548874982 10.066366333896442 3.2409936296171509 3.9635833306711019 14.021942867664619 88.342217301356868 37.359942998144106 14.546220821452151 1.6403134296997444 69.407846156835149 15.157366756597183 1.0525819987014973 0.2469056545596694 0.69753795355791215 4.9370809378815448 0.28145547342137422 5.1284349499182991 0.10100949937259418 1.8983241655878376 0.90242688157377404 2.1976826576283202 0.12787736231985025 0.45331926087965246
leaf_count=257 1987 2000 263 368 1067 5958 4823 1440 118 7072 1889 134 47 33 2409 48 517 65 399 224 608 58 31
internal_value=0 0.000241714 0.00337894 -0.000109068 -0.00234276 0.00072373 -0.00489699 0.00190295 0.0060355 0.00162396 -0.00425664 0.00745605 -0.00435359 -0.00115535 -0.00717288 -0.00796092 -0.00335445 -0.00849017 0 -0.000424827 -0.00264523 0.0014994 0
internal_weight=297.025 285.876 33.01 252.865 75.9945 176.871 51.3819 24.6126 23.9431 157.75 19.121 21.8494 11.1496 9.06697 5.7764 5.31955 5.82597 5.03809 5.37322 3.34702 2.44459 2.0262 2.09363
internal_count=31815 27700 3083 24617 9330 15287 5890 3440 2270 13030 2257 2121 4115 813 2779 2522 550 2474 1336 879 655 457 149
is_linear=0
shrinkage=0.03


Tree=197
num_leaves=27
num_cat=0
split_feature=41 4 11 7 25 41 39 21 37 57 4 21 59 40 10 37 9 10 67 59 27 14 36 51 26 7
split_gain=0.399508 0.983191 0.741334 0.490546 0.720118 0.4879 0.450448 0.621357 0.470017 0.433521 0.416539 0.661323 0.390348 0.331628 0.314182 0.261584 0.210163 0.179096 0.161121 0.136719 0.10252 0.0417669 0.0349877 0.00305487 0.00278147 2.03406e-05
threshold=-0.015547238290309904 -0.075504198670387254 -0.032265350222587579 1.0000000180025095e-35 -0.014270067214965819 -0.011024981737136839 0.0043408647179603585 0.011113114655017855 0.0082030147314071673 -0.012437778525054453 0.049647450447082526 -0.0036980956792831417 0.0097507182508707064 0.012483937665820123 0.071057122200727477 -0.01918187644332647 -0.079354301095008836 0.031637046486139304 0.22519638389348987 -0.010780397802591322 0.023965992033481601 0.077182270586490645 0.032927282154560096 0.00010305061005055906 -0.010321773588657377 0.05456050485372544
decision_type=2 2 2 2 2 2 2 2 2 2 2 2 2 2 2 2 2 2 2 2 2 2 2 2 2 2
left_child=1 17 18 4 12 16 8 -8 -7 25 13 -12 15 -6 -11 -2 -5 20 21 -18 22 -3 -1 -20 -14 -4
right_child=3 2 9 5 10 6 7 -9 -10 14 11 -13 24 -15 -16 -17 19 -19 23 -21 -22 -23 -24 -25 -26 -27
leaf_value=-0.0071153780057995955 0 -0.0043071666867403966 -4.8313074376135679e-05 0 -0.0036511234914008402 -0.0020356121155988031 0.0051221819170181497 -0.00027354051200809913 0.0034034508461521363 0.0077519962730707584 -0.0011880212445506198 0.0055610567253324269 0.00055184165510225637 0.00033351779549940216 0 -0.0083272922788510707 0 0 0.00064841048696103582 -0.0059204158304853368 0 0 0 0 0 0
leaf_weight=5.2763646014027454 3.4955957361453391 5.9220660360915627 2.842913687847612 1.4739740375225654 35.191453983894462 43.137367416871712 40.414272639547562 15.773866555973653 14.306032103217147 32.463993285127799 15.398369256494332 17.735103010141756 3.2203012448517256 11.53912788569505 2.4990334216417969 19.779779391952616 0.80081395631714158 4.2110920495033497 1.539351827908831 10.910461797931928 0.82761394086992357 0.36214731987274706 0.4554206866887397 0.32359990417535289 2.334182483595213 4.7556960266665556
leaf_count=682 378 632 381 173 6155 4867 3256 1646 1971 2055 1194 1465 201 1407 229 2967 90 174 129 1078 37 70 22 131 312 113
internal_value=0 0.00205848 0.00408853 -0.000568981 -0.0020642 0.000514658 0.00138796 0.00321856 -3.65431e-05 0.00576078 -0.00010641 0.00189328 -0.00578354 -0.00215014 0.00701854 -0.00724188 -0.00367415 -0.00386297 -0.00123412 -0.00509986 -0.00585687 -0.00382428 -0.00674877 0 0 0
internal_weight=296.99 61.4793 50.7088 235.511 108.694 126.817 113.632 56.1881 57.4434 42.5616 79.8641 33.1335 28.8299 46.7306 34.963 23.2754 13.1852 10.7705 8.14717 11.7113 6.5594 6.28421 5.73179 1.86295 5.55448 7.59861
internal_count=31815 4655 3740 27160 14079 13081 11740 4902 6838 2778 10221 2659 3858 7562 2284 3345 1341 915 962 1168 741 702 704 260 513 494
is_linear=0
shrinkage=0.03


Tree=198
num_leaves=29
num_cat=0
split_feature=10 40 56 16 21 20 23 54 28 1 41 32 32 17 46 39 33 48 17 16 48 48 56 4 43 48 23 16
split_gain=0.381442 0.542481 0.801222 0.639379 0.683525 0.591692 0.547985 0.705462 0.89183 0.537497 0.412956 0.366779 0.352152 0.413894 0.391316 0.382721 0.351325 0.13247 0.0921993 0.125784 0.109448 0.188522 0.0898318 0.033822 0.0196537 0.0101331 0.00938 0.0448132
threshold=0.041290147230029113 0.012483937665820123 0.0096861254423856753 0.0046224370598793038 0.015117257833480837 -0.032560169696807854 -0.005065731704235076 0.0011896565556526186 -0.0091197248548269255 -0.10262829065322875 0.026463288813829425 -0.020659589208662506 0.0055967792868614205 -0.052127540111541741 -0.02375703118741512 -0.03269135765731334 -0.0024879425764083858 0.0048686135560274133 0.017513183876872066 -0.024318538606166836 0.013259547762572767 -0.013333622366189955 -0.01032113842666149 -0.222205676138401 -0.0083733182400464994 0.019140064716339115 -0.0022678375244140621 -0.029850006103515622
decision_type=2 2 2 2 2 2 2 2 2 2 2 2 2 2 2 2 2 2 2 2 2 2 2 2 2 2 2 2
left_child=1 6 3 5 -5 -3 10 8 -8 -9 16 24 13 26 -15 -16 -1 -12 20 -20 21 -14 -21 -13 -4 -22 27 -2
right_child=12 2 11 4 -6 -7 7 9 -10 -11 17 23 18 14 15 -17 -18 -19 19 22 25 -23 -24 -25 -26 -27 -28 -29
leaf_value=0 0 0 0 -0.0051217114683974599 0.0049138156099330843 0.008774603246124479 0.0017612742173721367 0.0067776265486891012 -0.0045537524265404855 0.00024466360632039141 0.0040352386640270851 0 0 0 0 -0.0086323083288460042 -0.0049431152006189768 0 0 0 0.0010938210808809359 -0.0052350273093910559 0.0045441862952484606 -0.0061964569594852486 0.0016794869036256968 0 0 0.0023161252745672887
leaf_weight=29.695423853514512 0.68300508419633832 1.5664019340219955 0.29288241124595549 7.1434440971097484 7.284934105049615 24.930770526865675 34.316837456179201 20.534186290424259 30.523974043942872 40.81876053491942 5.0482559080555793 0.15535877726506431 3.1417467191567985 1.7887898981498462 1.0701136991701847 17.423054202623458 36.983825807228641 1.4717670741229083 0.96182732644956459 0.94964647622327802 2.6224051937460895 5.3752746864520331 7.6330117908328239 6.0922814942168753 2.5983310960946255 0.47611049051920407 1.0285283017547069 4.092087581026135
leaf_count=3189 24 299 75 972 645 1636 2627 1391 4832 4607 278 12 208 195 83 2938 4515 165 125 63 114 950 423 768 109 89 269 214
internal_value=0 0.000479396 0.00314464 0.00510425 0 0.00750051 -0.000103585 0.00092803 -0.000895174 0.00322927 -0.00221132 -0.00221077 -0.00233485 -0.00439978 -0.00620772 -0.00751404 -0.0031465 0.00196308 0 0.00214329 -0.000986385 -0.00291262 0.00364054 -0.00592954 0.000688817 0 0 0.000929314
internal_weight=296.703 249.457 50.0644 40.9256 14.4284 26.4972 199.393 126.194 64.8408 61.3529 73.1993 9.13885 47.2456 26.0856 20.282 18.4932 66.6792 6.52002 21.16 9.54449 11.6155 8.51702 8.58266 6.24764 2.89121 3.09852 5.80362 4.77509
internal_count=31815 26120 4516 3552 1617 1935 21604 13457 7459 5998 8147 964 5695 3723 3216 3021 7704 443 1972 611 1361 1158 486 780 184 203 507 238
is_linear=0
shrinkage=0.03


Tree=199
num_leaves=31
num_cat=0
split_feature=69 25 31 29 24 64 56 27 67 42 56 29 60 20 61 53 8 3 60 62 42 24 63 20 11 12 21 31 24 12
split_gain=0.418445 0.424903 0.591374 0.78534 0.689898 0.437123 0.408479 0.57578 0.396086 0.340793 0.393071 0.294086 0.376687 0.285548 0.253544 0.203193 0.203059 0.202343 0.198607 0.190704 0.151045 0.150153 0.0866767 0.0849732 0.0742719 0.0698617 0.0222895 0.017409 0.0055873 2.03723e-05
threshold=-0.23351090401411054 -0.018350765109062191 -0.020224115811288353 0.013153783977031709 0.016026921570301059 1.8846153616905215 0.0050413198769092568 -0.034613952040672295 -0.092550419270992265 0.013787039089947941 -0.0069029657170176497 -0.0033389143645763393 -0.0025408565998077388 0.053266949951648719 -0.0058619203045964232 -0.015194936655461786 0.036941640079021461 0.064880836755037322 -0.023202376440167424 0.006674285978078843 -0.013166806660592554 -0.0093530341982841474 -0.006772715598344802 0.029060279950499538 -0.017768688499927517 -0.038740651682019227 0.031538873910903938 -0.011305795051157473 0.017081420868635181 -0.041777817532420151
decision_type=2 2 2 2 2 2 2 2 2 2 2 2 2 2 2 2 2 2 2 2 2 2 2 2 2 2 2 2 2 2
left_child=6 8 5 4 -4 18 7 24 13 10 -9 15 26 17 -5 28 23 -2 -3 -14 -17 -18 -7 -10 -1 -26 -13 -11 -8 -15
right_child=1 2 3 14 -6 22 11 9 16 27 -12 12 19 29 -16 20 21 -19 -20 -21 -22 -23 -24 -25 25 -27 -28 -29 -30 -31
leaf_value=0 -0.0065777154168446999 0 0.004549302291843302 -0.0045534958237333891 0 0 0.00078959525666939118 0 -0.00255487688137828 0.0014244471940031565 -0.0083331565482585301 -0.0016036144252835854 0.0069426414825262388 5.0446978567437793e-05 0 0 0 0 -0.0058703085764998898 0 -0.0056386481631170993 0.0051154691886286137 0.0032200272376820545 0 0 0.0044892832687670487 0 -0.00023537781181757111 0 0
leaf_weight=1.2168997213120745 16.194768490258873 0.81102697503229748 91.982284721118049 9.0611020529468096 33.676268201943458 0.63242025059298601 3.0655739078683832 11.360775361323247 8.204890704397263 2.4714093385846354 20.904891810678237 3.1357921801718525 9.6170976391549576 2.2046276082255649 22.692137978028768 1.8558964528347122 0.85235829732118862 1.4644709299464 15.316068776603059 3.2016010811312308 7.2265148645092294 6.7829111196078875 4.2576535969565148 8.7094183193912595 0.43067998148035291 2.8434579343047508 0.54725021552440001 4.1734572784880575 0.72280565252003715 0.4969932309613786
leaf_count=178 1668 64 7346 923 3272 53 200 2312 769 255 4393 740 1184 55 2301 203 155 374 1604 261 944 554 124 311 101 296 143 894 58 80
internal_value=0 0.000647331 0.00139409 0.00213859 0.00325726 -0.00236829 -0.00190052 -0.00366051 -0.00156091 -0.0050917 -0.00622725 0 0.00300961 -0.00434105 -0.00131297 -0.00197801 7.40213e-05 -0.00569501 -0.00496761 0.00546879 -0.00423686 0.00370236 0.00134831 -0.000665912 0.00172843 0.00339199 -0.000314949 0 0 0
internal_weight=296.114 223.339 178.429 157.412 125.659 21.0172 72.7741 43.4016 44.9104 38.9105 32.2657 29.3725 16.5017 20.3609 31.7532 12.8708 24.5496 17.6592 16.1271 12.8187 9.08241 7.63527 4.89007 16.9143 4.49104 3.27414 3.68304 6.64487 3.78838 2.70162
internal_count=31815 19653 15687 13842 10618 1845 12162 8429 3966 7854 6705 3733 2328 2177 3224 1405 1789 2042 1668 1445 1147 709 177 1080 575 397 883 1149 258 135
is_linear=0
shrinkage=0.03


Tree=200
num_leaves=29
num_cat=0
split_feature=68 15 62 7 14 19 9 43 9 53 35 26 64 26 52 27 50 57 62 34 43 37 65 33 61 61 53 52
split_gain=0.467681 0.468416 0.812444 0.676165 0.627233 0.543671 0.467809 0.621149 0.600003 0.424656 0.444771 0.402262 0.538236 0.401986 0.389627 0.374439 0.239066 0.150392 0.139631 0.0742329 0.119167 0.119312 0.0941258 0.142012 0.0166931 0.0229967 0.00701646 0.000894198
threshold=-0.55687347054481495 -0.0062190666794776908 -0.0023754201829433437 -0.033622790127992623 -0.021021332591772076 -0.021210491657257077 -0.0034458376467227931 0.001896430738270283 0.015979610383510593 0.0045252135023474702 0.022806935943663124 -0.013596803881227968 -0.2692307755351066 -0.014190075919032095 0.015147219412028791 0.020673081278800968 -0.037296976894140237 0.016217397525906566 -0.0057506635785102836 0.00057467492297291767 0.019565071910619739 0.016311550512909893 1.4332514405250552 -0.029134556651115414 -0.0074200029484927646 0.026433888822793964 0.0032935715280473237 0.021903235465288166
decision_type=2 2 2 2 2 2 2 2 2 2 2 2 2 2 2 2 2 2 2 2 2 2 2 2 2 2 2 2
left_child=9 2 11 17 -5 13 7 -7 -8 10 14 18 -13 26 16 -15 -1 -4 -2 20 21 -11 23 -21 -12 -26 -3 -16
right_child=1 5 3 4 -6 6 8 -9 -10 19 24 12 -14 15 27 -17 -18 -19 -20 22 -22 -23 -24 -25 25 -27 -28 -29
leaf_value=0 0.0035960975137106521 0.00080375733924285852 -0.0021319485176014099 0 0.0063728048919328376 -0.0058032404415702434 0.0067875961949276841 0.00024318454657827602 0 0.0046670785090167886 0 0.00076811023257305382 -0.0058482147701880835 -0.0076690089145840272 0.00031975893843194105 0 -0.0097178789481877411 0.001921079586609998 0 0 0 0 0 -0.0049437749591930823 0.0022705335468201021 0 0 0
leaf_weight=0.27641574144218317 8.0668203078785137 4.7748622947365247 16.653877028624269 12.690495282160553 51.332612273279665 16.308599404841516 12.439655467216651 25.1583430112114 50.580851350656303 6.6995892747472698 1.0778884494429806 5.8828264364710803 19.921156164047716 15.948066746776023 2.8710165083539314 2.8404366351387571 13.052747534955415 5.0071029158934826 5.0084174688963676 0.83130723095018844 1.1828841955139058 5.8757162480687839 1.3531247958017045 4.783959943597436 1.9289174629011534 0.49998373947528296 1.6377358636527786 1.3723348454877848
leaf_count=43 639 542 2000 1335 3551 2856 1232 2402 4752 598 162 1220 1749 2355 224 311 3373 202 344 76 115 234 63 873 158 32 230 144
internal_value=0 0.000498292 0.00184113 0.0035061 0.00499671 -0.000589206 0.000160249 -0.00185777 0.00196808 -0.00275997 -0.00532226 -0.00112594 -0.00348608 -0.00420198 -0.00710358 -0.00613391 -0.00901523 0 0.00154795 0 0.001464 0.00289653 -0.00149096 -0.00323831 0 0.00142209 0 0
internal_weight=296.058 254.252 124.563 85.6841 64.0231 129.689 104.487 41.4669 63.0205 41.8059 21.0793 38.8792 25.804 25.2011 17.5725 18.7885 13.3292 21.661 13.0752 20.7266 13.7582 12.5753 6.96839 5.61527 3.50679 2.4289 6.4126 4.24335
internal_count=31815 25720 11040 7088 4886 14680 11242 5258 5984 6095 4136 3952 2969 3438 3784 2666 3416 2202 983 1959 947 832 1012 949 352 190 772 368
is_linear=0
shrinkage=0.03


Tree=201
num_leaves=26
num_cat=0
split_feature=46 12 12 7 41 15 20 4 65 40 54 6 41 5 43 4 8 3 56 60 21 58 55 27 37
split_gain=0.352886 0.664378 0.596304 0.542973 0.716896 0.802919 0.648297 0.810543 0.490543 0.557777 0.496639 0.483713 0.53117 0.43883 0.404523 0.284512 0.137719 0.0666211 0.0212623 0.0200958 0.00722014 0.0325781 0.00203505 0.00278766 4.89859e-05
threshold=-0.016319079324603077 0.040669512003660209 -0.060975899919867509 -0.0040231868624687186 -0.015386506915092467 -0.045253656804561608 0.018338305875658992 0.011472447775304319 -0.23595214635133741 0.021343938075006012 0.019672300666570667 -0.098118901252746568 0.014555603265762331 0.13136139512062076 0.016365723684430126 -0.074246682226657854 0.02870023995637894 -0.11716557294130324 -0.0074965478852391234 -0.013434570282697676 -0.017382413148880001 0.0033880434930324559 0.0065174996852874765 -0.043154105544090264 -0.0012366324663162229
decision_type=2 2 2 2 2 2 2 2 2 2 2 2 2 2 2 2 2 2 2 2 2 2 2 2 2
left_child=1 8 11 4 15 -6 7 -5 22 10 -10 20 13 -13 -8 -4 17 -3 -11 -19 -2 -22 23 -1 -14
right_child=2 16 3 6 5 -7 14 -9 9 18 -12 12 24 -15 -16 -17 -18 19 -20 -21 21 -23 -24 -25 -26
leaf_value=0 0 0 -0.00083235216336201843 0.0019175373299157551 0.0012770011522856279 -0.0047331307328716083 0.0048191486644218505 -0.0035113372033596332 0.0096129676591061915 0 0 -0.010382644413763862 0 0 -3.5203436915702756e-05 0.0041028641237633844 0 0 -0.0017353273580621551 -0.0054551695012067169 0.001985208083347539 0 0 -0.00079241219281256392 8.0078403844664322e-05
leaf_weight=0.13734490168644753 2.5150278205910581 1.8180386862659359 2.11829338041571 55.238659343129257 16.489805450844869 59.884745745945111 45.797991781393648 36.2015518046137 19.045097320937209 0.87437233595119357 1.1218460711679643 12.485223261448484 0.32351541105163084 1.4278919019125158 5.5725519099069052 17.977671459208068 2.8983529029501369 0.50973799289204214 1.3546333029371442 3.2706826246940164 4.0885537400026832 0.35111510400020041 0.44795796249309194 1.9124327833269517 1.8751575103015046
leaf_count=68 241 139 260 5959 1158 9588 3084 3547 1299 83 72 1919 105 114 381 1609 208 36 102 409 256 49 157 771 201
internal_value=0 0.00268961 -0.000386222 0 -0.00158978 -0.0030681 0.00125342 0 0.00527409 0.00681668 0.00839818 -0.00453237 -0.00692317 -0.00887573 0.00380395 0.00232505 -0.00180831 -0.00398234 0 -0.00509622 0 0.00082969 0 -0.000509708 0
internal_weight=295.738 33.3905 262.348 239.281 96.4705 76.3746 142.811 91.4402 24.8937 22.3959 20.1669 23.0665 16.1118 13.9131 51.3705 20.096 8.49681 5.59846 2.22901 3.78042 6.9547 4.43967 2.49774 2.04978 2.19867
internal_count=31815 3344 28471 25586 12615 10746 12971 9506 2552 1556 1371 2885 2339 2033 3465 1869 792 584 185 445 546 305 996 839 306
is_linear=0
shrinkage=0.03


Tree=202
num_leaves=30
num_cat=0
split_feature=68 15 2 17 14 17 8 40 7 2 44 55 10 35 36 40 59 17 38 35 28 50 15 52 38 28 52 14 20
split_gain=0.36071 0.394061 0.617914 1.04937 0.703508 0.583577 0.607521 0.542869 0.515964 0.477711 0.444531 0.303487 0.382057 0.288908 0.255834 0.279087 0.254598 0.204462 0.13515 0.110268 0.127802 0.116813 0.0928923 0.0625998 0.0493436 0.0453127 0.037782 0.0118309 0.00281981
threshold=-0.55687347054481495 -0.0062190666794776908 0.064562566578388228 -0.0098139587789773924 -0.055072007700800889 -0.023917557671666142 -0.0091501399874687177 -0.016344424337148663 0.030858188867568973 0.034914433956146247 0.010425575077533724 0.0058282818645238885 -0.028628502041101452 -0.0016033723950386045 -0.017670061439275738 0.0027725240215659146 -0.012686401605606077 0.099232625216245665 -0.004908159375190734 -0.012162081897258757 -0.020862112753093239 -0.00074654072523117055 0.0075878277420997628 -0.0068048723042011252 -0.013963416218757628 -0.027004343457520005 0.0034632124006748204 -0.0042486451566219321 -0.019471129402518269
decision_type=2 2 2 2 2 2 2 2 2 2 2 2 2 2 2 2 2 2 2 2 2 2 2 2 2 2 2 2 2
left_child=11 2 3 13 -5 8 7 -7 18 -8 -10 12 24 -2 23 -16 -14 -18 -3 21 28 -13 -22 -4 27 -23 -26 -1 -21
right_child=1 5 14 4 -6 6 9 -9 10 -11 -12 19 16 -15 15 -17 17 -19 -20 20 22 25 -24 -25 26 -27 -28 -29 -30
leaf_value=0 6.5085827683550608e-05 0.00082228912003118174 0.0036558276357903981 -0.0012355980700818124 0.0062684131437564837 0 -0.0019678008207221391 -0.0058882024793917341 0.0075155036546979822 0.0035447645232295892 0 0 0 -0.0046567861059149699 0 -0.0048109867813047351 -0.0089772997893368661 0 -0.0026716238442111647 0 -0.0048264278427286676 0 0 0 -0.0023654362608145109 0.0054844490047792028 0 0.0023960109791603878 0.00046265479573314637
leaf_weight=0.55865424068906611 12.140847346938246 9.9448951590311498 3.8968197588401381 4.3252202816802301 56.47786402658312 11.185981782451561 25.769108599790343 35.799755809071939 13.607603651140382 19.73427047171208 2.7457185469029346 0.73670388285245314 2.6660852579261691 9.0690290236379933 22.407156523768208 14.056312691202036 11.196953578350072 0.52215026170597489 10.625757480920582 0.59655086826387549 3.9620926714160278 0.22339152844506394 1.6489437116797487 2.1245417299796818 3.2388074734153651 2.8131560936235496 4.0087867478614498 2.4835907044180203 6.8562700899565252
leaf_count=128 1651 974 157 374 4888 796 4726 4508 566 1546 267 100 387 1501 1333 1007 2474 11 1297 86 783 27 313 129 766 188 504 94 234
internal_value=0 0.000436975 0.00167549 0.00321154 0.00522538 -0.000549312 -0.00197226 -0.00422046 0.00210951 0 0.00552122 -0.00243244 -0.00429862 -0.00131251 -0.000683866 -0.00214003 -0.00678412 -0.00818955 0 0 -0.000749288 0.00318683 -0.00343447 0.00238262 0 0.00491616 -0.00099374 0.00200452 0
internal_weight=295.423 253.911 124.498 82.013 60.8031 129.413 92.4891 46.9857 36.924 45.5034 16.3533 41.5121 24.675 21.2099 42.4848 36.4635 14.3852 11.7191 20.5707 16.8371 13.0639 3.77325 5.61104 6.02136 10.2898 3.03655 7.24759 3.04224 7.45282
internal_count=31815 25720 11040 8414 5262 14680 11576 5304 3104 6272 833 6095 4364 3152 2626 2340 2872 2485 2271 1731 1416 315 1096 286 1492 215 1270 222 320
is_linear=0
shrinkage=0.03


Tree=203
num_leaves=29
num_cat=0
split_feature=69 55 55 43 46 67 8 17 45 49 31 1 22 62 18 32 34 37 50 18 62 7 2 44 7 53 7 17
split_gain=0.358237 0.486855 0.451741 0.526731 0.553821 0.966277 0.465002 0.6441 0.428053 0.417408 0.342121 0.383285 0.27426 0.22757 0.396145 0.393331 0.375388 0.214333 0.209993 0.193782 0.143452 0.140985 0.123584 0.0791783 0.0629496 0.06164 0.0459985 0.0219142
threshold=-0.23351090401411054 -0.0042958334088325492 0.01042577810585499 0.0092180976644158381 1.0000000180025095e-35 -0.80186232924461354 0.021764658391475681 -0.066946309059858308 0.0094714146107435244 -0.0068773515522480002 0.03559889271855355 -0.22747361660003659 0.007408618927001954 0.0011514127254486086 -0.010630190372467039 0.016103418543934826 0.0078438459895551222 -0.033239882439374917 0.011118182912468912 -0.0051597654819488517 -0.013793526217341421 -0.0051956176757812491 0.045084878802299506 -0.013949986547231672 -0.065840531140565858 -0.0047239530831575385 -0.048196319490671151 -0.03267747908830642
decision_type=2 2 2 2 2 2 2 2 2 2 2 2 2 2 2 2 2 2 2 2 2 2 2 2 2 2 2 2
left_child=1 10 3 4 5 -2 7 -5 9 21 11 26 -6 14 23 18 -16 -11 -15 -8 -13 -4 25 -3 -17 -10 -1 -24
right_child=2 13 8 6 12 -7 19 -9 22 17 -12 20 -14 15 16 24 -18 -19 -20 -21 -22 -23 27 -25 -26 -27 -28 -29
leaf_value=0.002090939609902062 -0.0019645809261944758 0 0.0028293132827514542 0.0021355765515132211 -0.0011788378196972474 0.0056640699000393363 0.0042032929158927739 -0.0054023498478851821 0 0 0 0 0.0022220029637521482 -0.0064615284684113716 0.0058392075684692629 0 0 -0.0084812194997281546 0 0 -0.0087894625675704954 -0.0023537149153270102 0 -0.0033433611225808543 0.002178084422341936 0.0039364156743035969 -0.0011643332072982097 -0.0014395174925564687
leaf_weight=1.6386944986588785 9.9927539003983821 0.92017492446393578 4.583663726283703 5.0038102294929585 41.346923891353072 58.884734626346471 9.2214171823507041 26.81070822050242 0.53070683024270682 0.86098831561684797 1.8108300197563938 0.5937082625278024 31.948806697062537 10.697753027743603 16.792406933764145 0.9888786351220914 5.8378134118356675 10.600894243867517 2.5071721655694992 5.1288544947528854 13.906576573808701 4.0558270606561564 2.8737983115424868 5.0090958366708973 7.5995998941452836 5.8989188177656597 4.1276567060922433 4.5177426130903768
leaf_count=38 1368 160 339 143 3908 4829 747 2815 119 78 123 176 2008 2391 1923 146 854 1461 430 548 3658 432 179 1399 517 293 347 386
internal_value=0 -0.00176231 0.000600441 0.00128238 0.00224129 0.00409317 -0.00101485 -0.00327286 -0.0020933 -0.00469632 -0.00500632 -0.00624867 0 0 0.00163109 -0.00207651 0.00382947 -0.00751339 -0.00506161 0.00199294 -0.00826328 0 0.00034044 -0.0019279 0.000479057 0.00314995 0 0
internal_weight=294.691 72.4304 222.261 188.338 142.173 68.8775 46.1648 31.8145 33.9225 20.1014 22.0775 20.2666 73.2957 50.3529 28.5595 21.7934 22.6302 11.4619 13.2049 14.3503 14.5003 8.63949 13.8212 5.92927 8.58848 6.42963 5.76635 7.39154
internal_count=31815 12162 19653 16366 12113 6197 4253 2958 3287 2310 4342 4219 5916 7820 4336 3484 2777 1539 2821 1295 3834 771 977 1559 663 412 385 565
is_linear=0
shrinkage=0.03


Tree=204
num_leaves=28
num_cat=0
split_feature=46 60 6 46 16 21 45 27 69 63 69 1 48 53 27 33 53 56 67 1 26 53 26 40 26 53 31
split_gain=0.331256 0.454163 0.647506 0.563444 0.546598 0.526741 0.52595 0.428359 0.474158 0.419686 0.403511 0.398517 0.288289 0.26222 0.613283 0.256738 0.231923 0.188002 0.156149 0.119405 0.0789783 0.0615697 0.0684519 0.0438042 0.0115731 0.00732429 0.00445757
threshold=-0.016319079324603077 0.0091483909636735933 -0.071384653449058519 0.002646759152412415 0.0060521438717842111 0.0092765465378761309 -0.021123238839209076 0.0049947127699851998 -0.25492475926876063 -0.0073217805474996558 1.0325422883033755 0.10769798979163171 -0.016994650475680825 0.0016907234676182272 0.0054515600204467782 0.0095731057226657885 0.01070784777402878 1.0000000180025095e-35 -0.57775115966796864 -0.047191441059112542 -0.016239196993410584 -0.0056301220320165149 -0.021511022932827469 0.030880497768521312 -0.021097232587635514 -0.018805550411343571 0.036692116409540183
decision_type=2 2 2 2 2 2 2 2 2 2 2 2 2 2 2 2 2 2 2 2 2 2 2 2 2 2 2
left_child=7 3 12 6 5 -5 17 8 25 -10 -8 -6 -3 14 -4 -14 -11 -2 -15 20 -9 24 -23 -22 -21 -1 -27
right_child=1 2 13 4 11 -7 10 19 9 16 -12 -13 15 18 -16 -17 -18 -19 -20 21 23 22 -24 -25 -26 26 -28
leaf_value=0 0 0 -0.008061768514286272 0.0036970190499643909 -0.004182701114274206 -0.0010576749071642502 -0.0042275295502955711 0 0 0.010149874288965815 0 0.00043666559312843887 0.0087599671023578709 -0.00032442202699626275 0 0 0 0.0047531253783710224 0.0028015513731705546 0 -0.0053325827588672969 0 0.0035576212356766331 0 -0.0012394661967000818 -0.0011382036803422823 0
leaf_weight=1.0557690247260323 1.0615000606812817 6.3366725181986139 6.4263030286274434 48.861495783054124 27.107741345515024 18.419010733428877 81.013848123646312 1.0721799852035476 4.4127616167825208 11.108621729479635 12.082039921398971 12.952391761144098 11.412262967583953 1.7571896084846255 9.171900348756024 0.52011282177409235 1.1140439744776802 5.2975051499452093 18.590678568034491 1.492011567395821 2.6649730593380814 0.40921368437557237 4.2471561423080839 0.19809619341685891 1.7798679097977581 3.1849583718067183 0.32467154976620793
leaf_count=39 281 148 943 3950 3900 2418 11658 109 292 779 617 967 439 362 1021 112 161 317 1338 77 308 103 328 19 214 847 68
internal_value=0 -0.000374561 0.00177302 -0.0011078 0.000159331 0.00199718 -0.00270477 0.0026176 0.00496668 0.00704254 -0.00345958 -0.00214065 0.0057484 0 -0.00304243 0.00779318 0.00917805 0.00236329 0.00133732 -2.92825e-05 -0.00346793 3.81364e-05 0.00239591 -0.00476511 0 0 -0.000880134
internal_weight=294.075 261.011 54.2151 206.796 107.341 67.2805 99.4549 33.0643 21.2008 16.6354 93.0959 40.0601 18.269 35.9461 15.5982 11.9324 12.2227 6.35901 20.3479 11.8635 3.93525 7.92825 4.65637 2.86307 3.27188 4.5654 3.50963
internal_count=31815 28471 4363 24108 11235 6368 12873 3344 2186 1232 12275 4867 699 3664 1964 551 940 598 1700 1158 436 722 431 327 291 954 915
is_linear=0
shrinkage=0.03


Tree=205
num_leaves=28
num_cat=0
split_feature=18 38 1 24 38 21 68 23 57 18 34 12 24 27 26 21 68 31 32 9 37 52 46 52 10 51 31
split_gain=0.345068 0.695868 0.81667 0.673111 0.618857 0.537565 0.466156 0.561629 0.438484 0.377932 0.40305 0.33361 0.327584 0.377969 0.320197 0.286556 0.363329 0.187464 0.178011 0.149303 0.32554 0.113328 0.0679335 0.0242317 0.01933 0.0172443 0.00856435
threshold=0.027421906590461734 0.00059991329908370983 0.090829934924840941 0.017081420868635181 -0.019290193915367123 0.0022615790367126469 0.37544147670269018 -0.0010652765631675718 -0.00157414935529232 0.069979280233383193 0.020992781035602096 0.00037421286106109625 0.013603255152702333 0.022438041865825657 0.0024646837264299397 0.012662790715694429 1.2233987450599673 -0.0081591801717877371 0.0052334330976009378 0.030579417943954471 0.0035263267345726494 -0.002539785578846931 -0.022875204682350155 -0.0014873649924993513 -0.028628502041101452 0.024360975250601772 -0.045748226344585412
decision_type=2 2 2 2 2 2 2 2 2 2 2 2 2 2 2 2 2 2 2 2 2 2 2 2 2 2 2
left_child=1 4 15 5 12 9 7 -6 -8 10 -2 18 13 -1 -13 16 -3 -5 -4 20 -7 -21 -19 -17 -14 -24 -11
right_child=3 2 11 17 6 19 8 -9 -10 26 -12 14 24 -15 -16 23 -18 22 -20 21 -22 -23 25 -25 -26 -27 -28
leaf_value=-0.0072260457955993351 0.0073608828054510861 -0.0063502907196401094 -0.0040416463620981452 0 0 -0.0065347285425391638 -0.0053256351957635586 0.0055040238183261449 0.00096998107510395427 0 0 0 0.0012736134911898922 0 0.0059689270199330497 -0.0014704062526620385 0 0 0 0.0036103734149375982 0 0 -0.0060968156645912278 0 0 0 -0.00099890016091696036
leaf_weight=11.659147040245445 29.439569935839245 43.301669253816726 6.737189242889146 4.9764298004047305 33.554860061460204 4.372253416047899 8.2927820102377172 37.886811885102361 21.113611568667693 1.340705461654579 7.8298191586436579 5.5204971332423183 5.7250542937326827 3.5646698311611535 11.221437410240467 5.0867733229279137 4.9437302069818534 0.51145172670658201 4.8822326314184465 4.9068014427248281 4.5461782721577038 8.3941034476156311 5.779001085466005 11.94924093886584 3.4810973525236459 0.16573461849475268 2.7248943688609861
leaf_count=1247 1655 6552 1221 367 3141 772 1348 4003 2334 66 358 738 242 279 807 1081 721 83 513 316 499 562 759 1392 498 19 242
internal_value=0 -0.000604178 -0.00256492 0.00169138 0.000673349 0.00314792 0.00189765 0.0032224 -0.000449416 0.00501028 0.00596358 0.000793924 -0.00282502 -0.00511779 0.00365066 -0.00440368 -0.00551731 -0.0030741 -0.00137706 0 -0.0027757 0.00121774 -0.00531812 0 0 -0.00593214 0
internal_weight=293.908 218.921 93.6428 74.9869 125.278 63.5543 100.848 71.4417 29.4064 41.335 37.2694 28.3614 24.43 15.2238 16.7419 65.2814 48.2454 11.4326 11.6194 22.2193 8.91843 13.3009 6.45619 17.036 9.20615 5.94474 4.0656
internal_count=31815 26117 13025 5698 13092 4470 10826 7144 3682 2321 2013 3279 2266 1526 1545 9746 7273 1228 1734 2149 1271 878 861 2473 740 778 308
is_linear=0
shrinkage=0.03


Tree=206
num_leaves=31
num_cat=0
split_feature=28 54 40 21 2 28 33 47 63 21 27 16 65 13 28 45 50 65 43 42 38 16 54 3 63 40 21 69 42 50
split_gain=0.33692 0.505236 0.623442 0.512889 0.478621 0.447216 0.422176 0.420882 0.430618 0.413225 0.488743 0.443157 0.452437 0.342305 0.333818 0.321445 0.357078 0.251722 0.247714 0.20898 0.196602 0.187421 0.174574 0.1451 0.111015 0.105739 0.0829378 0.0566309 0.0365468 0.0255625
threshold=-0.0094666257500648481 -0.0019352771341800688 0.013269572984427215 -0.01045289635658264 0.29182536900043493 0.012462326791137459 -0.016286954283714291 0.0091670574620366114 -0.006010042503476142 0.0092765465378761309 0.0054515600204467782 0.014420889317989351 -0.25606115162372584 -0.021747654303908345 -0.0037924597272649403 0.0048498758114874372 -0.0026660673320293422 -0.09480049833655356 -0.015666999854147431 0.01979740429669619 -0.0016197264194488523 -0.0014785602688789366 -0.0021610222756862636 0.0027532125823199753 0.0041603110730648049 -0.01077289506793022 0.019911766052246097 -0.25542525947093958 -0.0016915230080485342 -0.009772155433893202
decision_type=2 2 2 2 2 2 2 2 2 2 2 2 2 2 2 2 2 2 2 2 2 2 2 2 2 2 2 2 2 2
left_child=9 2 4 5 6 13 -2 8 -5 10 11 12 -1 -3 -9 16 28 -18 27 -20 -7 24 -17 -24 -4 -13 -23 -12 -11 -6
right_child=1 3 21 7 29 20 -8 14 -10 15 18 25 -14 -15 -16 22 17 -19 19 -21 -22 26 23 -25 -26 -27 -28 -29 -30 -31
leaf_value=0 0 0 0.0046916172123666463 0 0 0.0032415137879695352 -0.0068473349117034819 0.001394348756773406 0.0046650913005961848 -0.0012815266153183077 0 0.0024434588305830294 0.0068561124854193221 -0.0067003839349904695 -0.0045733185309123521 0 0 -0.0089049420478618923 -0.0038340047929778629 0 -0.0012970959056004283 -0.0030206287210810855 0.0056334615423668582 0 0 -0.0012791966640973691 0 0.0036044855990698885 0.0011885943167770005 0.0015872310358726908
leaf_weight=4.478024958378227 10.4336610700484 7.3009324806371305 7.94366800976786 12.823770387956754 0.59531608876568487 10.400372176292874 36.131920320340214 5.7872685722977613 41.936357939321169 3.9336527235645926 0.36752881439315377 5.9477092106935769 32.657946160295978 15.014022676699824 9.3797073440728109 10.199279357802881 2.3536937508142728 5.6344601648379458 17.463804714891015 2.2504666487766363 5.2516369382828989 3.2312802243832257 4.7243220026430199 2.7422372934852319 0.94748221426198131 13.212241639066631 3.0858234183979221 5.1432537537912166 7.8969728217234669 4.2235625384782898
leaf_count=944 1314 752 466 1838 71 791 5997 290 4523 503 68 325 1925 1685 1425 706 472 607 2239 192 751 522 336 379 201 1118 269 235 653 218
internal_value=0 -0.000830836 -0.0028308 0.000208517 -0.00445293 -0.00210334 -0.00548003 0.00192073 0.00325696 0.00120256 0.00246157 0.00396598 0.00568743 -0.00464937 -0.00102751 -0.000796833 -0.0034498 -0.00689093 -4.02174e-06 -0.00239808 0.000320703 0.000911097 0.000960335 0.00377887 0.0036493 0 -0.000201575 0.00277289 0 0.000153269
internal_weight=293.492 174.487 66.5927 107.894 51.3845 37.967 46.5656 69.9271 54.7601 119.006 81.521 56.2959 37.136 22.315 15.167 37.4846 19.8188 7.98815 25.2251 19.7143 15.652 15.2083 17.6658 7.46656 8.89115 19.16 6.3171 5.51078 11.8306 4.81888
internal_count=31815 21113 9058 12055 7600 3979 7311 8076 6361 10702 7046 4312 2869 2437 1715 3656 2235 1079 2734 2431 1542 1458 1421 715 667 1443 791 303 1156 289
is_linear=0
shrinkage=0.03


Tree=207
num_leaves=31
num_cat=0
split_feature=11 20 49 52 9 63 69 40 20 38 40 58 34 46 46 62 50 31 63 48 2 20 1 24 58 51 34 20 50 9
split_gain=0.352367 0.530172 0.575972 0.63849 0.475401 0.421364 0.410977 0.558659 0.617619 0.569532 0.499313 0.488257 0.382871 0.491449 0.35768 0.249618 0.428103 0.252652 0.228899 0.221838 0.220479 0.31368 0.111664 0.0747776 0.0654426 0.0447944 0.0301338 0.0297508 0.0240223 1.45585e-05
threshold=-0.024237226694822308 0.016235510818660263 0.011538941413164141 0.011945965699851515 0.070126079022884383 0.0042550610378384599 -0.00022453469864558426 0.011549027636647226 0.0049536656588315972 -0.019881099462509152 -0.0073836278170347205 0.0061337016522884378 0.0051473351195454606 0.022996146231889728 -0.02375703118741512 0.00096701830625534068 0.0050510484725236901 0.03559889271855355 0.010934842750430109 0.0058872308582067498 -0.14107136428356168 0.03386154584586621 0.015536084771156313 0.035417053848505027 -0.014072634279727934 0.020030818879604343 -0.0068790426012128583 -0.027549002319574353 0.0042339935898780831 -0.020132511854171749
decision_type=2 2 2 2 2 2 2 2 2 2 2 2 2 2 2 2 2 2 2 2 2 2 2 2 2 2 2 2 2 2
left_child=1 2 3 4 -1 20 12 9 11 18 -11 -9 15 14 -14 16 -2 -17 -8 -10 29 -22 28 24 -7 -24 -5 -15 -4 -3
right_child=6 5 22 26 -6 23 7 8 19 10 -12 -13 13 27 -16 17 -18 -19 -20 -21 21 -23 25 -25 -26 -27 -28 -29 -30 -31
leaf_value=-0.0090967888948844527 0.0047583246031893435 0 -0.0016755384753701869 0 0 0 -0.0073346970525221605 0.0088867475237784758 -0.0029104958245177118 0.0036710575239414919 -0.00018380729555094952 0 0 0 -0.0068234247188133437 -0.0033705677245851337 -0.00060668640514523588 0.0015230358782161539 0 0.0029302108034363703 0.0063627219194851183 0 0.0034506997426004462 0 -0.0043284672823815547 0 0.0017677596769784751 0.0017498977142394179 0 -4.4851940943072985e-05
leaf_weight=21.761648993266139 19.72145276738593 0.18155154883424995 2.829124201842204 4.2068715033874469 6.3906070704979347 1.6974035366547457 5.6405321534039086 19.000916308104937 7.6877902155028988 39.349309166198509 54.474444816612959 1.4740349867788598 1.3620803294543353 0.5175490526962675 19.909568766734083 17.708667191905992 9.7180056267388846 2.609364455791364 3.0159854317244026 5.7354129066952737 13.978330843887308 7.5085974717767376 6.8543418255176221 1.7632905155332981 7.1814547001158635 0.35110214610176615 3.6786141343654881 4.8675571234452937 0.75155605668260239 1.5132433542967214
leaf_count=4036 2414 77 268 333 697 84 632 1018 769 3084 4994 241 169 138 3616 2877 1468 192 177 330 876 683 527 78 882 51 404 218 164 318
internal_value=0 -0.00163022 -0.00366048 -0.00543465 -0.00734125 0.000517094 0.000641089 0.00168526 0.00481057 0.000196661 0.00123328 0.0075601 -0.000843035 -0.00355017 -0.0056473 0.000251139 0.00228527 -0.00138051 -0.00517993 0 0.00319445 0.00428358 0.000210671 -0.00255396 -0.00349292 0.00287433 0 0.000575547 -0.000204738 0
internal_weight=293.44 80.6477 46.8239 36.0377 28.1523 33.8239 212.793 136.378 33.8982 102.48 93.8238 20.475 76.4142 26.6568 21.2716 49.7575 29.4395 20.318 8.65652 13.4232 23.1817 21.4869 10.7861 10.6421 8.87886 7.20544 7.88549 5.38511 3.58068 1.69479
internal_count=31815 9478 6480 5470 4733 2998 22337 11245 2358 8887 8078 1259 11092 4141 3785 6951 3882 3069 809 1099 1954 1559 1010 1044 966 578 737 356 432 395
is_linear=0
shrinkage=0.03


Tree=208
num_leaves=25
num_cat=0
split_feature=68 57 68 55 49 1 4 10 51 53 3 21 50 23 26 58 57 21 5 16 55 19 33 41
split_gain=0.294688 0.35466 0.324406 0.46535 0.798159 0.749282 0.564742 0.420319 0.386621 0.311651 0.23699 0.205745 0.2708 0.274432 0.200606 0.165799 0.149183 0.1566 0.120596 0.103915 0.0742354 0.060353 0.00657998 0.00227412
threshold=-0.55687347054481495 0.0033764578402042393 1.5356076359748843 0.0030901897698640828 0.0076715238392353067 0.01413625478744507 0.061713378876447685 -0.059575766324996941 0.0011935925576835873 0.0066032577306032189 -0.11022726073861121 0.0025882422924041752 -0.0033291410654783245 -0.028327636420726773 -0.029976084828376767 0.012164570391178133 -0.010966694913804529 0.01871847361326218 0.045207299292087562 0.08720532059669496 0.022845693863928321 0.030992984771728519 0.00074985623359680187 -0.0066028833389282218
decision_type=2 2 2 2 2 2 2 2 2 2 2 2 2 2 2 2 2 2 2 2 2 2 2 2
left_child=1 11 3 5 8 9 -7 -6 -5 -2 -3 12 21 -14 -12 18 22 19 -13 -18 -16 -1 -4 -24
right_child=2 10 16 4 7 6 -8 -9 -10 -11 14 15 13 -15 20 -17 17 -19 -20 -21 -22 -23 23 -25
leaf_value=-0.0027250659180025716 0.00098306393430847949 0 0 0.0023562855809616538 0 0.0055992719133830509 0 -0.0082864157820444623 -0.0019518082228738279 -0.0027957563784180386 0 -0.0063711409851457184 0 0.0059554341859052243 -0.0094097687449835547 0 -0.0062567357001897727 0 0 0 0 0 0 0.0010849952821895459
leaf_weight=2.9595378281901534 65.159428878976541 2.5801869537172024 0.81424608923407804 41.420036186136713 3.5822401039258684 49.423083495828905 19.618819860028452 11.579637771144915 21.597047307426692 22.210278730723076 1.3721194517856927 4.341425473616253 2.608349875845307 10.497780401328782 6.347726213240092 7.8511562859712285 8.8775167859457689 4.7739382814834235 1.2976247468468498 0.74940920087101481 0.21225467435579037 0.97864716247931927 0.48624887984260645 1.7691010931375779
leaf_count=514 6634 265 262 3563 282 4045 1379 1587 2846 2432 175 1188 282 1008 1936 340 1706 634 250 78 23 114 121 151
internal_value=0 -0.00221015 0.0003959 0.000811363 -0.000797459 0.00180115 0.00402243 -0.00614022 0.000403818 0 -0.00592257 0 0.00170047 0.0040886 -0.007653 -0.00256263 -0.00278696 -0.00398956 -0.0050437 -0.00554501 -0.00900769 -0.000732029 0 0.00090345
internal_weight=293.108 41.0468 252.061 234.591 78.179 156.412 69.0419 15.1619 63.0171 87.3697 10.5123 30.5345 17.0443 13.1061 7.9321 13.4902 17.4705 14.4009 5.63905 9.62693 6.55998 3.93818 3.0696 2.25535
internal_count=31815 6095 25720 22768 8278 14490 5424 1869 6409 9066 2399 3696 1918 1290 2134 1778 2952 2418 1438 1784 1959 628 534 272
is_linear=0
shrinkage=0.03


Tree=209
num_leaves=30
num_cat=0
split_feature=11 20 49 52 27 44 30 37 6 33 51 33 57 63 55 52 42 33 2 5 54 47 21 24 6 34 60 9 11
split_gain=0.324355 0.493115 0.55389 0.586193 0.591087 0.489741 0.532425 0.479479 0.470392 0.492931 0.44374 0.439998 0.432643 0.390513 0.393283 0.365709 0.3403 0.32956 0.309667 0.296975 0.213456 0.0822936 0.0783916 0.0730309 0.0621887 0.0295745 0.0247503 0.0174106 0.0016934
threshold=-0.024237226694822308 0.016235510818660263 0.011538941413164141 0.011945965699851515 0.02623698860406876 0.0050340555608272561 -0.029271414503455159 0.0058791390620172032 0.018736854195594791 -0.023102497681975361 0.010595037136226894 0.0022549889981746678 -0.00018453039228916166 0.0042550610378384599 0.0029974319040775303 -0.0073282085359096518 0.020315974950790409 0.01386353373527527 -0.14107136428356168 -0.030631050467491146 -0.0096245929598808271 0.0086060520261526125 -0.043399389833211892 0.035417053848505027 -0.1060480773448944 -0.0068790426012128583 0.0057410616427659997 -0.08166219666600226 -0.07764099538326262
decision_type=2 2 2 2 2 2 2 2 2 2 2 2 2 2 2 2 2 2 2 2 2 2 2 2 2 2 2 2 2
left_child=1 2 3 4 -1 6 17 11 9 -8 16 19 -13 14 18 -10 -9 20 -3 -7 -2 22 -4 24 -15 -5 -16 -12 -23
right_child=5 13 21 25 -6 7 8 10 15 -11 27 12 -14 23 26 -17 -18 -19 -20 -21 -22 28 -24 -25 -26 -27 -28 -29 -30
leaf_value=-0.0085287380908756743 0 0 0 0 0 0 -0.003179615876993802 0.0075278445443407727 0.00037255353057739779 0.0028153008977862201 0 0 -0.0065828222579725698 0 -0.0016590629342307279 -0.0037069874248367237 0 0 0.0071892411920505168 0.0041343583170276761 -0.0097829991962799425 0 0.0032335363084618324 0 -0.0045054334128133179 0.0017483570765984607 0 -0.0014625858219415803 -0.00050537222471380878
leaf_weight=25.266237692074359 3.051191214573918 1.1908258092116728 0.5164178467457522 4.2205766379556735 2.7098059757117872 6.5644205649878158 6.0919970384384206 24.093407873137046 17.631427838970922 69.501107136748033 1.1329932936641856 9.9373505025723734 7.9093342657106396 3.2368499090953256 3.0927594290878897 30.904844364151359 0.68654397311183757 3.4345340668951385 12.415521844051911 23.856830767632346 5.2025507403450311 0.37878620531409979 8.9121215991035552 1.7492871493013797 5.5784301429994221 3.7076262788723389 6.4436196068927529 2.325097649532835 0.96730354210740077
leaf_count=4334 218 248 94 333 399 1064 675 1796 1514 8124 77 1154 1149 148 599 3351 156 220 913 1783 585 52 690 78 818 404 194 471 174
internal_value=0 -0.00156667 -0.00353103 -0.00528382 -0.00711546 0.000615543 -0.000286983 0.00250515 0.000153392 0.00179264 0.00532657 0 -0.00272803 0.000483303 0.00308286 -0.00176829 0.00671398 -0.00540617 0.00577914 0.00252577 -0.0076928 0.000231462 0.00227854 -0.00244484 -0.00338994 0 0 0 0
internal_weight=292.71 80.3862 46.6789 35.9042 27.976 212.324 135.818 76.506 124.129 75.5931 28.238 48.2679 17.8467 33.7073 23.1427 48.5363 24.78 11.6883 13.6063 30.4213 8.25374 10.7746 9.42854 10.5646 8.81528 7.9282 9.53638 3.45809 1.34609
internal_count=31815 9478 6480 5470 4733 22337 14687 7650 13664 8799 2500 5150 2303 2998 1954 4865 1952 1023 1161 2847 803 1010 784 1044 966 737 793 548 226
is_linear=0
shrinkage=0.03


Tree=210
num_leaves=26
num_cat=0
split_feature=63 65 65 2 33 48 3 67 64 7 37 49 51 59 37 56 27 4 63 65 37 14 11 1 17
split_gain=0.302232 0.843328 0.435302 0.554225 0.423362 0.368305 0.391997 0.519288 0.346253 0.278407 0.247554 0.231183 0.157777 0.155372 0.175103 0.142865 0.183022 0.113426 0.108141 0.0810013 0.0617952 0.00508097 0.00307511 0.00837939 0.000602109
threshold=0.0062291808426380166 -0.51201376318931568 1.7161994576454165 -0.076981201767921434 -0.016503589227795597 0.019946606829762462 0.086512967944145217 0.23313068598508838 1.1923077106475832 0.1360440403223038 -0.034984206780791276 0.014394529163837435 0.0081816641613841074 0.0081169046461582201 -0.0085211079567670805 1.0000000180025095e-35 -0.0053385309875011435 0.14933097362518313 0.0047407001256942758 3.0186969041824345 -0.0080529199913144094 -0.0073440074920654288 0.02258214354515076 -0.053218260407447808 -0.013376015238463877
decision_type=2 2 2 2 2 2 2 2 2 2 2 2 2 2 2 2 2 2 2 2 2 2 2 2 2
left_child=1 11 3 15 24 6 7 -3 10 -6 -7 17 -8 14 -4 16 -2 18 -1 -16 -17 -10 23 -15 -5
right_child=2 5 13 4 9 8 12 -9 21 -11 -12 -13 -14 22 19 20 -18 -19 -20 -21 -22 -23 -24 -25 -26
leaf_value=-0.0078258570195259732 0 0.00082713438110552896 0 0.00026232299896919984 -0.0078593201704505681 0 -0.0041020389374409666 0.0048955070800668649 0.00069396985873394334 0 -0.0077676056293862995 0 0 -0.0012346122727381057 0.0058563790253428625 0 0.0046930804836020617 0 0 0 -0.0026799090030509461 0 0 0 0
leaf_weight=10.541730785686006 2.1581689589183952 148.40150097071091 2.7850617919757488 2.8748977436589485 22.457611776098933 1.128939326314139 8.0961151945266447 42.278892505539261 4.495288342848653 3.8581503113964564 5.7313938449296966 0.85517232734491777 4.343359758720907 1.7632793294178557 6.816695776564301 3.6580338258863776 7.2019210012767889 0.20061401999191808 0.40863151925805219 0.66045792443037488 6.1623390389868273 0.76962554012425233 2.1480978646141011 0.49725142703391512 2.2494826753682018
leaf_count=4170 394 10800 144 363 3837 63 1734 4557 136 287 795 262 965 137 211 319 759 125 223 60 912 77 59 18 408
internal_value=0 0.00052164 -0.00172356 -0.00318896 -0.00540467 0.00112315 0.00154416 0.00198455 -0.00256942 -0.00679394 -0.00598393 -0.00565772 -0.00211981 0.00133296 0.0033841 0 0.00269151 -0.00682548 -0.00731937 0.00516129 -0.00128709 0 0 -0.000617401 0
internal_weight=292.543 227.251 65.2914 50.6206 31.4401 215.245 203.12 190.68 12.1252 26.3158 6.86033 12.0061 12.4395 14.6708 10.2622 19.1805 9.36009 11.151 10.9504 7.47715 9.82037 5.26491 4.40863 2.26053 5.12438
internal_count=31815 23907 7908 7279 4895 19127 18056 15357 1071 4124 858 4780 2699 629 415 2384 1153 4518 4393 271 1231 213 214 155 771
is_linear=0
shrinkage=0.03


Tree=211
num_leaves=30
num_cat=0
split_feature=28 50 41 7 4 21 38 27 3 11 38 28 20 46 35 0 14 7 46 19 38 27 45 20 4 21 28 11 64
split_gain=0.314126 0.454278 0.457491 0.416938 0.540088 0.410756 0.516485 0.51581 0.502955 0.388926 0.488912 0.552579 0.343089 0.302946 0.288539 0.276818 0.212419 0.207146 0.184523 0.26174 0.211363 0.144694 0.173939 0.0847436 0.0944201 0.0702829 0.0444853 0.015954 0.00206307
threshold=-0.0094666257500648481 0.0053020585328340539 -0.017638891935348507 0.021420203149318699 0.17581072449684146 0.0092765465378761309 0.00072094798088073741 0.0017816834151744845 -0.14473765343427655 0.047134144231677062 0.0020921304821968083 -0.0036196621367707844 -0.027089178562164303 -0.008690152317285536 0.0040851701050996789 -0.27177180349826807 0.0038807578384876256 -0.086548183113336549 0.0072948597371578225 0.034977585077285774 0.0092154741287231463 1.0000000180025095e-35 -0.0053435028530657283 0.019270634278655056 -0.047302853316068642 -0.0070618540048599234 -0.00094307056860998262 -0.017218556255102154 -0.2692307755351066
decision_type=2 2 2 2 2 2 2 2 2 2 2 2 2 2 2 2 2 2 2 2 2 2 2 2 2 2 2 2 2
left_child=5 9 23 4 -4 6 7 8 -1 10 12 -12 -2 21 15 -15 17 -11 19 -8 -20 28 -23 24 -3 -9 -5 -16 -7
right_child=1 2 3 26 -6 13 18 25 -10 16 11 -13 -14 14 27 -17 -18 -19 20 -21 -22 22 -24 -25 -26 -27 -28 -29 -30
leaf_value=0 -0.0032830232720129963 0 -0.0077959953818150258 -0.0013274848871354106 0 0 -0.0031970471206195518 -0.0019093381193620571 0.0078633223905997668 0 0.00088046483464436921 -0.0054956549216681879 0.0016390828226603865 0 0.00084634523265657768 -0.0068121906136907441 0 0.0060339164116391267 0 0.0014704879956196301 0.0044133056689638376 0 0.0052155552177464834 0 0.0043581311576072817 0.0013597440475215149 0.0014204257244283555 -0.0006704777060435466 -0.0005335443263308773
leaf_weight=3.3799283003463634 8.6318965068967355 1.6928983678044458 24.488290766772483 3.7245348867072607 4.0292294263126669 1.4432147798870576 22.794780379103035 6.8468649200513028 25.542267808417822 0.83437004779261847 6.5548893512459463 26.852189623667073 60.65453629014155 0.99510573080260556 8.9319154868753667 11.630421005764221 9.4914835086165095 13.662959011271596 3.5261971353065737 3.7051710099512993 9.8350667544436856 0.90391791727233783 7.0039541352452943 2.1655721814568096 3.7678546211682251 5.852913851678748 7.2235126247214776 4.741406788067251 1.5225316722353435
leaf_count=264 1157 275 4325 451 128 209 2368 872 1625 143 874 3904 5802 149 418 1497 1065 989 412 257 584 166 325 284 467 664 1249 683 209
internal_value=0 -0.00080411 -0.00317296 -0.00457552 -0.00624252 0.00116254 0.00242067 0.00456507 0.00650592 0 -0.000668709 -0.00351172 0.000442334 -0.000843984 -0.00289838 -0.00544527 0.003227 0.00502874 0 -0.00146224 0.00231873 0.00158269 0.00362894 0.000646862 0.00279214 0 0 0 0
internal_weight=292.43 173.774 47.0919 39.4656 28.5175 118.656 81.4832 41.622 28.9222 126.682 102.694 33.4071 69.2864 37.1725 26.2988 12.6255 23.9888 14.4973 39.8612 26.5 13.3613 10.8736 7.90787 7.62633 5.46075 12.6998 10.948 13.6733 2.96575
internal_count=31815 21113 7179 6153 4453 10702 7046 3425 1889 13934 11737 4778 6959 3656 2747 1646 2197 1132 3621 2625 996 909 491 1026 742 1536 1700 1101 418
is_linear=0
shrinkage=0.03


Tree=212
num_leaves=31
num_cat=0
split_feature=18 38 21 64 9 56 11 55 41 55 38 68 25 57 55 52 28 65 25 69 65 65 37 11 32 10 29 54 52 37
split_gain=0.348568 0.583549 0.560553 0.548632 0.548506 0.499648 0.461756 0.507701 0.511851 0.429584 0.347334 0.361278 0.525301 0.449135 0.322118 0.352374 0.287947 0.284492 0.283842 0.273173 0.252598 0.148724 0.248182 0.134102 0.113762 0.100276 0.0152276 0.0031518 0.00101497 0.000296108
threshold=0.027421906590461734 0.0017099678516387942 0.0035860911011695866 -1.0000000180025095e-35 0.030579417943954471 0.0089456066489219683 -0.03168754652142524 -0.0064222775399684897 0.036177162081003196 -0.0060144159942865363 -0.019290193915367123 0.37544147670269018 0.025227110832929615 -0.00157414935529232 -0.018668953329324719 0.01613996829837561 -0.019135644659399983 -0.22094545513391492 0.0090566687285900133 0.25597126781940466 1.4115395545959475 0.28952048718929296 0.012876912951469423 -0.085862398147582994 -0.015223431866616009 -0.065574698150157915 0.025763422250747684 0.012008057907223703 0.0059750666841864595 0.0036719404160976414
decision_type=2 2 2 2 2 2 2 2 2 2 2 2 2 2 2 2 2 2 2 2 2 2 2 2 2 2 2 2 2 2
left_child=1 10 6 9 5 25 23 24 -9 17 18 12 -12 -13 28 -16 -11 -3 20 -20 -1 27 -23 -2 -8 -4 -25 -6 -5 -7
right_child=2 3 4 14 21 29 7 8 -10 16 11 13 -14 -15 15 -17 -18 -19 19 -21 -22 22 -24 26 -26 -27 -28 -29 -30 -31
leaf_value=-0.006080998223052087 0 0 0 0.00032898238043676788 -0.00061540844463178984 0 0.0016855572955705922 0.0077821088776768811 0 0.001058124887886393 0.0035429418958455258 -0.0054882777683140371 -0.0021102888554349994 0.00076878266003870389 -0.005977786777353355 0 -0.0038466259721072829 0.006580396569657471 0.0050255003430219394 -0.0016047206654390227 0 0.0062350246718086864 0 -0.0041716314805054222 -0.0026319362069685314 -0.0091694811793015356 0 0 0 0.00019879436561523762
leaf_weight=11.550487547523518 2.9193014061165741 3.4260392822761787 0.9388664917787527 3.4401562082930459 2.4898593335055916 1.2961115429425256 5.4132491613418097 28.604456469081924 3.5935826067288863 3.6705627525589106 69.729970067424802 8.3975580782898778 7.832659474490355 21.683576330062351 42.002445314450597 6.2239199796749736 18.06193420919044 7.7218321756299684 3.5990014619674167 6.1380867916013813 3.1177905774238743 5.2552638850902422 6.0186345342372078 2.9279734637966608 5.5095562276837864 7.1581548761314506 0.26053401544049837 0.25340616460016452 0.65429732458869683 1.7434935943674643
leaf_count=1302 114 1225 138 177 481 198 268 1615 100 630 6792 1422 1039 2530 4332 438 4668 516 440 403 121 321 143 383 525 1189 48 69 82 106
internal_value=0 -0.00060949 0.00170641 -0.00253307 -0.000999565 -0.00546715 0.00360695 0.00481907 0.00650588 0 0.000459881 0.00137307 0.00251546 -0.000656069 -0.00432564 -0.00505937 -0.00185303 0.00427298 -0.00209626 0 -0.00442246 0.0014766 0.00328219 -0.000566942 0 -0.00843572 -0.00389553 0 0 0
internal_weight=291.633 217.25 74.3824 85.2012 25.1538 11.1366 49.2287 43.1208 32.198 32.8804 132.049 107.644 77.5626 30.0811 52.3208 48.2264 21.7325 11.1479 24.4054 9.73709 14.6683 14.0172 11.2739 6.10781 10.9228 8.09702 3.18851 2.74327 4.09445 3.03961
internal_count=31815 26117 5698 12068 2645 1631 3053 2508 1715 7039 14049 11783 7831 3952 5029 4770 5298 1741 2266 843 1423 1014 464 545 793 1327 431 550 259 304
is_linear=0
shrinkage=0.03


Tree=213
num_leaves=31
num_cat=0
split_feature=18 21 14 11 3 67 66 36 29 41 29 62 4 54 26 37 25 44 68 3 11 25 57 54 11 28 14 36 67 37
split_gain=0.281215 0.532923 0.497093 0.633746 0.50899 0.425322 0.303281 0.503236 0.513763 0.383542 0.472518 0.359138 0.358141 0.407299 0.39643 0.290891 0.286847 0.216983 0.202575 0.178163 0.163033 0.14545 0.0453645 0.105776 0.0427193 0.032716 0.0323185 0.024183 0.0229589 0.000115422
threshold=0.027421906590461734 0.0035860911011695866 -0.033758874982595437 -0.03168754652142524 0.055157758295536048 0.077964968979358687 -0.41340540349483484 0.00060284137725830089 -0.0016391333192586897 0.015029206871986391 0.0017592236399650576 0.0068351738154888162 -0.14632634073495862 -0.014047075062990187 -0.030743222683668133 0.0057580545544624337 0.01896706968545914 0.020866870880126957 0.39111533761024481 0.031874436885118491 0.0066748540848493585 -0.0015850514173507688 0.0091700721532106417 0.013534778729081156 -0.11221081763505934 -0.011179341468960045 -0.074151173233985887 -0.017670061439275738 -0.041377298533916466 0.010392141528427603
decision_type=2 2 2 2 2 2 2 2 2 2 2 2 2 2 2 2 2 2 2 2 2 2 2 2 2 2 2 2 2 2
left_child=6 2 21 24 -5 15 12 9 16 10 -8 -10 22 28 -15 17 -9 -3 -11 20 -7 25 23 -1 -4 -2 -23 -24 -14 -17
right_child=1 5 3 4 -6 19 7 8 11 18 -12 -13 13 14 -16 29 -18 -19 -20 -21 -22 26 27 -25 -26 -27 -28 -29 -30 -31
leaf_value=-0.0027956599020286586 0 -0.0085826758795981752 0 0.0075245862847361381 0 0.0059295150245838738 0 -0.0024473149613655014 0.0043094690551168198 0.0037751066892241034 -0.0057664278758797561 0 0 0 -0.0068070240675252467 0 0.0021860388462407593 0 -0.00023558311101566865 0 0 0 0.0029454712870306404 0.00071672073918895138 -0.0024594363435075043 0.0018230308596759654 -0.0043047853689981855 0 0.0015936773559860685 -8.9275698849426396e-05
leaf_weight=6.4755394300227618 0.61720773052365974 6.2635906702707933 0.56387979182181913 31.984770397604734 3.9454423846837008 5.0427302015232254 33.76190761423095 29.969093994024661 48.108424198071589 9.3776082632793969 24.586068139924464 9.7680515577412717 1.12268301541917 3.0559397784454623 24.89465989228302 1.2117873732640863 8.4794859566427458 0.52567982552864112 5.9307738773459269 2.1510658544211765 2.0402901677807677 1.1815803616918854 2.2146361784689366 5.7248767766868696 3.122351814465218 3.9369498364394531 3.6973532514530216 0.7262879893896742 3.1356745480497912 8.0336068473188771
leaf_count=455 84 751 18 1360 539 330 4117 3958 4584 732 4279 952 175 313 4552 148 707 81 565 583 338 120 44 226 376 229 327 101 357 414
internal_value=0 0.00153357 0.00341498 0.0049115 0.00632215 -0.00108819 -0.00054711 0 0.00146136 -0.00173409 -0.0029693 0.00324742 -0.00254661 -0.00421745 -0.00558662 -0.00420884 -0.000601026 -0.00733574 0.00106862 0.00179803 0.00413266 -0.000315643 0 0 -0.00110902 0.000164033 -0.00365656 0.00226748 0 0
internal_weight=291.65 74.3183 49.0495 39.6164 35.9302 25.2688 217.332 169.981 96.3251 73.6564 58.348 57.8765 47.3503 32.209 27.9506 16.0347 38.4486 6.78927 15.3084 9.23409 7.08302 9.43309 15.1413 12.2004 3.68623 4.55416 4.87893 2.94092 4.25836 9.24539
internal_count=31815 5698 3053 2293 1899 2645 26117 19894 10201 9693 8396 5536 6223 5397 4865 1394 4665 832 1297 1251 668 760 826 681 394 313 447 145 532 562
is_linear=0
shrinkage=0.03


Tree=214
num_leaves=31
num_cat=0
split_feature=28 54 11 31 16 50 21 15 53 68 28 58 1 4 50 20 53 32 61 50 41 7 31 45 2 20 35 11 50 21
split_gain=0.295361 0.568439 0.652072 0.520041 0.532856 0.43374 0.385477 0.37923 0.496879 0.525216 0.591319 0.35369 0.336877 0.683714 0.388363 0.282357 0.527643 0.425171 0.400224 0.351791 0.295775 0.100927 0.125363 0.0954054 0.0803751 0.0572715 0.0354497 0.0332955 0.0240939 0.0140475
threshold=-0.0094666257500648481 -0.0019352771341800688 0.021290723234415058 0.020811965689063076 0.073525995016098036 -0.0085580926388502104 -0.017782904207706448 -0.027138084173202511 -0.010250085499137638 0.57363358139991771 -0.026016900315880772 0.0063583776354789743 -0.026860542595386502 0.049647450447082526 0.00041575357317924505 0.019870073534548286 -0.0047239530831575385 -0.0072749806568026534 -0.0011894418857991693 -0.0027483627200126644 -0.016633838415145871 -0.014122977852821348 -0.0072742123156785956 -0.024153756909072396 -0.0053393393754959098 0.035208677873015411 -0.00074506923556327809 0.082295622676610961 0.0088110547512769716 -0.0034416243433952327
decision_type=2 2 2 2 2 2 2 2 2 2 2 2 2 2 2 2 2 2 2 2 2 2 2 2 2 2 2 2 2 2
left_child=7 2 3 4 -2 6 24 8 26 10 -10 -8 13 -7 -14 16 19 -18 20 -9 -17 23 -23 -4 -3 -20 27 -1 -11 -5
right_child=1 5 21 29 -6 12 11 15 9 28 -12 -13 14 -15 -16 18 17 -19 25 -21 -22 22 -24 -25 -26 -27 -28 -29 -30 -31
leaf_value=-0.003024557710723629 -0.0079125869178892898 6.4004421110333377e-05 0 0.001164470493638013 0 -0.0057949993119624805 0.0071912092167809721 -0.0011231323635703832 0 -0.0016660891440120978 0.0095685015982260799 0 -0.0015742300855883754 0.00043561038804751243 0.003351922187348289 0 0 -0.0058424679094595299 6.4337701707256555e-05 0.0046349193348788941 0.0067970554081533928 0 0.003316569245305902 -0.0028167525935503205 -0.0028681888605429908 -0.0020164849101239773 0 0 0 0
leaf_weight=1.7784069433546394 29.209692353668288 2.9844887963627116 1.005476490689033 4.323644033036544 3.2719293317823022 21.638765126446742 15.271960480749842 6.3520491908093417 7.4151398613721566 2.8118412081275888 16.299482340298713 4.6569578069902482 14.040881695062124 19.06383992177507 25.457537374797539 2.3402391377967424 9.5939019825273153 22.029522644501412 11.019228565346568 11.262658850999285 11.630843035742144 5.8453808781378074 11.558646655368644 8.5349052931669593 3.7892571506781705 7.6599442587212243 6.5817557758200547 0.7452473891826229 1.0676321733299117 2.2525877357220443
leaf_count=295 4813 278 111 316 210 3191 1458 601 668 276 1056 413 1547 1466 3215 148 1150 3075 533 1252 738 670 1195 1383 487 560 242 30 78 360
internal_value=0 -0.000782621 -0.00292475 -0.00520633 -0.00665949 0.000343427 0.00347615 0.00112659 0.00345638 0.00538514 0.00702705 0.00541145 -0.000490283 -0.00249196 0.000946473 0 -0.00143812 -0.00383982 0.00194168 0.0014427 0.00514481 0 0.0017589 -0.00121663 0 0 -9.88527e-05 -0.00206371 0 0
internal_weight=291.494 172.906 66.0023 39.0579 32.4816 106.904 26.7027 118.588 36.6995 27.5941 23.7146 19.9289 80.201 40.7026 39.4984 81.8884 49.2381 31.6234 32.6503 17.6147 13.9711 26.9444 17.404 9.54038 6.77375 18.6792 9.10541 2.52365 3.87947 6.57623
internal_count=31815 21113 9058 5699 5023 12055 2636 10702 2645 2078 1724 1871 9419 4657 4762 8057 6078 4225 1979 1853 886 3359 1865 1494 765 1093 567 325 354 676
is_linear=0
shrinkage=0.03


Tree=215
num_leaves=27
num_cat=0
split_feature=63 65 31 21 57 7 38 65 2 24 3 32 67 23 64 32 44 3 65 46 16 7 57 35 2 35
split_gain=0.29515 0.761926 0.42486 0.759641 0.681622 0.617227 0.553905 0.423304 0.46609 0.468333 0.500959 0.399028 0.322781 0.238512 0.145623 0.1209 0.0779476 0.0700541 0.0582321 0.0551606 0.0550645 0.0460628 0.00716989 0.0340919 0.00440376 0.000421242
threshold=0.0062291808426380166 -0.51201376318931568 -0.012739405967295168 0.00078401714563369762 0.00077377818524837505 -0.039589222520589822 -0.019881099462509152 1.7161994576454165 -0.14107136428356168 0.040232129395008094 0.066764350980520262 -0.0036272434517741199 0.41288347542285925 -0.016127794981002804 3.2692307233810429 0.00192777905613184 0.020345490425825122 0.043803703039884574 0.098189622163772597 0.00048347935080528265 0.10234722495079042 0.16308760643005374 0.0069845914840698251 0.013772355392575266 -0.056614562869071954 0.0020277444273233418
decision_type=2 2 2 2 2 2 2 2 2 2 2 2 2 2 2 2 2 2 2 2 2 2 2 2 2 2
left_child=1 15 3 12 6 -5 -4 8 17 10 -10 -6 -3 19 16 22 -15 18 -2 -9 21 -17 23 -1 -11 -24
right_child=7 2 4 5 11 -7 -8 13 9 24 -12 -13 -14 14 -16 20 -18 -19 -20 -21 -22 -23 25 -25 -26 -27
leaf_value=-0.0022289238792190503 0.0038800652030799468 0 -0.00086675409136221246 0 -0.0026769296268780284 -0.0077860059961426219 0.0045130171879269546 0 -0.006777912398419599 0 0 0.0015054025290518337 0.0052989254287282598 0.0064563167610176449 0 -0.0079431413061330156 0 0 0 -0.0027832951152245294 0 0 0.00025027124772991204 0 0.00094054009136210225 0
leaf_weight=2.4748063010229071 3.200778562710183 23.239213816828855 8.9097802581381966 7.1727453841303968 29.610487578851462 14.761489283897388 78.79133010057194 4.6504967238288364 34.90481164933226 0.18892736370617091 5.0246404446334045 44.027468960561237 8.1941682915203256 5.7597692544804868 2.026820847808267 5.8645641415423597 0.53246036541531783 1.2077867664629591 3.0153439160203561 1.4579359357740029 0.067801111377775558 0.16547046328196291 1.0527484755730254 1.5758234416134653 2.6427421482148921 0.64298640939159657
leaf_count=1190 400 1841 734 746 3143 1650 6895 152 4660 51 1457 3637 481 232 76 2701 40 265 249 129 2 59 349 308 197 171
internal_value=0 0.000514946 0.00109092 -0.00081499 0.00190726 -0.004884 0.00362558 -0.00171286 -0.00316325 -0.00449186 -0.00554685 0 0.00148155 0.0013037 0.00430896 -0.00536958 0.00578844 0.000802663 0.00251692 -0.000185774 -0.00731889 -0.00764123 0 -0.00084438 0.000597666 0
internal_weight=291.163 226.551 214.707 53.3676 161.339 21.9342 87.7011 64.6125 50.185 42.7611 39.9295 73.638 31.4334 14.4275 8.31905 11.8442 6.29223 7.42391 6.21612 6.10843 6.09784 6.03003 5.74636 4.05063 2.83167 1.69573
internal_count=31815 23907 19127 4718 14409 2396 7629 7908 7279 6365 6117 6780 2322 629 348 4780 272 914 649 281 2762 2760 2018 1498 248 520
is_linear=0
shrinkage=0.03


Tree=216
num_leaves=27
num_cat=0
split_feature=18 24 58 42 20 11 61 12 5 11 58 24 3 2 40 37 26 55 2 54 11 66 21 18 69 24
split_gain=0.321752 0.595445 0.515917 0.513666 0.753734 0.427961 0.444022 0.486033 0.417618 0.370364 0.5563 0.376208 0.347809 0.461088 0.57978 0.214976 0.151783 0.147777 0.116487 0.11088 0.110241 0.0617057 0.0326006 0.0304076 0.0267124 0.0221299
threshold=0.027421906590461734 0.017081420868635181 -0.0035382770001888271 0.012230122461915018 0.00082777813076972972 0.022928511723876003 0.0008558121044188739 0.044066645205020911 0.098312962800264372 0.0025396440178155903 0.012164570391178133 -0.012079738080501555 0.055157758295536048 -0.033656999468803399 -0.020062990486621853 0.0088761299848556536 0.0074127893894910821 0.003380624577403069 0.18587718904018405 0.010396366938948633 -0.0075817592442035666 -1.7431153059005735 -0.031111802905797955 0.027913570404052738 -0.254331424832344 0.0097248852252960222
decision_type=2 2 2 2 2 2 2 2 2 2 2 2 2 2 2 2 2 2 2 2 2 2 2 2 2 2
left_child=2 12 3 4 20 9 7 -7 -6 11 -11 -4 13 25 -15 -8 17 -5 19 21 -1 -3 -14 -24 -18 -2
right_child=1 18 5 16 8 6 15 -9 -10 10 -12 -13 22 14 -16 -17 24 -19 -20 -21 -22 -23 23 -25 -26 -27
leaf_value=-0.0025951723837293631 -0.0013564072166057303 0 -0.0033586168043337086 0.0051965244146045964 -0.0086506763676706191 0.0058549650016008151 -0.0026993245349663355 -0.00019875190326548359 0 -0.0063480241672078733 0.00072463554988780538 0.0013871116992282911 0 -0.00081298640820165089 0.0061592932288612248 0.0020401521687389004 0 0 0 0 0.0010411078815638756 -0.0059700277374813964 0 -0.0026333684631137033 -0.0016697823903814397 0
leaf_weight=5.995356656858351 5.8253220577280427 1.0915205626806699 14.012996816614757 5.1858068430192343 22.291022810442886 29.143270868327818 14.253333699867655 4.3623878811995374 4.9634973158681523 17.03801823567483 4.8572811433041343 59.505909781779337 3.2377904023596784 3.3139627772034066 44.20421495107076 7.7795718751185623 1.7591222577211736 3.9050849862069299 3.2348940866868352 1.1176286969930513 18.216085856161953 5.8461382235145711 0.22553068132401621 3.3074161463737255 4.0017697420516916 2.449290796132118
leaf_count=1258 802 39 2432 657 3431 2679 1814 574 208 2397 349 6312 189 258 2069 692 264 479 341 101 2174 747 26 917 397 209
internal_value=0 0.00164641 -0.000584089 -0.00273198 -0.00418315 0.000224509 0.00234806 0.00436421 -0.00718787 -0.000768172 -0.00382055 0 0.00303719 0.00392252 0.0050707 0 0.000572608 0.00317513 -0.00278559 -0.00420863 0 -0.00526595 -0.000276753 -0.00188259 -0.000313462 0
internal_weight=291.124 73.8537 217.271 66.3177 51.466 150.953 55.5386 33.5057 27.2545 95.4142 21.8953 73.5189 62.5635 55.7928 47.5182 22.0329 14.8518 9.09089 11.2902 8.05529 24.2114 6.93766 6.77074 3.53295 5.76089 8.27461
internal_count=31815 5698 26117 8868 7071 17249 5759 3253 3639 11490 2746 8744 4470 3338 2327 2506 1797 1136 1228 887 3432 786 1132 943 661 1011
is_linear=0
shrinkage=0.03


Tree=217
num_leaves=29
num_cat=0
split_feature=39 12 28 21 0 6 55 54 34 63 39 3 39 10 34 31 44 1 20 43 25 31 41 3 20 12 1 6
split_gain=0.332203 0.582613 0.537097 0.497079 0.602931 0.551683 0.696161 0.522543 0.632758 0.48673 0.664824 0.433621 0.370819 0.35247 0.278454 0.27 0.214163 0.191986 0.179136 0.163601 0.146355 0.13859 0.133063 0.122857 0.0979923 0.0784402 0.0749654 0.0734945
threshold=0.00016396865248680117 -0.033885961398482316 -0.029190771281719204 -0.0031842589378356929 -0.2092306241393089 -0.011330053210258482 -0.015930784866213795 0.0020325630903244023 0.0080959363840520399 -0.0074613671749830237 0.017182167619466785 0.011010684538632633 -0.011240616440773009 -0.0085204653441905958 -0.0075946953147649756 1.0000000180025095e-35 0.025734411552548412 0.3245928436517716 0.014792270958423616 0.010523343924432995 -0.012082442641258238 -0.018230821006000038 -0.012525156140327452 -0.11161515489220618 0.038035579025745399 -0.023546139709651467 -0.29644715785980219 -0.047204777598381036
decision_type=2 2 2 2 2 2 2 2 2 2 2 2 2 2 2 2 2 2 2 2 2 2 2 2 2 2 2 2
left_child=3 13 25 4 19 22 -7 12 14 15 -11 -10 21 23 -9 -4 17 -15 -14 20 -1 -5 -6 24 -2 -3 -27 -25
right_child=1 2 9 7 5 6 -8 8 11 10 -12 -13 18 16 -16 -17 -18 -19 -20 -21 -22 -23 -24 27 -26 26 -28 -29
leaf_value=0 0.0039757516106841565 0 -0.0028603504175085982 0 0.0019194844583127117 0 -0.008519103831351656 0.0019773729838069585 0.010023042640756288 0.0052349712855159544 0 0 0.0023829700386736375 -0.0069642736273250678 -0.0040510562376184752 0.0020487468027018721 0 0 -0.0014981118901633156 0 0.0053842138295033424 -0.005577076838832391 -0.0019527357189673298 0 0 0 -0.0046684993067496886 -0.0026533127212565585
leaf_weight=1.8534329421891014 6.7136284809384987 0.87088458499783872 15.177997376278656 2.4966454561035798 7.7528883747654644 5.2906029809018973 25.750419593707193 14.524813541396727 8.4010165273793955 65.331733712973801 18.048948303356156 2.1243369236490244 16.675197305694386 12.036958930784747 5.6188400342507547 13.562043796402575 1.4264123092361831 1.1272690578189202 11.993378634429972 1.940370013064239 5.7858782986440911 12.616876938747733 14.083819595714884 5.9405243751571115 0.94004582942579862 0.1887647658586501 6.5665089584981606 6.3290262788595983
leaf_count=388 262 46 1555 277 732 370 3319 1138 445 6799 1848 447 2126 1782 967 1026 137 48 1027 314 631 2083 1702 473 60 1 793 1019
internal_value=0 0.000940519 0.00204496 -0.00105552 -0.00298171 -0.00437666 -0.00667363 0.000268732 0.00329195 0.00275823 0.00387792 0.00784719 -0.00135438 -0.00190604 0 0 -0.00484977 -0.00599822 0 0.00152078 0.00378381 -0.00458711 0 0 0.00276813 -0.00300515 -0.00396301 -0.000887813
internal_weight=291.169 154.261 119.747 136.909 62.4574 52.8777 31.041 74.4511 30.669 112.121 83.3807 10.5254 43.7821 34.5139 20.1437 28.74 14.5906 13.1642 28.6686 9.57968 7.63931 15.1135 21.8367 19.9232 7.65367 7.62616 6.75527 12.2696
internal_count=31815 15849 12068 15966 7456 6123 3689 8510 2997 11228 8647 892 5513 3781 2105 2581 1967 1830 3153 1333 1019 2360 2434 1814 322 840 794 1492
is_linear=0
shrinkage=0.03


Tree=218
num_leaves=21
num_cat=0
split_feature=58 58 42 19 42 65 10 65 30 4 67 2 19 4 8 26 4 3 45 7
split_gain=0.269954 0.450436 0.525149 0.560896 0.505771 0.513261 0.547916 0.429389 0.424127 0.518131 0.346518 0.244464 0.222689 0.221871 0.214979 0.293179 0.147371 0.0874102 0.0567514 0.0261663
threshold=0.015477634966373445 -0.0005250088870525359 0.010354337282478811 0.035364113748073585 0.010354337282478811 -0.25606115162372584 0.039604812860488899 2.2690527439117436 -0.0042859415989369145 0.074355490505695357 -0.075830977410078035 0.24889405071735385 -0.010766096413135527 0.18963346630334857 0.044608019292354591 -0.012623026967048643 0.10382056236267091 -0.20052600651979444 -0.024153756909072396 -0.025499857962131497
decision_type=2 2 2 2 2 2 2 2 2 2 2 2 2 2 2 2 2 2 2 2
left_child=1 2 3 7 5 10 -7 -1 9 -4 -3 13 -10 17 15 -6 -5 -2 -19 -16
right_child=11 4 8 16 14 6 -8 -9 12 -11 -12 -13 -14 -15 19 -17 -18 18 -20 -21
leaf_value=-0.0041696905573524023 0 -0.0056821751374593523 0.0063628110569603326 0.0031419632808455736 0 0.0040223529941663411 -0.00094986760827789026 0 0.00048394641257715616 -0.00053965490608812769 0.00028330821839279871 0 -0.0042141313945342667 0 0 -0.0054810494407128907 0 0 -0.0073304928097546653 0.0017214828779763475
leaf_weight=68.837799053588242 0.85511394549393926 5.6763787240142856 18.555955801044551 14.025851164766211 2.7498254938072959 93.616294159830431 11.587569864772375 13.699717533731016 4.6119390509229543 3.5645500742684808 9.8775336034414032 3.3174793423968358 7.0297285460328567 3.1030856371144173 0.71050605132040834 13.232090740035344 2.4748487720935364 0.50859266639235912 9.4121564947781753 2.9465629434162102
leaf_count=9749 42 1664 1428 1102 375 6216 1304 545 699 248 2530 269 1256 128 208 1680 314 118 1545 395
internal_value=0 0.000254031 -0.000846166 -0.00207442 0.00149434 0.00234151 0.00318422 -0.00320167 0.00178568 0.00424993 -0.00128687 -0.00318387 -0.000964038 -0.00485515 -0.00191529 -0.00367819 0.00160213 -0.00639271 -0.00696285 0
internal_weight=290.394 273.197 132.8 99.0382 140.397 120.758 105.204 82.5375 33.7622 22.1205 15.5539 17.1964 11.6417 13.8789 19.639 15.9819 16.5007 10.7759 9.92075 3.65707
internal_count=31815 29713 15341 11710 14372 11714 7520 10294 3631 1676 4194 2102 1955 1833 2658 2055 1416 1705 1663 603
is_linear=0
shrinkage=0.03


Tree=219
num_leaves=31
num_cat=0
split_feature=28 15 53 68 28 25 24 27 48 7 22 57 24 9 40 43 53 17 56 7 61 19 21 22 12 20 20 9 40 62
split_gain=0.270604 0.453399 0.557994 0.501759 0.462768 0.429022 0.491534 0.934953 0.478995 0.477095 0.460519 0.435165 0.432285 0.369806 0.366059 0.289866 0.61205 0.365389 0.322857 0.314018 0.27388 0.214362 0.124588 0.0756236 0.0338976 0.0863981 0.0440217 0.0288828 0.0257583 0.004256
threshold=-0.0094666257500648481 -0.027138084173202511 -0.010250085499137638 0.39111533761024481 -0.026016900315880772 -0.014010407030582426 0.0028577148914337163 -0.0035590417683124538 0.0014654863625764849 0.022258944809436802 -0.0021793588530272241 0.0036670714616775517 -0.011654820293188093 0.094056509435176863 0.0058314446359872827 0.0023024147376418118 0.0068539902567863473 -0.022092469036579129 -0.0056371474638581267 -0.028095699846744534 0.0050491048023104676 -0.02598069608211517 0.0075882375240325936 0.018416952341794971 -0.0037540439516305919 -0.0078525450080633146 0.02062003314495087 0.11421386152505876 0.013113799504935743 0.0040909331291913995
decision_type=2 2 2 2 2 2 2 2 2 2 2 2 2 2 2 2 2 2 2 2 2 2 2 2 2 2 2 2 2 2
left_child=1 2 23 4 -4 9 7 8 -7 13 11 -8 -9 21 -12 17 20 22 -18 -19 -17 -2 -3 27 26 -26 -11 -1 -5 -25
right_child=5 15 3 28 -6 6 10 12 -10 24 14 -13 -14 -15 -16 16 18 19 -20 -21 -22 -23 -24 29 25 -27 -28 -29 -30 -31
leaf_value=-0.0034962380905244161 0 0.0033370285273149869 0 -0.001849730428438014 0.0095052898464691119 0 -0.0079269760414614858 -0.0036168402468886884 0.0082540240457760362 -0.0020518568859994447 0.0025600044020731927 0 0.0017662270369626816 0 -0.0032154846123086602 0.005026049724051085 0 0 -0.0061460816110495602 -0.0052315228911360302 0 -0.0073818773698391604 0 0.00068504590230731557 0 0.0028390396410547972 0 0 0 0
leaf_weight=2.7742444504328869 3.5026848488050808 6.4508955972014501 7.1220556328953561 1.7755268633700314 16.260646107868528 14.99060530859788 10.924473231643789 22.040886248301831 16.933201060030115 4.6699341432104147 22.548283068099412 13.22389406833099 14.695003973982237 4.0290077472673138 9.4024626435384544 25.692074946811776 2.9566958243085537 8.6941388982086227 5.935563944061867 22.639746199591173 5.689215978178253 21.448635685810586 3.4213402202221914 3.1621450469028787 1.8152060597203661 8.2967985440882313 3.2797221188302501 1.4372051324462516 2.4517582088446943 1.6761179993918629
leaf_count=386 648 642 651 285 1027 1680 1941 3231 1235 615 2965 1109 1845 327 1108 1710 241 1105 782 2416 592 3007 569 85 301 659 442 30 115 66
internal_value=0 0.00107973 0.00363882 0.00568205 0.00728044 -0.000752016 0 0.00183434 0.00536602 -0.00305625 -0.00178433 -0.00457088 -0.000791087 -0.00519055 0 0 0.00148986 -0.00186309 -0.00296963 -0.00361131 0.00381257 -0.00645586 0.00101711 -0.000263316 0 0.00139518 -0.000290393 -0.00273761 0 0
internal_weight=289.94 118.139 36.6597 27.61 23.3827 171.801 124.759 68.6597 31.9238 47.042 56.0991 24.1484 36.7359 28.9803 31.9507 81.4797 40.2736 41.2061 8.89226 31.3339 31.3813 24.9513 9.87224 9.04971 18.0617 10.112 7.94966 4.21145 4.22729 4.83826
internal_count=31815 10702 2645 2078 1678 21113 15114 7991 2915 5999 7123 3050 5076 3982 4073 8057 3325 4732 1023 3521 2302 3655 1211 567 2017 960 1057 416 400 151
is_linear=0
shrinkage=0.03


Tree=220
num_leaves=27
num_cat=0
split_feature=41 24 67 39 20 7 64 41 48 17 13 59 31 46 19 44 10 12 52 15 47 41 31 19 17 43
split_gain=0.330047 0.57296 0.558696 0.445783 0.428477 0.393747 0.6543 0.530274 0.447327 0.352528 0.349907 0.274538 0.267749 0.231828 0.229127 0.198767 0.184222 0.143224 0.116844 0.0723591 0.0664501 0.0616885 0.076323 0.0128405 0.0030169 0.00040137
threshold=-0.015547238290309904 0.012536130845546724 -0.57775115966796864 -0.0067758709192275992 0.036650814116001136 -0.023768469691276547 0.80769231915473949 -0.011247523128986357 -0.011588673107326029 0.041505336761474616 -0.018275631591677662 -0.01099935546517372 -0.017168316058814522 0.0054211728274822244 -0.048611864447593682 -0.0074357464909553519 0.013902008533477785 0.069772534072399153 0.012158844619989397 -0.044410526752471917 -0.012887146323919295 -0.016909740865230557 0.051024023443460471 -0.0086172521114349348 -0.023648947477340695 -0.0033747749403119083
decision_type=2 2 2 2 2 2 2 2 2 2 2 2 2 2 2 2 2 2 2 2 2 2 2 2 2 2
left_child=1 2 21 24 -5 6 9 11 13 12 -10 -7 -2 -9 -13 19 -17 18 20 -8 -3 22 -1 -11 -4 -19
right_child=5 17 3 4 -6 7 15 8 10 23 -12 14 -14 -15 -16 16 -18 25 -20 -21 -22 -23 -24 -25 -26 -27
leaf_value=-0.004231561448546888 0 0 0.00049828438800632909 0.0085669871318893413 0 0 0 -0.0045627044615869092 0 0 0.0028308036176075257 0 -0.0072081498459333308 0 -0.0069556787211551476 0 0.004324842701263298 0.00022017279725281678 0 -0.0033787421267329689 -0.0048714773410665066 0 0 0.0012714262513543431 -0.00026923803100716834 0
leaf_weight=2.7258253222571516 9.4957412529402045 0.83433001626690284 1.9222139140547359 21.994977958383974 5.05194166041474 1.9176696612557851 2.7004454541311134 10.644428102328677 35.921177989355783 2.3130757459839515 84.681162156830396 1.0154789296357183 25.069866887577518 16.135288415465766 11.838497381126215 9.2791062521064323 11.312129555699356 2.4517854951045597 4.1836489004635942 4.3204169604287044 9.1577846963955398 1.6411808865232149 0.82646642400504777 2.1489308992750003 8.7469999695676943 0.78691703654476342
leaf_count=504 1469 127 144 1312 279 190 103 1496 4741 271 8614 80 5444 1192 1318 766 527 61 298 542 1105 76 30 407 659 60
internal_value=0 0.00188524 0.003838 0.00528788 0.00705621 -0.000526755 -0.00241242 0.000117697 0.000880688 -0.00477559 0.00179288 -0.0042752 -0.00577903 -0.00191911 -0.00583778 0.000227905 0.00233314 -0.00137077 -0.00298638 -0.00185306 -0.00429203 -0.00117732 -0.00285375 0 0 0
internal_weight=289.117 60.3241 42.9096 37.7161 27.0469 228.793 66.6397 162.154 147.382 39.0276 120.602 14.7716 34.5656 26.7797 12.854 27.6121 20.5912 17.4145 14.1758 7.02086 9.99211 5.19347 3.55229 4.46201 10.6692 3.2387
internal_count=31815 4655 3004 2394 1591 27160 9529 17631 16043 7591 13355 1588 6913 2688 1398 1938 1293 1651 1530 645 1232 610 534 678 803 121
is_linear=0
shrinkage=0.03


Tree=221
num_leaves=30
num_cat=0
split_feature=41 2 11 7 26 41 46 41 41 48 48 41 27 12 26 45 9 45 12 50 2 45 11 22 45 43 45 27 41
split_gain=0.314999 0.52832 0.619786 0.355963 0.525303 0.472406 0.419076 0.643952 0.408373 0.413577 0.56705 0.4923 0.341937 0.341875 0.330522 0.315737 0.290642 0.194691 0.158465 0.142179 0.128988 0.0748601 0.0645201 0.0362298 0.0230595 0.0226154 0.0109044 0.00254435 0.00158926
threshold=-0.015547238290309904 0.073429100215435042 -0.017768688499927517 -0.0036754757165908809 1.0000000180025095e-35 0.013370871543884279 0.01575572416186333 0.0076802298426628121 -0.011247523128986357 0.0071014976128935823 0.020517345517873768 0.014290161430835726 0.0041078440845012673 0.036729017272591598 -0.0066418610513210288 0.017135849222540859 -0.079354301095008836 0.0053171620238572368 0.071074515581130995 0.0064499899744987496 0.093979619443416609 0.014337802305817606 0.0025396440178155903 0.00069151801289990555 0.015946974046528343 0.0016872426494956019 0.0024299417855218057 0.012681502848863603 -0.039485484361648553
decision_type=2 2 2 2 2 2 2 2 2 2 2 2 2 2 2 2 2 2 2 2 2 2 2 2 2 2 2 2 2
left_child=1 2 23 4 5 13 7 -6 16 11 -11 -10 15 -2 -7 -4 -5 18 20 -18 -3 22 -19 24 -1 -8 -25 -14 -23
right_child=3 17 12 8 6 14 25 -9 9 10 -12 -13 27 -15 -16 -17 19 21 -20 -21 -22 28 -24 26 -26 -27 -28 -29 -30
leaf_value=-0.0026186373351086414 0.0035323244228415498 0 0.0094609191260542676 0 -0.0079586843229493068 -0.0072378206552427384 0 0 -0.0014993694952212839 0.0057307897829682103 -0.001265124583004242 0.0030352143000319846 0 -0.00091964687130454846 0 0 -0.0068138030766815849 0.0034620615307691658 0 0 -0.0056744213046573556 0 0 0.0010572731852918869 0 0.0013431244065927645 0 0.0004637200519692942 -0.00045410622228932569
leaf_weight=2.7815812855042155 30.33013911461785 3.4614565031224656 15.529631670407984 1.7413988034786587 23.369875999243959 6.0131362496249494 2.4752518300265347 14.313250164270356 59.600353165587876 26.165560586538053 4.2956723094284817 27.33004359172628 2.3759010739777278 9.8535732110394729 5.4843673343493702 0.79062546195928085 8.2661591773576202 6.1958129440754401 2.322383143764454 2.8223000215075436 8.4940680569852685 0.4591056685894731 1.7751758764425174 3.7794902476562129 0.44549587937945023 6.2827252767638129 4.0482384266324516 5.6489571648053243 1.9362031529599333
leaf_count=581 3814 150 996 178 4024 1125 493 1995 7395 2812 397 1859 283 1033 451 90 882 283 123 287 764 25 115 297 81 415 200 424 243
internal_value=0 0.0018462 0.00412633 -0.000514625 -0.0018877 0 -0.00404154 -0.0053406 0.000329679 0.00112844 0.00385895 0 0.00651531 0.00179572 -0.0041158 0.00853589 -0.00356325 -0.000560605 -0.00301971 -0.00550725 -0.00433347 0.000754575 0.00242255 0 -0.00199082 0 0 0 0
internal_weight=288.388 60.0441 35.3999 228.344 98.1223 51.6812 46.4411 37.6831 130.221 117.392 30.4612 86.9304 24.3451 40.1837 11.4975 16.3203 12.8299 24.6442 14.2779 11.0885 11.9555 10.3663 7.97099 11.0548 3.22708 8.75798 7.82773 8.02486 2.39531
internal_count=31815 4655 2952 27160 13350 6423 6927 6019 13810 12463 3209 9254 1793 4847 1576 1086 1347 1703 1037 1169 914 666 398 1159 662 908 497 707 268
is_linear=0
shrinkage=0.03


Tree=222
num_leaves=27
num_cat=0
split_feature=18 38 1 0 28 2 2 3 40 38 23 40 13 55 40 52 60 1 7 35 55 2 19 10 52 13
split_gain=0.292016 0.526725 0.824208 0.480538 0.43886 0.430247 0.747779 0.447592 0.447605 0.385308 0.458465 0.728071 0.315603 0.281213 0.29164 0.278645 0.353261 0.245632 0.151177 0.101959 0.100113 0.128654 0.119774 0.0611182 0.0244886 0.0120915
threshold=0.027421906590461734 0.0017099678516387942 0.090829934924840941 -0.23703630268573758 -0.019135644659399983 -0.033656999468803399 0.066078625619411482 0.055157758295536048 -0.02049370668828487 -0.019290193915367123 -0.0026164054870605464 0.00044497940689325338 0.033961281180381782 0.0012262240052223208 -0.012895096093416212 -0.011157602071762083 0.018000721931457523 -0.095885545015335069 0.019167855381965641 0.019519871100783352 -0.01455070450901985 -0.18370455503463742 -0.013715542852878569 -0.074311420321464525 -0.014826079830527304 0.033479627221822746
decision_type=2 2 2 2 2 2 2 2 2 2 2 2 2 2 2 2 2 2 2 2 2 2 2 2 2 2
left_child=1 9 3 25 -5 20 7 8 -7 15 17 -12 18 14 -4 24 -17 -11 -8 -14 -2 -22 -23 -15 -1 -3
right_child=5 2 13 4 -6 6 12 -9 -10 10 11 -13 19 23 -16 16 -18 -19 -20 -21 21 22 -24 -25 -26 -27
leaf_value=0 0 0 0 0 -0.006933234081709044 0 0 0 0.0079778778267104028 -0.0032947684142663842 0.0059588137644137305 0 -0.0063676194658219666 0 0.0049420901847103101 -0.0062771038404753109 0 0.00055979320181595278 0.0028919629233887935 0 0 0 -0.0067072841564455475 -0.0027479966845707902 0.0014882966340254622 0.001166203600009518
leaf_weight=3.5648343566463154 3.1246672831621245 6.2077716606745508 2.1437461829664306 10.555397071628247 37.686811878218577 2.6650654845361741 12.348655908735969 2.110133658617996 26.318534206118787 14.53579637561961 31.245081054456023 27.201621720714684 3.6307471155050726 2.4993713111907709 16.56670924977152 13.288304416346362 2.3772775286561219 33.54516742116175 14.360135423448808 0.87997594788612321 2.352326846397772 2.3451695727890174 3.4428643976425519 5.2185514364573455 4.9501088475954038 3.0015341521611845
leaf_count=303 237 929 348 1058 6540 151 1025 566 1408 1501 2992 3612 340 119 1503 1601 174 3678 597 80 364 254 676 1117 188 454
internal_value=0 -0.000561619 -0.00240957 -0.00442798 -0.00557865 0.00156945 0.00276503 0.00573623 0.00684114 0.000448298 0.0014114 0.00315539 0 0.00103 0.00333855 -0.00228141 -0.00441414 -0.000240926 0.000903052 -0.00521024 -0.0020165 -0.00344819 -0.00502152 -0.00131997 0 0
internal_weight=288.166 214.588 83.8799 57.4515 48.2422 73.5783 62.3132 31.0937 28.9836 130.708 106.528 58.4467 31.2195 26.4284 18.7105 24.1805 15.6656 48.081 26.7088 4.51072 11.265 8.14036 5.78803 7.71792 8.51494 9.20931
internal_count=31815 26117 12068 8981 7598 5698 4167 2125 1559 14049 11783 6604 2042 3087 1851 2266 1775 5179 1622 420 1531 1294 930 1236 491 1383
is_linear=0
shrinkage=0.03


Tree=223
num_leaves=27
num_cat=0
split_feature=68 11 60 20 20 62 7 13 59 17 4 42 25 32 40 69 16 40 51 63 65 18 68 0 59 13
split_gain=0.327976 0.394923 0.356742 0.53415 0.403605 0.317019 0.467673 0.632092 0.4498 0.44215 0.643687 0.31483 0.316877 0.386674 0.31406 0.113102 0.0944864 0.182853 0.181377 0.02235 0.0337396 0.0172374 0.00557867 0.00280337 0.00440566 0.000120988
threshold=-0.55687347054481495 0.043754078447818763 0.013056567870080473 -0.028276775032281872 0.024729599244892601 -0.0046564284712076178 -0.0046519935131072989 0.011928174644708635 -0.0030747968703508373 -0.050751313567161553 -0.042015001177787774 -0.013166806660592554 0.03922956436872483 -0.018538491800427433 -0.01726538315415382 -0.44443576037883753 -0.0083617568016052229 -0.016344424337148663 0.0017149909399449827 -0.0011584712192416189 -0.37010248005390162 0.059411108493804939 0.29859520494937902 -0.37673915922641749 -0.016486249864101406 0.068798784166574492
decision_type=2 2 2 2 2 2 2 2 2 2 2 2 2 2 2 2 2 2 2 2 2 2 2 2 2 2
left_child=1 11 5 21 14 9 8 -8 -7 15 -11 19 13 -13 -5 -2 17 -3 -19 20 -1 22 -4 -18 -25 -14
right_child=2 16 3 4 -6 6 7 -9 -10 10 -12 12 25 -15 -16 -17 23 18 -20 -21 -22 -23 -24 24 -26 -27
leaf_value=0 0 0 -0.0029785601182540319 0 0 -0.0039717689537961676 0 0.0053477907477414068 0.0004376136707128313 -0.0065322241348081929 0 0 0.00012357038311152724 -0.0076238003539506284 0.0084601019696589428 0.0041759277487612139 0 0.0060590534894531299 0 0 0.0026476444971898928 0 0 0 -0.00095728758759468246 0
leaf_weight=0.27095019225453176 0.7463526143983471 1.2811341656633874 1.8588110050295688 5.5402121301886007 5.8996308098612635 23.253082762577833 56.336646884719812 30.644424850441283 44.529596588086861 20.764233899273677 35.66969446823714 2.9877407583189841 2.1310703858543998 21.111627915706777 15.303991236989528 5.6114187132770885 0.33357219338358879 6.3447812279846394 1.1125265242080784 0.80950065043726027 2.2012085432288591 0.17269941470294714 0.68645640808244923 0.11441963724792081 2.0800200656231014 0.5517392529072821
leaf_count=105 108 172 293 240 612 3218 5433 2601 5445 2298 4089 444 125 3475 982 273 29 447 238 261 153 33 95 28 513 105
internal_value=0 -0.00231987 0.00042648 0.00326294 0.00504307 0 0.000707443 0.0022131 -0.00083179 -0.00174048 -0.00290947 -0.0041405 -0.00527534 -0.00633999 0.00673003 0.00270742 0.000473458 0.0025407 0.00450883 0 0.00164073 -0.00228552 -0.00272016 0 -0.000592192 0
internal_weight=288.348 41.3303 247.017 29.4618 26.7438 217.555 154.764 86.9811 67.7827 62.7917 56.4339 30.0638 26.7822 24.0994 20.8442 6.35777 11.2665 8.73844 7.45731 3.28166 2.47216 2.71797 2.54527 2.52801 2.19444 2.68281
internal_count=31815 6095 25720 2255 1834 23465 16697 8034 8663 6768 6387 4668 4149 3919 1222 381 1427 857 685 519 258 421 388 570 541 230
is_linear=0
shrinkage=0.03


Tree=224
num_leaves=28
num_cat=0
split_feature=18 61 38 1 17 0 0 60 9 62 26 2 17 40 20 16 9 2 43 31 28 40 12 9 12 36 56
split_gain=0.341572 0.518365 0.511429 0.791211 0.465133 0.464878 0.462826 0.416717 0.362293 0.646801 0.359468 0.319125 0.258377 0.314221 0.319852 0.29216 0.476906 0.183162 0.201418 0.182933 0.245385 0.0774579 0.04171 0.0342595 0.0141793 0.00122989 0.00688384
threshold=0.027421906590461734 0.013815488666296007 0.0017099678516387942 0.090829934924840941 0.053448125720024116 -0.23703630268573758 0.0092460345476865786 -0.0072086546570062629 0.011729888617992403 -0.008800487965345381 0.049892529845237739 -0.087079539895057664 0.028613494709134105 -0.020062990486621853 -0.0039866976439952842 -0.046369135379791253 0.031744487583637244 -0.17863890528678891 -0.015666999854147431 1.0000000180025095e-35 0.0143628241494298 -0.0042943386361002913 0.050588227808475501 0.053121246397495277 -0.0037540439516305919 0.0018895119428634646 -0.033395316451787942
decision_type=2 2 2 2 2 2 2 2 2 2 2 2 2 2 2 2 2 2 2 2 2 2 2 2 2 2 2
left_child=2 12 4 5 8 24 25 -7 9 -1 23 -10 15 -14 -15 21 -17 -6 -19 22 -21 -2 -5 -8 -4 26 -3
right_child=1 6 3 19 17 7 10 -9 11 -11 -12 -13 13 14 -16 16 -18 18 -20 20 -22 -23 -24 -25 -26 -27 -28
leaf_value=0.0049887910509900301 0 0 0.0011444730246126359 -0.0017162221474901357 0 0 0.010924159983180682 -0.0070342820258512979 0 -0.0021507440214750379 0 0.0036045832480971918 0 0 0.0073899435362805065 -0.0046997209866583862 0.00040152687178443189 0 -0.007620494217604374 0.0050072754157825328 0 0.0037858901060132495 0 0 0 0 -0.0010767021808114207
leaf_weight=8.9316504608832457 1.2555216662585733 0.3700209469534449 4.7428668734628445 7.8188898623775476 1.5768794080067881 12.829749217758943 7.2668190878903243 35.415638299742568 10.529974934423079 46.30990366865808 0.76003962685354043 55.010742350681539 2.8717389162193312 4.0323878271665334 9.1844752860088139 23.998335614998723 15.718291303179283 2.8340365178191851 5.6099736836767979 11.449035022338647 3.0487651208459274 5.2286744952107247 4.078341278109292 0.70463626697164716 4.4193688138147973 0.81234406864314213 1.2990095340755943
leaf_count=1145 199 26 825 1251 167 1716 151 5882 1342 6212 15 4144 136 313 638 2623 988 279 760 1133 466 231 237 100 558 112 166
internal_value=0 0.00169846 -0.000607149 -0.0024232 0.000381827 -0.00439666 0.00653783 -0.00552401 0.00115707 -0.000180148 0.008989 0.00264233 0 0.00310997 0.0051692 -0.000747029 -0.0021908 -0.00423984 -0.00568739 0.000930024 0.00313458 0.00258761 -0.000113583 0.0105108 0 0 -0.000407403
internal_weight=288.108 73.5023 214.606 83.8027 130.803 57.4076 11.2129 48.2454 120.782 55.2416 8.73149 65.5407 62.2894 16.0886 13.2169 46.2008 39.7166 10.0209 8.44401 26.395 14.4978 6.4842 11.8972 7.97146 9.16224 2.48137 1.66903
internal_count=31815 5698 26117 12068 14049 8981 570 7598 12843 7357 266 5486 5128 1087 951 4041 3611 1206 1039 3087 1599 430 1488 251 1383 304 192
is_linear=0
shrinkage=0.03


Tree=225
num_leaves=27
num_cat=0
split_feature=64 48 38 1 12 62 10 2 48 55 60 6 28 34 19 29 22 34 6 25 67 40 67 44 63 35
split_gain=0.369651 0.511208 0.482145 0.773293 0.524258 0.582145 0.590279 0.499682 0.472107 0.427887 0.354085 0.358848 0.33314 0.272581 0.240363 0.196364 0.177095 0.150088 0.277782 0.295567 0.145074 0.122911 0.0881929 0.0700738 0.0437233 0.00237626
threshold=1.8076922893524172 0.0066498620435595521 0.00059991329908370983 0.071259036660194411 0.047025706619024284 0.0053334739059209832 -0.023296076804399487 0.047631807625293739 -0.010561891831457613 -0.0050979088991880408 0.013471496291458608 -0.12459480762481688 -0.018110928125679489 -0.014743790961802004 -0.0075132474303245536 0.02653928101062775 0.0079918927513062971 0.00021019740961492064 0.044583491981029517 -0.016946375370025631 -0.83608481287956227 -0.012227594852447508 0.17270939797163012 0.018633332103490833 0.0088790636509656923 -0.0019388254731893537
decision_type=2 2 2 2 2 2 2 2 2 2 2 2 2 2 2 2 2 2 2 2 2 2 2 2 2 2
left_child=2 17 4 10 5 7 -7 -1 24 12 11 -4 -5 -10 -3 20 -11 18 19 -2 -16 -19 -23 -20 -6 -12
right_child=1 14 3 9 8 6 -8 -9 13 16 25 -13 -14 -15 15 -17 -18 21 23 -21 -22 22 -24 -25 -26 -27
leaf_value=0.0047381111669110862 0 0 0 0 0.001997321362525342 0.0013032221010610481 -0.0052803281834972295 0 0 -0.0038320627080924022 0.00044926123790327413 -0.0059882112545450511 0.0060092809114346054 -0.0066376144634148013 0 0 0 0 -0.0026713263303009709 0.0061613563208806578 0.0090317352847297805 -0.0045951581226028049 0 0 0 0
leaf_weight=48.75022897648887 2.5356435089342986 5.4358154806977863 3.931401462032226 3.2544359849889615 7.1144412523208329 18.456932087854511 14.21779458716628 28.435295878502075 4.7689415194327074 9.0255888614337909 5.5958956918730109 45.223545589809873 12.91040817749308 15.059324431702402 1.3104171538434446 2.1852367874089387 14.314503753015741 4.8489256519533237 4.4092461914915466 9.8162139345222403 10.328858494453014 8.0023410686844674 3.0268913417821759 2.2466944262268953 0.67017150580068108 2.3334963449524357
leaf_count=6335 186 198 275 390 352 1650 2061 2645 383 1658 354 8668 1054 1826 69 58 1310 189 282 333 297 505 129 70 103 435
internal_value=0 0.00212348 -0.00052537 -0.00215497 0.000444471 0.0015542 -0.00108579 0.00303487 -0.00261216 0.000435011 -0.00432124 -0.00522416 0.00404876 -0.00507096 0.00547338 0.00707816 -0.00128198 0 0.00145065 0.00413333 0.00820373 -0.00201247 -0.00348946 -0.000591477 0.00083796 0
internal_weight=288.209 54.1463 234.062 96.5893 137.473 109.86 32.6747 77.1855 27.6129 39.5049 57.0843 49.1549 16.1648 19.8283 19.2603 13.8245 23.3401 34.886 19.0078 12.3519 11.6393 15.8782 11.0292 6.65594 7.78461 7.92939
internal_count=31815 2316 29499 14144 15355 12691 3711 8980 2664 4412 9732 8943 1444 2209 622 424 2968 1694 871 519 366 823 634 352 455 789
is_linear=0
shrinkage=0.03


Tree=226
num_leaves=28
num_cat=0
split_feature=60 46 5 21 47 46 38 56 21 52 56 40 62 59 65 65 3 21 55 0 46 11 25 5 19 26 5
split_gain=0.33678 0.558776 0.535978 0.666362 0.559697 0.53565 0.499124 0.737444 0.43057 0.543952 0.377492 0.326616 0.391268 0.313021 0.34438 0.280485 0.231027 0.199124 0.12882 0.0890949 0.0447874 0.037538 0.0298043 0.0160118 0.0387706 0.00646524 0.000647021
threshold=0.0091483909636735933 -0.016000101342797276 0.010834675282239916 0.016021482646465305 -0.0022352505475282665 -0.0075095370411872855 -0.011956386268138884 0.013246357440948488 0.0092765465378761309 -0.0089931152760982496 0.009153928607702257 0.013113799504935743 -0.013418059796094893 0.013488559052348139 -0.28480093181133265 1.986771881580353 -0.099081207066774354 0.024460345506668094 0.002313114702701569 -0.2032944783568382 -0.024615021422505375 0.014350403100252153 -0.013361491262912749 0.18699833005666736 -0.04588551074266433 0.019726919010281566 0.021225728094577793
decision_type=2 2 2 2 2 2 2 2 2 2 2 2 2 2 2 2 2 2 2 2 2 2 2 2 2 2 2
left_child=1 10 11 4 26 6 22 -8 15 -10 13 12 21 14 -1 -7 -6 -14 19 -13 -12 -2 -3 24 -5 -15 -4
right_child=2 5 3 23 16 8 7 -9 9 -11 20 18 17 25 -16 -17 -18 -19 -20 -21 -22 -23 -24 -25 -26 -27 -28
leaf_value=0 0.0020565398333283551 0 0 0 0 0 -0.0086541239294790039 0 0.00022184595986862453 -0.0049027664557465857 0 0 -0.0076112657503984377 -0.00093650805823002655 0.0070369833812044943 0.0031210704494146154 0.010344376111255601 0 0 0.0054716062732500289 -0.0025627975367049122 0 0.0015706687497587509 0 -0.0024105936153148862 0 -0.00023670630312395098
leaf_weight=1.6774939171773535 3.3390835949321671 2.4511394663204555 2.1067444701730009 3.4150184065219946 5.3966859825159217 95.263849955428668 20.119382089887953 4.1714720744748766 17.370743147595931 30.699415284563656 2.6614182927878574 0.27047958856564935 8.0444230158609553 1.63443475535314 19.169862638918858 24.110290407785214 13.885340909942895 7.0703808050020607 1.0104378594987791 4.1081695678803944 1.8105346335905768 0.79615584226849012 5.8730775312651513 1.8983225080010013 3.6632276274431188 0.41789375204825763 5.3930056865956431
leaf_count=643 172 299 156 90 139 11293 3229 349 1895 5527 252 122 1520 179 1353 801 790 228 226 232 305 83 600 72 523 30 707
internal_value=0 -0.000535112 0.00190186 0.00417519 0.0064182 -0.00120866 -0.00451966 -0.00644739 -0.000277423 -0.00263921 0.00288743 -0.000532979 -0.00305153 0.0046575 0.00585782 0.00050029 0.00864066 -0.00535341 0.00271466 0.00453048 -0.0006833 0.000403156 0 -0.000272457 -0.00113093 0 0
internal_weight=287.828 227.431 60.3975 35.7583 26.7818 200.059 32.6151 24.2909 167.444 48.0702 27.3716 24.6391 19.25 22.8997 20.8474 119.374 19.282 15.1148 5.38909 4.37865 4.47195 4.13524 8.32422 8.97657 7.07825 2.05233 7.49975
internal_count=31815 26755 5060 2477 1792 23993 4477 3578 19516 7422 2762 2583 2003 2205 1996 12094 929 1748 580 354 557 255 899 685 613 209 863
is_linear=0
shrinkage=0.03


Tree=227
num_leaves=27
num_cat=0
split_feature=68 55 45 60 51 47 61 16 4 22 22 68 32 11 53 37 48 26 28 60 14 69 35 14 50 69
split_gain=0.475473 0.709745 0.532574 0.528482 0.58291 0.656734 0.470002 0.420085 0.376831 0.319676 0.497023 0.458977 0.241121 0.226832 0.199427 0.164411 0.126547 0.105413 0.104207 0.0804517 0.0450445 0.0201631 0.0122341 0.0109946 0.00585225 0.00192174
threshold=-0.52833831310272206 -0.00031828507781028742 0.017135849222540859 0.0091483909636735933 0.0025464878417551522 -0.0079721193760633451 0.0081295548006892222 -0.01653240621089935 0.15300328284502032 0.017461601644754413 0.007408618927001954 -0.22108149528503415 -0.013741369824856518 0.016130208969116214 -0.0063248360529541961 0.027011742815375332 0.0083804549649357813 -0.073006190359592424 0.06038037687540055 0.012004377320408823 -0.01259883865714073 0.51723453402519237 -0.034614380449056618 0.055222280323505409 -0.0019263643771409986 1.7917112708091738
decision_type=2 2 2 2 2 2 2 2 2 2 2 2 2 2 2 2 2 2 2 2 2 2 2 2 2 2
left_child=1 7 3 9 5 -5 17 21 12 10 -2 -11 -9 16 -15 -16 19 -4 -19 -3 -6 -1 -8 -24 -18 -23
right_child=2 13 6 4 20 -7 22 8 -10 11 -12 -13 -14 14 15 -17 24 18 -20 -21 -22 25 23 -25 -26 -27
leaf_value=-0.0013204912104820645 0 -0.0045971487963250204 0 -0.00019099886052223895 0 0.0074929204277559532 0 0 0 0.00089228151353563847 0.0039675074562125568 -0.003882137172434508 -0.011794852282154039 0 0.0057791760538095276 0 0 -0.00824246530102366 0 0 -0.0020018103592561818 0.00077332745378375642 0.0015063788543266429 0 0.00089707723722806795 0
leaf_weight=3.2659181887538606 102.59911063557047 6.0061952365649649 0.15906561860174306 3.8461780772777301 6.7361825151310768 27.731450690011116 0.46507774248311751 1.2791694900297432 1.7328975382115448 18.056912715699582 32.62971105442557 30.860515931457485 8.8509594615134102 1.9270433789315564 9.5304282902034139 0.6713550774802578 0.9121165524957181 8.472048026065746 0.32088843430392522 6.1517006564572512 5.1166907339975278 4.1350375987531152 4.212950718967476 0.35138513466517896 1.5449423824938993 0.54744640548597079
leaf_count=1013 11768 1435 18 435 604 1558 35 271 112 1283 3142 3712 1544 357 914 95 121 1593 39 133 922 199 211 55 212 34
internal_value=0 -0.00262009 0.00054786 0.00103619 0.00386192 0.00583867 -0.00399937 -0.0063253 -0.00901601 0.000126666 0.00101691 -0.00164404 -0.0106308 0 0.00303566 0.00471064 -0.00153643 -0.00721659 -0.00771739 -0.00305558 0 0 0 0.00107295 0 0.000620962
internal_weight=288.113 46.5552 241.558 227.577 43.4305 31.5776 13.9814 19.8114 11.863 184.146 135.229 48.9174 10.1301 26.7438 12.1288 10.2018 14.615 8.952 8.79294 12.1579 11.8529 7.9484 5.02941 4.56434 2.45706 4.68248
internal_count=31815 6440 25375 23424 3519 1993 1951 3173 1927 19905 14910 4995 1815 3267 1366 1009 1901 1650 1632 1568 1526 1246 301 266 333 233
is_linear=0
shrinkage=0.03


Tree=228
num_leaves=26
num_cat=0
split_feature=60 45 56 34 64 41 36 54 63 32 12 14 17 36 56 69 34 52 11 14 3 36 12 45 63
split_gain=0.43638 0.713461 0.451406 0.449516 0.466641 0.540106 0.623255 0.465862 0.501771 0.512702 0.385111 0.325943 0.304406 0.271146 0.217988 0.13196 0.0996906 0.0808849 0.0732469 0.0631206 0.0388997 0.0388328 0.00887031 0.0137364 0.000324154
threshold=0.013056567870080473 0.0017713644774630668 -0.0061642173677682868 -0.014342122711241244 1.8076922893524172 0.011166617274284365 0.0061590224504470834 -0.0094945915043354017 0.012079527135938408 -0.0019399821758270262 -0.015503481030464171 0.007749304175376893 0.046824814751744277 -0.026331234723329541 -0.004906272515654563 0.76351964473724376 -0.017877350561320778 -0.0080363582819700224 -0.10048063099384306 -0.038211200386285775 -0.1524042338132858 -0.02283912897109985 -0.049889599904417985 0.014116741716861727 0.003653778694570065
decision_type=2 2 2 2 2 2 2 2 2 2 2 2 2 2 2 2 2 2 2 2 2 2 2 2 2
left_child=3 2 24 7 5 6 -5 16 9 -9 -4 12 -6 -12 -7 18 21 -13 -3 -10 -20 -1 -17 -24 -2
right_child=1 15 10 4 11 14 -8 8 19 -11 13 17 -14 -15 -16 22 -18 -19 20 -21 -22 -23 23 -25 -26
leaf_value=0 -0.00020827970823947086 0 0 -0.0047197879970198595 0.0044575359011697025 -0.0018055980040588854 0 0 0 0.0065867791530665968 0 0 -8.0733078138008082e-05 0.010898301595983288 0.0022917929850345613 0 0 -0.0031736905451703453 0 -0.003451403721677401 -0.0047209395927534769 -0.0043800412541571687 0.0013900641221388644 0 0
leaf_weight=0.23894889195435087 1.7251088008888502 0.60671386978356245 3.4127565297967548 71.80390834082209 24.725825545014235 7.2193754147956488 47.865476707696871 17.451974359828451 0.99953864544659143 26.492258758351458 0.39637034325278264 3.0862538726069033 3.0296616306732167 11.620741440747219 26.940567470683163 2.4610998832940831 5.3908078728636593 5.7751621480128943 0.20689882509759705 3.0648901668282624 4.8556617252615988 5.3643852235181839 5.7298787331383174 5.4515171704842942 2.0086873996042414
leaf_count=41 313 61 390 11227 864 1257 5774 2153 95 2192 28 109 140 570 3064 57 365 364 21 483 931 843 130 158 185
internal_value=0 0.00277766 0.00635931 -0.000474594 -0.00126839 -0.00206197 -0.00303715 0.00151778 0.00304825 0.00429977 0.00822908 0.00119182 0.00310958 0.010083 0.000539783 -0.000119461 -0.0021534 -0.00160561 -0.00333581 -0.00208121 -0.00428367 -0.00393146 0.000144101 0.000719225 0
internal_weight=287.924 38.4754 19.1637 249.449 190.446 153.829 119.669 59.0028 48.0087 43.9442 15.4299 36.6169 27.7555 12.0171 34.1599 19.3118 10.9941 8.86142 5.66927 4.06443 5.06256 5.60333 13.6425 11.1814 3.7338
internal_count=31815 2844 1486 28971 22799 21322 17001 6172 4923 4345 988 1477 1004 598 4321 1358 1249 473 1013 578 952 884 345 288 498
is_linear=0
shrinkage=0.03


Tree=229
num_leaves=29
num_cat=0
split_feature=18 17 43 62 54 38 1 17 53 9 49 0 17 28 41 40 44 67 55 40 44 38 0 10 40 12 53 10
split_gain=0.33894 0.563046 0.512055 0.740691 0.699407 0.466045 0.633096 0.464796 0.531125 0.557636 0.467291 0.460546 0.432736 0.369176 0.236188 0.42854 0.211061 0.218846 0.20909 0.244227 0.171868 0.104983 0.0688441 0.0619268 0.0428951 0.0221458 0.0069742 0.0865659
threshold=0.027421906590461734 0.00033020414412021642 0.009041149169206621 -0.0046564284712076178 -0.010961156338453291 0.0017099678516387942 0.090829934924840941 0.053448125720024116 -0.0027846517041325565 -0.0081991255283355696 0.012215279042720796 -0.23703630268573758 -0.020274842157959935 -0.019135644659399983 -0.011024981737136839 0.00055972952395677577 0.026851689442992214 0.63880324363708507 0.0012262240052223208 -0.012895096093416212 0.0027001313865184788 1.0000000180025095e-35 0.26289229094982153 -0.074311420321464525 -0.0028604222461581226 -0.0037540439516305919 0.0090071493759751337 0.031637046486139304
decision_type=2 2 2 2 2 2 2 2 2 2 2 2 2 2 2 2 2 2 2 2 2 2 2 2 2 2 2 2
left_child=5 12 3 22 -5 7 11 8 9 -1 -10 25 14 -13 24 -16 17 -14 19 -8 21 -9 -3 -20 -2 -7 27 -4
right_child=1 2 26 4 -6 6 18 20 10 -11 -12 13 16 -15 15 -17 -18 -19 23 -21 -22 -23 -24 -25 -26 -27 -28 -29
leaf_value=0 0 -0.003049572674382493 -0.0030095412619345553 0 0.011436437816067289 0.001425485169978193 0 -0.007303738426565471 -0.0017150741073725178 0.0054880669781884458 0.0035983362147200882 0 -0.0072437381638454099 -0.0064888837008104114 0 0.0063295934506320756 0 0 0 0.0043125627302271164 0 0 0 -0.0027570329187770583 -0.0023662277196627906 0 0 0
leaf_weight=15.546706868568434 2.0802105550901615 1.6624052229017277 4.2947879531129711 7.1116948195376635 13.974616923875145 4.8086396240578324 2.1346687501754849 4.8897890393054677 58.766581267100264 32.582174414408655 13.188840670518401 10.645450311882085 9.0440370474134379 37.549190591425941 5.0182675045798542 10.915467217968397 1.5238735182792869 2.8987938352765914 2.4818624785912107 16.341304394107283 4.9027530669955013 0.18142802401416691 4.8845588998228777 5.1590608119986419 3.0444025312099265 4.3447506826632871 4.5102705042372691 2.5680444927638746
leaf_count=2414 201 325 486 270 1081 825 348 639 6831 2545 1053 1058 1114 6540 668 534 51 177 119 1503 514 53 233 1117 240 558 221 97
internal_value=0 0.00169041 0.00405835 0.00602763 0.00842646 -0.000607488 -0.0023425 0.000329334 0.00111161 0.0034437 -0.000180817 -0.00409362 -0.000400835 -0.00523768 0.00132594 0.00346922 -0.0043535 -0.00564528 0.000578451 0.00274666 -0.00431188 -0.00655759 0 -0.00130377 -0.000797253 0 0 -0.000727401
internal_weight=287.055 73.5314 39.0064 27.6333 21.0863 213.523 83.4649 130.058 120.084 48.1289 71.9554 57.348 34.5251 48.1946 21.0583 15.9337 13.4667 11.9428 26.1169 18.476 9.97397 5.07122 6.54696 7.64092 5.12461 9.15339 11.3731 6.86283
internal_count=31815 5698 2713 1909 1351 26117 12068 14049 12843 4959 7884 8981 2985 7598 1643 1202 1342 1291 3087 1851 1206 692 558 1236 441 1383 804 583
is_linear=0
shrinkage=0.03


Tree=230
num_leaves=31
num_cat=0
split_feature=54 54 43 10 68 3 60 5 57 13 33 31 69 36 37 3 55 27 32 45 57 39 60 38 10 33 55 52 69 18
split_gain=0.370209 0.779916 0.977145 0.686223 0.537788 0.655501 0.537729 0.516772 0.423822 0.516148 0.420458 0.460591 0.415558 0.413592 0.386555 0.351964 0.314288 0.276018 0.265622 0.342078 0.256752 0.243408 0.18451 0.177166 0.163865 0.176813 0.148005 0.113889 0.0848788 0.0775494
threshold=0.0010204762220382693 0.0054847970604896554 -0.0067129842936992637 -0.023296076804399487 -0.70392450690269459 -0.12230796366930007 -0.0028888639062643047 0.0529821664094925 -0.0057144276797771445 0.01743799448013306 0.0012531876564025881 0.0032921191304922108 0.51279577612876903 0.021619573235511783 -0.023429879918694493 -0.12230796366930007 0.0011176355183124544 -0.011807594448328016 -0.0019399821758270262 -0.012606162577867506 -0.00084885209798812855 -0.0081983394920825941 -0.0043713897466659537 -0.012543968856334685 0.045543380081653602 -0.0033853054046630855 0.00015779584646224978 -0.0083563476800918562 -0.23336618393659589 0.03728099167346955
decision_type=2 2 2 2 2 2 2 2 2 2 2 2 2 2 2 2 2 2 2 2 2 2 2 2 2 2 2 2 2 2
left_child=3 2 4 12 -2 -6 15 13 9 17 11 -10 18 14 -5 -4 21 -3 22 -20 -12 -14 -1 -8 25 -9 -11 -26 -15 -18
right_child=1 8 6 7 5 -7 23 24 10 26 20 -13 16 28 -16 -17 29 -19 19 -21 -22 -23 -24 -25 27 -27 -28 -29 -30 -31
leaf_value=-7.7428681195975771e-05 0 0 0 0 0 0.012606209080504874 0 0 0.0052790618256514316 -0.001717884962086947 0.0010470094372778526 0 0 -0.00089275641929533909 -0.0052337962577937124 0.0070206296814983391 -0.0015499862285134052 -0.008157635777597861 0 -0.0058264525294223959 -0.0030957420447739596 0.0071461555228840689 0.003689049777386945 -0.004640891479575234 0 0.0046406712639346943 0.0029280151681176079 -0.0032201895817066954 0.0023548127679088281 0.0020304486306363355
leaf_weight=5.2195197306173204 0.77271495113746169 1.6169680104121642 1.8240806087269446 2.3915064364155105 4.5479100353914008 12.826256019223361 2.9407724844859322 3.6107126964925547 23.561516137784565 5.0458605831699952 9.1489417516713747 10.476404925702807 3.2842498341924555 2.2309299553598976 62.968031966394847 7.2178688450621866 8.3723791236552625 10.848095259985714 4.9590435594072906 10.808500536501013 21.611435995044303 13.707040813373169 8.7239683545194584 11.620219615990207 2.7307720665048691 9.0603113059478364 7.0791610040105297 5.6359153512712492 7.736868580337612 4.1366655829915535
leaf_count=694 195 270 188 320 194 1149 322 675 2277 472 731 1384 182 315 8393 1139 552 1369 412 2204 2343 498 1219 1831 177 589 491 655 451 124
internal_value=0 0.00115087 0.00433737 -0.000975719 0.00871721 0.0100123 0 -0.00259116 -0.000170508 -0.00339817 0.000780223 0.00312584 0.00118322 -0.00377001 -0.00463864 0.00450864 0.00362516 -0.00679428 -0.000550063 -0.00331914 -0.00105055 0.00578614 0.00104717 -0.00318567 0.000391032 0.00285135 0 -0.000763441 0 0
internal_weight=286.715 131.138 41.7498 155.576 18.1469 17.3742 23.6029 96.365 89.3884 24.5901 64.7983 34.0379 59.2114 75.3273 65.3595 9.04195 29.5003 12.4651 29.711 15.7675 30.7604 16.9913 13.9435 14.561 21.0377 12.671 12.125 8.36669 9.9678 12.509
internal_count=31815 14355 5018 17460 1538 1343 3480 11575 9337 2602 6735 3661 5885 9479 8713 1327 1356 1639 4529 2616 3074 680 1913 2153 2096 1264 963 832 766 676
is_linear=0
shrinkage=0.03


Tree=231
num_leaves=26
num_cat=0
split_feature=41 4 67 46 7 6 9 44 24 6 24 67 41 52 39 21 4 36 1 30 48 41 63 9 35
split_gain=0.41028 0.544471 0.545376 0.459252 0.616498 0.53772 0.528941 0.437494 0.361786 0.501765 0.347965 0.320317 0.423619 0.242073 0.222942 0.192553 0.131129 0.139323 0.0846934 0.0562183 0.0816069 0.0432375 0.0407373 0.0294528 0.0212256
threshold=-0.015547238290309904 -0.075504198670387254 -0.57775115966796864 -0.016000101342797276 -0.0036754757165908809 -0.053515732288360589 0.094056509435176863 -0.00045925751328468317 0.012536130845546724 0.050793662667274482 -0.015445686876773832 0.55399784445762645 -0.011247523128986357 -0.0077901780605316153 0.013437554240226747 -0.005484372377395629 -0.1711405664682388 0.024877272546291355 0.030472695827484134 -0.019100684672594067 0.012211136519908907 -0.016007520258426663 0.0016459766775369646 0.078132525086402907 -0.0076736584305763236
decision_type=2 2 2 2 2 2 2 2 2 2 2 2 2 2 2 2 2 2 2 2 2 2 2 2 2
left_child=1 16 18 7 5 15 -7 19 9 -4 -9 12 -6 -13 -12 -5 -1 21 -3 20 -2 -18 -10 -20 -21
right_child=3 2 8 4 11 6 -8 10 22 -11 14 13 -14 -15 -16 -17 17 -19 23 24 -22 -23 -24 -25 -26
leaf_value=0 -0.0041307623338136023 0 0.0081680588673489415 -0.0018145489470018717 -0.0032670462068428532 -0.0056151800548443582 0 0 -0.0013955265256650996 0 0.0086367596504599541 0 0.0016876309702831124 -0.0054608134249225417 0 0.0026459540913047188 -0.0058748029031480678 0 -0.0039613140922750284 0 0 0 0.0012593963782482772 0 0.0013082181956516965
leaf_weight=2.2879792811218067 2.2696188768422867 3.4764370410302936 24.505290942717693 9.4802601155206521 10.583997715824806 52.407682866634786 6.6675766396292593 4.0955243120115474 4.1590258959804469 7.6708492838115481 9.8219962250695954 3.1052223196002151 94.873910484977387 9.6416246585449681 1.4383525556186203 12.942946091938209 5.0469706162402863 1.1560320627031613 2.4638593967683851 2.7334991206153054 0.54252503361931292 1.2915562488851708 6.869801282104163 0.14746189594734449 6.1620173864103007
leaf_count=118 268 213 1368 1257 824 8415 549 499 607 520 753 801 8029 2874 139 1624 663 40 592 363 78 94 421 19 687
internal_value=0 0.00212477 0.00362862 -0.000587423 -0.00120094 -0.00313492 -0.00456287 0.00248542 0.00497127 0.00638777 0.00539196 0 0.000793394 -0.0035109 0.00746026 0 -0.00208778 -0.0038213 -0.00113927 -3.99121e-06 -0.00254493 -0.00521056 0 -0.00345041 0
internal_weight=285.842 59.0753 49.2927 226.767 199.703 81.4985 59.0753 27.0635 43.205 32.1761 15.3559 118.205 105.458 12.7468 11.2603 22.4232 9.78254 7.49456 6.08776 11.7077 2.81214 6.33853 11.0288 2.61132 8.89552
internal_count=31815 4655 3740 27160 24373 11845 8964 2787 2916 1888 1391 12528 8853 3675 892 2881 915 797 824 1396 346 757 1028 611 1050
is_linear=0
shrinkage=0.03


Tree=232
num_leaves=27
num_cat=0
split_feature=46 12 41 7 4 15 25 24 57 67 7 4 12 65 3 41 57 35 52 60 21 7 38 18 65 33
split_gain=0.382119 0.609732 0.487799 0.526646 0.478335 0.447797 0.525765 0.426249 0.405387 0.421973 0.326204 0.309615 0.462475 0.361508 0.236975 0.131951 0.110011 0.0818453 0.0736912 0.0521561 0.0621976 0.012668 0.00509806 0.0223709 0.0132831 0.000872042
threshold=-0.016319079324603077 0.040669512003660209 -0.015386506915092467 -0.0036754757165908809 -0.048690976575016968 -0.072573289275169359 0.041477072983980186 -0.012079738080501555 -0.011309738270938395 -0.57775115966796864 0.084901213645935072 0.019264880567789081 -0.0063049769960343829 0.63494807481765758 0.066764350980520262 -0.018904924392700192 0.01459106430411339 0.01260805130004883 0.0028872368857264523 -0.013434570282697676 0.059761554002761848 0.05456050485372544 -0.00058739632368087758 0.050630137324333198 0.41186906397342687 0.016818292438983921
decision_type=2 2 2 2 2 2 2 2 2 2 2 2 2 2 2 2 2 2 2 2 2 2 2 2 2 2
left_child=1 7 4 5 15 18 -7 22 21 -10 14 12 -5 -13 -9 16 -2 19 -4 -3 -21 -6 24 -24 -1 -17
right_child=2 17 3 11 8 6 -8 10 9 -11 -12 13 -14 -15 -16 25 -18 -19 -20 20 -22 -23 23 -25 -26 -27
leaf_value=0 -0.0047226324985393765 0 0.0028022953869983858 -0.00035753172281683212 -0.0011823994188366745 -0.0047945999468503595 0.0008204452915822984 0.0095593068513960856 0 0.006336481335340545 0 -0.0042946533254944784 0.0037542907554190472 0 0 0.00027519210798496559 0 0 0 -0.0047243324705788688 0 0 -0.0016934240078287609 0 0.0012079817656194306 0
leaf_weight=0.57158188115499831 6.343343075204757 1.3900282021495511 5.0039612075415771 36.425723732074403 3.1549798272171738 65.436961091958437 6.6206380673065715 13.721219957002175 3.1527783604506103 28.218374818137821 0.8561458649637651 20.472708618892284 33.675773212133208 27.976444982734392 1.7865861598802446 5.3635415811295371 1.5578116314427459 2.2039067583027645 3.4032074276510684 4.1871610060989024 0.37043389028985974 5.1580137905839365 3.5178111865370756 0.70922866578621313 3.3952050235675415 0.55840761769286462
leaf_count=203 819 73 252 3731 492 10583 753 899 405 1817 118 4031 3885 888 466 281 45 187 255 517 15 143 633 64 169 91
internal_value=0 0.00282048 -0.000413005 -0.00119038 0.00182025 -0.00298806 -0.00386961 0.00526795 0.00363101 0.00512142 0.00750676 0 0.00133671 -0.00164402 0.00854516 -0.00136803 -0.0034548 -0.00147137 0.000955387 -0.00305438 -0.00394935 0 0 -0.000682068 0.000181589 0
internal_weight=285.232 32.7093 252.523 199.015 53.5073 80.4648 72.0576 24.5578 39.6841 31.3712 16.364 118.551 70.1015 48.4492 15.5078 13.8231 7.90115 8.15153 8.40717 5.94762 4.55759 8.31299 8.19383 4.22704 3.96679 5.92195
internal_count=31815 3344 28471 24378 4093 11843 11336 2552 2857 2222 1483 12535 7616 4919 1365 1236 864 792 507 605 532 635 1069 697 372 372
is_linear=0
shrinkage=0.03


Tree=233
num_leaves=30
num_cat=0
split_feature=43 48 57 54 54 23 43 11 48 37 48 65 43 36 10 61 11 8 15 4 14 10 15 27 21 3 39 38 11
split_gain=0.387373 0.557426 0.409943 0.382222 1.01661 1.00159 0.703536 0.868082 0.593036 0.479497 0.467346 0.435393 0.400239 0.328975 0.30689 0.245593 0.242847 0.374482 0.240994 0.236892 0.222779 0.129567 0.114299 0.0716064 0.05734 0.0483216 0.0152519 0.0444937 0.00433549
threshold=0.010523343924432995 -0.0040406975895166388 0.0017704907804727556 0.0010204762220382693 0.0054847970604896554 -0.0044324696063995353 -0.0049749668687582007 0.0031006168574094777 -0.010422295890748499 0.037939343601465232 -0.0079723554663360102 0.24817395955324176 0.0011521019041538241 -0.025005970150232312 -0.031278360635042184 -0.0011894418857991693 -0.026613526046276089 -0.077224135398864732 -0.030309163033962246 0.010148208122700455 -0.019808392971754071 0.067517731338739409 -0.013465709984302519 -0.022547677159309384 -0.0050211101770400992 0.14602146297693255 -0.011633291840553282 0.01955615729093552 -0.017218556255102154
decision_type=2 2 2 2 2 2 2 2 2 2 2 2 2 2 2 2 2 2 2 2 2 2 2 2 2 2 2 2 2
left_child=3 2 13 6 5 24 7 9 -7 -1 15 19 -12 -2 -9 -6 22 23 -19 -8 -13 -15 -3 -18 -5 -24 28 -28 -4
right_child=1 16 26 4 10 8 11 14 -10 -11 12 20 -14 21 -16 -17 17 18 -20 -21 -22 -23 25 -25 -26 -27 27 -29 -30
leaf_value=-0.0085338696357321678 0 0 0 -0.0022536231531470321 0.0059236791448548333 0 0.00050855227914796798 0.0032501140429717773 0.010819305182700963 0 -0.0036487070890938418 0 0.0008154366892520774 -0.010473457166267828 -0.0017369128915462222 0 0 0 0.0050065307602712716 -0.0038548231019805345 0.0048866966034007689 0 -0.004887342856876583 -0.0032394171243797431 0.00053051905741448519 0 -0.0022177959624985403 0 0.00065849344435559465
leaf_weight=18.39455100556734 1.3341677872194839 3.1207822623146058 0.32736740632390127 4.4075201494924832 8.3026222092594271 2.8119315045842113 15.180281155979175 13.86868832303662 18.550869669383246 6.3095802250609259 34.210125356228673 8.9755660419614269 14.648589949505547 9.1518513274349989 20.485413197202433 12.305114105120081 1.659657873198739 3.6004979055069297 19.522514472071634 9.5680263016656664 26.114605417424173 1.0253644822769263 6.3392845723974443 4.3177556868249694 8.5970363313535909 0.15257702058079292 5.8879803569725464 1.4310051118081899 4.4995937186904484
leaf_count=3251 99 335 132 590 815 460 2735 870 2112 105 3769 762 1544 1120 2300 1144 112 554 1852 1975 1789 199 853 421 903 62 701 72 179
internal_value=0 -0.00199837 -0.005186 0.000591187 0.00193309 0.00579414 -0.000369295 -0.00276836 0.00918292 -0.00654441 0 0.00156669 -0.00180183 -0.00830805 0 0.00309788 0 0.0016609 0.00376084 -0.000534297 0.00367862 -0.00972621 -0.00291883 -0.00174256 0 -0.00444799 0 -0.00104721 0.000148672
internal_weight=285.101 62.3704 23.6573 222.731 103.834 34.3674 118.897 59.0582 21.3628 24.7041 69.4665 59.8385 48.8587 11.5114 34.3541 20.6077 38.7131 29.1004 23.123 24.7483 35.0902 10.1772 9.61264 5.97741 13.0046 6.49186 12.1459 7.31899 4.82696
internal_count=31815 6691 2502 25124 11337 4065 13787 6526 2572 3356 7272 7261 5313 1418 3170 1959 4189 2939 2406 4710 2551 1319 1250 533 1493 915 1084 773 311
is_linear=0
shrinkage=0.03


Tree=234
num_leaves=27
num_cat=0
split_feature=18 24 31 24 24 38 17 8 5 54 5 17 55 9 2 58 8 69 50 28 58 55 48 4 56 46
split_gain=0.334825 0.559197 0.595813 0.508152 0.504703 0.561773 0.506991 0.50068 0.495676 0.409094 0.408751 0.390077 0.352444 0.339977 0.296785 0.293593 0.277202 0.214848 0.206722 0.130952 0.0851422 0.0831546 0.046325 0.0331333 0.0162795 0.000764357
threshold=0.027421906590461734 -0.01515020430088043 0.020811965689063076 0.017081420868635181 -0.001246996223926544 -0.00021360814571380613 0.030253157019615177 -0.040602795779705041 0.048592656850814826 -0.002509050071239471 0.062081212177872665 0.031997175887227065 -0.0064222775399684897 0.0223807767033577 0.064562566578388228 0.0097101218998432177 -0.11105254292488097 0.25570954382419592 -0.0050475150346755973 -0.01373076857998967 -0.005746465176343917 0.0019338224083185198 -0.020306855440139767 0.10256993770599367 -0.001969290897250175 0.02791155502200127
decision_type=2 2 2 2 2 2 2 2 2 2 2 2 2 2 2 2 2 2 2 2 2 2 2 2 2 2
left_child=1 2 10 7 5 8 9 12 -3 -6 15 13 -2 -9 -13 -1 -14 -7 -8 -5 25 -22 -21 -24 -12 -4
right_child=3 4 20 19 6 17 18 11 -10 -11 24 14 16 -15 -16 -17 -18 -19 -20 22 21 -23 23 -25 -26 -27
leaf_value=-0.0084754553145202274 0 0.0072343958083156768 -0.00030896919967314545 0 -0.0021106749119343187 -0.0034472101445569203 0 -0.0046814544843479904 0 0.0016246366699958009 0.0012606352438380767 0.0063250816850235298 0 0.00023518255685577835 0 0 0.0088597370801387857 0.0011968869665306037 -0.0069744062165992392 0 0.0034599257267307879 0 -0.0052213835048258526 0 -0.00032975255531223857 0
leaf_weight=19.353201558291406 4.4414404473755011 20.212326900629709 2.206234316083282 4.3497877205481927 39.550732141580738 9.1566915444473143 8.7768905967568589 11.521156646602323 7.6903463507587722 59.298862637660932 3.6489779702897067 9.0216724346864776 2.65654682424793 15.189302570423022 3.5365401109011136 6.1135076484933952 15.484093228660637 12.546437417029663 9.9905743832969147 0.55295150080928568 7.7636136815563059 1.724184027087176 5.1948646665332472 0.72444633288614557 3.337333941643009 0.36339296888036177
leaf_count=3711 284 1780 249 333 5590 1780 688 1555 757 7046 439 587 75 1015 184 715 770 899 1175 48 457 212 768 79 600 19
internal_value=0 -0.000605659 -0.00342962 0.00168999 4.95613e-05 0.00259537 -0.000841534 0.00297232 0.00515223 0 -0.00546178 0 0.00614408 -0.00134324 0.00409096 -0.00698185 0.00766176 0 -0.00478034 -0.00236601 0.000278938 0.00231964 -0.0042419 -0.00476688 0 0
internal_weight=284.406 211.733 44.5104 72.6728 167.223 49.6058 117.617 61.8508 27.9027 98.8496 32.453 39.2687 22.5821 26.7105 12.5582 25.4667 18.1406 21.7031 18.7675 10.8221 12.0574 9.4878 6.47226 5.91931 6.98631 2.56963
internal_count=31815 26117 6402 5698 19715 5216 14499 4470 2537 12636 5465 3341 1129 2570 771 4426 845 2679 1863 1228 937 669 895 847 1039 268
is_linear=0
shrinkage=0.03


Tree=235
num_leaves=28
num_cat=0
split_feature=18 24 11 24 25 17 17 48 24 65 16 21 38 28 5 3 56 15 50 5 18 28 57 15 48 15 29
split_gain=0.292821 0.528926 0.570676 0.50422 0.47852 0.463677 0.64934 0.72098 0.395608 0.385556 0.385482 0.372035 0.312595 0.300684 0.282118 0.271564 0.230673 0.164168 0.140878 0.13419 0.127799 0.119731 0.0922161 0.0763965 0.0582336 0.0116556 0.00774334
threshold=0.027421906590461734 -0.01515020430088043 0.023490225896239284 0.017081420868635181 0.019357435405254367 0.01999296993017197 -0.0063434215262532226 -0.0065102572552859774 -0.0077468417584896079 1.8131266832351687 0.0067539885640144357 0.013854831457138063 -0.00021360814571380613 0.012240386102348568 -0.021772213280200955 0.047598587349057205 -0.00052914023399353017 0.0165025107562542 0.0020549148321151738 -0.017643444240093228 -0.0096978396177291853 -0.01373076857998967 0.006539722904562951 -0.067570112645626054 -0.020306855440139767 0.0082158744335174578 -0.0014541018754243849
decision_type=2 2 2 2 2 2 2 2 2 2 2 2 2 2 2 2 2 2 2 2 2 2 2 2 2 2 2
left_child=1 2 4 10 9 6 12 -8 20 -1 11 15 -3 -10 17 -2 -16 -12 19 -4 -7 -5 -20 -23 -25 -13 -6
right_child=3 5 18 21 26 8 7 -9 13 -11 14 25 -14 -15 16 -17 -18 -19 22 -21 -22 23 -24 24 -26 -27 -28
leaf_value=-0.010027878921800426 0.0068569252268192377 0.00073064499543653053 0 0 0.00072557506720964833 0 -0.00047492369253139977 0.0053474603423699137 -0.0054716727431268599 0 0.0040868423125272335 -0.0011313687008183185 -0.0027891414612032208 0 0 0 -0.005975473186035145 0 -0.0037555507794380994 0.0035508025823438242 0.0036796979900565949 0 0 0 -0.0055813707696174778 0 -0.00049595745616497829
leaf_weight=13.258035547909463 26.416287586253024 37.625794017647422 2.9296303076371286 4.3070276290854963 4.125345137757904 2.5252454208202835 16.373735069346367 42.948009931529668 23.990583420481929 3.0764929870128972 10.387397233465892 3.1953707583106725 30.894999729132905 7.9712209168974359 5.4231546768751286 4.1096217494014118 4.8654504351725318 5.2667551046797589 4.626121839224651 10.449269807781091 4.4913650477719775 0.40525506969424885 2.0774215542587626 0.55685664240445465 5.4608949427856697 1.9513937352166975 3.8012644579539474
leaf_count=2964 1336 4411 501 333 517 325 1720 4767 2654 151 676 477 4575 804 476 450 452 339 733 680 459 17 311 48 830 264 545
internal_value=0 -0.000566809 -0.00332255 0.00158411 -0.00601402 6.64809e-05 0.00110866 0.00336199 -0.00240696 -0.00835421 0.00287584 0.00469847 -0.00053008 -0.00402007 0 0.00589057 -0.00307595 0.00229993 0 0.0020068 0.00105976 -0.00248261 -0.00212349 -0.00423328 -0.004982 0 0
internal_weight=283.51 211.165 44.3436 72.3455 24.2611 166.821 127.843 59.3217 38.9784 16.3345 61.6154 35.6727 68.5208 31.9618 25.9428 30.5259 10.2886 15.6542 20.0824 13.3789 7.01661 10.73 6.70354 6.42301 6.01775 5.14676 7.92661
internal_count=31815 26117 6402 5698 4177 19715 15473 6487 4242 3115 4470 2527 8986 3458 1943 1786 928 1015 2225 1181 784 1228 1044 895 878 741 1062
is_linear=0
shrinkage=0.03


Tree=236
num_leaves=31
num_cat=0
split_feature=8 20 51 62 14 64 51 24 11 7 17 22 15 62 34 19 4 63 45 25 62 51 0 25 51 3 22 52 61 69
split_gain=0.242176 0.445418 0.421596 0.361919 0.352747 0.346758 0.335856 0.492002 0.375393 0.331061 0.318229 0.607699 0.42859 0.280722 0.297146 0.233678 0.232205 0.188861 0.114683 0.0917399 0.0821132 0.0608217 0.0941512 0.0443529 0.040763 0.0184682 0.0168878 0.0157551 0.00463344 0.000317465
threshold=0.027186848223209385 -0.02879318222403526 -0.0089656431227922422 0.00096701830625534068 -0.045660559087991708 -0.2692307755351066 0.0092893433757126349 -0.014357365667819975 -0.033294118940830224 0.0023555979132652287 -0.0063434215262532226 0.0079918927513062971 0.0082158744335174578 -0.012420572340488432 -0.011026894208043812 0.01979797333478928 -0.222205676138401 -0.001246117055416107 0.0094093037769198435 0.048262916505336768 0.023444656282663349 -0.015513454563915728 -0.10988846048712729 0.019936475902795795 0.024360975250601772 -0.11518225073814391 -0.066320512443780885 -0.0073282085359096518 0.0018902416341006758 1.2798396348953249
decision_type=2 2 2 2 2 2 2 2 2 2 2 2 2 2 2 2 2 2 2 2 2 2 2 2 2 2 2 2 2 2
left_child=1 2 21 6 13 -4 7 19 -9 15 12 -12 -6 28 -15 27 -7 18 -11 -2 -17 26 -23 24 -8 -19 -1 -5 -3 -25
right_child=3 4 5 9 10 16 23 8 -10 17 11 -13 -14 14 -16 20 -18 25 -20 -21 -22 22 -24 29 -26 -27 -28 -29 -30 -31
leaf_value=0 -0.002784888042042332 0.00069483125357749876 0 0.00079255089204293577 -0.0032954338406020038 0 -0.0028508210609764313 0 0.0074361018009700018 0.0049082589143528898 -6.6553080147594925e-05 0.0038992980073524518 0.0009808829888846445 0 -0.0070175567452327092 -0.0074358527175142491 -0.0088411227061211631 0 0 0.00080569446793725766 0 0 0.0042991696427341353 0.00020931699071261175 0 -0.0014050574427691294 -0.0014761850658998597 -0.00086903767158291983 0 0
leaf_weight=0.91946374214603599 5.0841809736884889 3.6374829313863328 2.3565125718832887 3.5699772689986249 32.985331429403232 1.1125259548425681 4.4256889932639742 2.5333894684154101 23.360164371235442 8.5055283830224671 60.533902092558492 48.404672723636395 28.336386258635684 3.4335913593422456 11.239806768799095 4.6035481456492553 12.383565181855367 2.8423263025615597 2.6327446114555633 1.7120183899896799 0.21211953523743421 0.59055392663140116 2.5462114840047461 1.5212304612578007 0.90912353290332237 3.4193494116607317 1.9748389561718793 6.6474929039322896 0.60372080476372492 0.29141525359591458
leaf_count=21 1038 187 681 379 4328 6 819 701 2478 813 5903 3363 2720 478 1505 1145 2061 131 222 105 23 127 207 151 110 641 251 1100 92 29
internal_value=0 -0.000515502 -0.00412883 0.00144141 0 -0.00633828 0.00328981 0.00457113 0.00631071 -0.000163691 0.000464453 0.00152608 -0.00094206 -0.0034197 -0.00520169 -0.00350983 -0.00788448 0.00152614 0.00371015 0 -0.00682408 0 0.00259373 0 -0.00196531 0 0 0 0 0
internal_weight=283.329 211.059 21.8837 72.2703 189.175 15.8526 39.8372 32.6898 25.8936 32.4331 170.26 108.939 61.3217 18.9146 14.6734 15.0331 13.4961 17.3999 11.1383 6.7962 4.81567 6.03107 3.13677 7.14746 5.33481 6.26168 2.8943 10.2175 4.2412 1.81265
internal_count=31815 21930 3354 9885 18576 2748 5431 4322 3179 4454 16314 9266 7048 2262 1983 2647 2067 1807 1035 1143 1168 606 334 1109 929 772 272 1479 279 180
is_linear=0
shrinkage=0.03


Tree=237
num_leaves=24
num_cat=0
split_feature=65 35 7 38 18 1 2 25 65 37 65 21 42 5 19 11 68 1 62 42 58 69 51
split_gain=0.253907 0.351139 0.328394 0.354798 0.575828 0.698937 0.379529 0.583392 0.327764 0.316851 0.341819 0.29053 0.256657 0.137834 0.111952 0.0882158 0.077347 0.0737072 0.0204918 0.0159985 0.0202709 0.0112638 0.00334121
threshold=-0.58425262570381153 -0.0059730503708124152 -0.059489537030458443 0.00059991329908370983 0.031927578151226051 0.19066353887319568 0.047631807625293739 0.023795500397682193 1.1832041144371035 -0.012166691944003103 2.2000771760940556 -0.010638236999511717 0.01979740429669619 -0.061587981879711144 -0.00034525245428085322 0.068983457982540144 1.9406509399414065 -0.23972791433334348 -0.0059406179934740058 -0.0033031580969691272 0.00074143335223197948 -0.7494484782218932 -0.0020046774297952648
decision_type=2 2 2 2 2 2 2 2 2 2 2 2 2 2 2 2 2 2 2 2 2 2 2
left_child=1 19 9 6 5 -5 7 -4 -6 13 12 -8 -11 14 -2 16 17 -3 -15 -1 21 -21 -12
right_child=2 15 3 4 8 -7 11 -9 -10 10 22 -13 -14 18 -16 -17 -18 -19 -20 20 -22 -23 -24
leaf_value=0 0 0 0.0042101951545031463 -0.0032316613684365792 0 0.0030294199681109519 0.0022620790864686826 -0.0016328056304813286 0.0048221839928620719 -0.0067443330112915128 0.00055106132513419836 -0.0018602482933009182 0 0 0.0055401425364753976 0 0 -0.0079486154481782714 -0.0013562495884993989 0 0 0.0026205258280963474 0
leaf_weight=0.49560833966825191 1.4209805030113787 0.080052046003401212 66.386729169360478 68.1728532354864 10.857829612166826 11.610506219680245 21.313179599157593 8.3550549155188474 18.083203388712718 17.095200668114565 4.9025471951317741 31.651208175404463 1.975974194388981 2.0833068244537571 2.3342726835398935 0.58950877517781908 0.8883439473065663 6.8344563657810786 5.0462948560234491 0.20549651383407752 0.29900717006239563 1.2296432674465894 1.2466332761687215
leaf_count=295 90 16 6780 8758 915 1015 1242 1200 688 3118 186 2331 324 269 102 86 373 2655 569 145 230 315 113
internal_value=0 -0.00372132 0.000209468 0.000722883 -0.000312702 -0.00184175 0.00180917 0.00311939 0.00266898 -0.00210171 -0.0039285 0 -0.00567062 0.000146642 0.00376875 -0.00630486 -0.00691252 -0.00756229 -5.49898e-05 0 0.00146225 0.00225223 0
internal_weight=283.158 10.6221 272.536 236.431 108.724 79.7834 127.706 74.7418 28.941 36.1052 25.2204 52.9644 19.0712 10.8849 3.75525 8.39236 7.80285 6.91451 7.1296 2.22976 1.73415 1.43514 6.14918
internal_count=31815 4115 27700 22929 11376 9773 11553 7980 1603 4771 3741 3573 3442 1030 192 3130 3044 2671 838 985 690 460 299
is_linear=0
shrinkage=0.03


Tree=238
num_leaves=26
num_cat=0
split_feature=46 12 12 2 65 41 6 20 7 25 20 4 9 46 42 62 8 40 19 61 8 40 7 62 52
split_gain=0.249769 0.51823 0.458141 0.435751 0.342497 0.327708 0.496818 0.32974 0.32279 0.675703 0.418965 0.476403 0.396213 0.386058 0.217573 0.206724 0.129635 0.0640781 0.064945 0.00508625 0.0878024 0.0315403 0.00452328 0.00889791 0.00143201
threshold=-0.016319079324603077 0.040669512003660209 -0.055599100887775414 0.073429100215435042 -0.23595214635133741 0.014555603265762331 -0.098118901252746568 0.059086099267005927 -0.0036754757165908809 0.040463522076606757 0.013039239682257177 0.011472447775304319 -0.03741160407662391 0.0049532651901245126 -0.016143804416060444 -0.013181842863559721 0.02870023995637894 0.012483937665820123 0.04210909083485604 0.0020066134165972476 -0.059903241693973534 0.011018041521310808 0.010586775839328768 0.0090964920818805712 0.0063225906342267999
decision_type=2 2 2 2 2 2 2 2 2 2 2 2 2 2 2 2 2 2 2 2 2 2 2 2 2
left_child=1 3 5 4 -1 6 24 -8 9 13 11 -10 -12 -4 -11 -6 17 18 -3 20 -5 -21 -7 -24 -2
right_child=2 16 8 19 15 22 7 -9 10 14 12 -13 -14 -15 -16 -17 -18 -19 -20 21 -22 -23 23 -25 -26
leaf_value=0 0.00038422367595157086 -0.0054740852994316757 -0.0039857303075505534 0 0 0 -0.0091923184605103535 0 0.0014663750351223746 0 0 -0.0029214588648368857 0.0044477225294285543 0 0.0060696588483129055 0.009818031290046542 0 0 0 0.0017347938720119261 -0.0029870456735566629 0 0.0012868099524972897 0 0
leaf_weight=1.7983979459204409 3.7301402984085206 3.8480056637672515 47.456898301859837 1.3406651080367735 0.41237453564826587 0.53713287428035927 12.515707910893978 3.1286691697314373 47.167334874562584 1.7217657583532853 14.625264873131526 32.098365905652827 39.806828517132089 34.523157532827099 7.3726961698703217 10.731730846149734 2.7799053363123676 0.75548277859343205 0.71829205091125903 5.3278664120298345 4.0675043906885531 0.89776448678458098 2.2946578958326431 0.32048540850519192 3.1986954807362054
leaf_count=833 275 434 7203 70 76 232 2284 184 5316 194 1443 3145 2633 4455 615 945 208 75 75 254 284 90 159 54 279
internal_value=0 0.00228022 -0.000336261 0.00461516 0.00754769 -0.00378945 -0.00516702 -0.00757085 2.25714e-06 -0.00119741 0.00104947 -2.23635e-05 0.00298566 -0.0023635 0.00429503 0.00907784 -0.0015712 -0.0037996 -0.00464818 0 -0.000425239 0.000490024 0 0.000731154 0
internal_weight=283.176 32.678 250.498 24.5763 12.9425 25.7255 22.5732 15.6444 224.772 91.0745 133.698 79.2657 54.4321 81.9801 9.09446 11.1441 8.10169 5.32178 4.5663 11.6338 5.40817 6.22563 3.15228 2.61514 6.92884
internal_count=31815 3344 28471 2552 1854 3467 3022 2468 25004 12467 12537 8461 4076 11658 809 1021 792 584 509 698 354 344 445 213 554
is_linear=0
shrinkage=0.03


Tree=239
num_leaves=23
num_cat=0
split_feature=65 35 8 28 8 48 68 58 51 24 9 24 48 28 61 12 9 68 1 25 17 68
split_gain=0.252106 0.327954 0.293688 0.464681 0.605831 0.514396 0.49613 0.496104 0.413319 0.425606 0.71773 0.330272 0.29932 0.233367 0.165996 0.109239 0.0867525 0.0696896 0.0730063 0.0178473 0.0141569 0.0214921
threshold=-0.58425262570381153 -0.0059730503708124152 0.027881670743227008 -0.0037924597272649403 -0.042001031339168542 -0.01726159360259771 0.6605844795703889 0.0099415592849254626 0.010012598708271982 -0.014357365667819975 0.057898700237274177 0.0030929483473300938 0.019140064716339115 0.020142307505011562 -0.015641828067600724 0.05367958918213845 0.076086200773715987 1.9406509399414065 -0.23972791433334348 -0.01504087448120117 0.017025717534124855 -0.13944786041975019
decision_type=2 2 2 2 2 2 2 2 2 2 2 2 2 2 2 2 2 2 2 2 2 2
left_child=1 20 3 6 11 -6 7 -2 9 16 -11 -5 -8 14 -10 17 -4 18 -3 -15 -1 -22
right_child=2 15 8 4 5 -7 12 -9 13 10 -12 -13 -14 19 -16 -17 -18 -19 -20 -21 21 -23
leaf_value=0 0.0031815147873886225 0 -0.0022841580653470677 0.0028020776479080389 0.00018340252755167708 -0.0054185587838732844 -0.0042386457923861507 -0.001534383670434347 0 0.0066185217488269983 -8.4055614386610388e-05 -0.0015324231412619546 0.00098537286016836837 0 -0.0059021066957375594 0 0.00075717233646346112 0 -0.0078916572008780311 0.0014090260316054948 0 0.002278577399246228
leaf_weight=0.82667187402694198 74.499826652016054 0.079713828003149412 8.9942151992181589 23.272376954409992 7.0834925516282956 40.626988672935113 17.525905643487935 13.897090881011534 1.3940314133214995 32.30428747586484 9.7571515390736732 27.048702259333368 1.8095021426634037 0.6318065635714446 6.2034960424716683 0.54116536361107126 3.8331880199912112 0.88567107506605669 6.8298753198159821 3.3737027724273503 0.20958245420297328 1.1796321285437439
leaf_count=699 5492 16 1341 2242 396 5706 2261 1092 155 3480 1202 2374 142 121 1086 55 331 377 2682 279 91 195
internal_value=0 -0.00371675 0.000208487 -0.000236009 -0.00179467 -0.0040792 0.000932874 0.00207645 0.00192394 0.00317892 0.0045825 1.97434e-06 -0.00241498 -0.0013754 -0.00437275 -0.00618396 0 -0.0068951 -0.00750629 0.000249849 0 0.00141215
internal_weight=282.808 10.5523 272.256 205.764 98.0316 47.7105 107.732 88.3969 66.4919 54.8888 42.0614 50.3211 19.3354 11.603 7.59753 8.33643 12.8274 7.79526 6.90959 4.00551 2.21589 1.38921
internal_count=31815 4115 27700 19705 10718 6102 8987 6584 7995 6354 4682 4616 2403 1641 1241 3130 1672 3075 2698 400 985 286
is_linear=0
shrinkage=0.03


Tree=240
num_leaves=30
num_cat=0
split_feature=43 46 18 69 24 24 35 17 47 55 25 41 37 27 17 48 48 25 0 47 2 67 31 6 60 55 61 24 61
split_gain=0.297406 0.440542 0.399269 0.634211 0.456766 0.713004 0.573498 0.454303 0.38595 0.395539 0.364177 0.318083 0.314523 0.31044 0.275153 0.302809 0.255706 0.197596 0.192189 0.190548 0.207666 0.137525 0.0877101 0.0547517 0.0520244 0.036461 0.0322456 0.00924341 0.0007931
threshold=0.010523343924432995 0.0061580389738082894 -0.010918661952018736 0.031846703961491592 0.00047490000724792486 -0.015445686876773832 0.010766610503196718 0.016463052481412891 0.012629276141524317 0.0035804044455289845 0.015877887606620792 -0.0063923522830009452 0.0014199176803231241 -0.022156994789838787 0.018452299758791927 0.016428425908088688 -0.0052710478194057933 0.041477072983980186 0.40117868781089788 -0.010381400585174559 -0.16881686449050901 -1.0550450682640073 0.00080966949462890636 -0.15091018378734586 -0.0085622295737266523 -0.012660888954997061 -0.0025750556960701938 0.041776090860366828 0.0076732775196433076
decision_type=2 2 2 2 2 2 2 2 2 2 2 2 2 2 2 2 2 2 2 2 2 2 2 2 2 2 2 2 2
left_child=2 8 3 11 5 7 -7 -4 9 18 12 26 -6 -13 15 -5 23 -12 -2 28 -21 -16 27 -3 -24 -25 -1 -10 -18
right_child=1 16 4 14 10 6 -8 -9 22 -11 17 13 -14 -15 21 -17 19 -19 -20 20 -22 -23 24 25 -26 -27 -28 -29 -30
leaf_value=-0.0016677862351927193 -0.0083576657656044273 0 -0.0027027981617026068 0.0034447060421433496 0.0031443736870465236 0.0067355861872015902 0 0.0034698255564176912 -0.0015240565926157256 0 -0.0060392530182183561 0 -0.00056977983190123645 -0.0088584309043257987 0 -0.0017137922431302798 -0.00029845730261603094 0 0 0 0.005389392224080366 -0.0033258703257867243 0 0 0.0034278474032671175 -0.0037692063771507757 0.00064545875366719204 0 0
leaf_weight=3.6199806444201386 16.167030802764209 1.4743028904777018 22.064478085048904 32.972473293080839 26.005347514093955 36.998144437338851 8.1928879924998892 12.538973890390478 1.8141341906120931 9.7496061517540493 7.8959240420153929 2.6037877982926139 31.243346707788078 10.395669593995988 1.3043258653051442 1.9157295568256802 3.0132028271254998 4.2599793056033377 0.49251458908838586 3.1172853052667113 13.029498465664796 11.761368296611179 0.30975967040649255 1.1370024872376232 5.0639326660675579 5.4003606018523005 7.1082131548500929 0.11876550945453335 0.95310292507929251
leaf_count=769 2383 48 3214 2706 3036 3229 955 1261 314 1306 1335 462 2990 2674 190 327 254 449 29 359 855 750 72 119 228 615 777 37 72
internal_value=0 -0.00175788 0.000520175 -0.0010468 0.0014771 0.00296913 0.00526107 0 -0.00394397 -0.0054984 0 -0.00472902 0.000752492 -0.00718315 0.000483133 0.00223003 0.000156869 -0.00412919 -0.00776379 0.00256546 0.0039907 -0.00184704 0 -0.00224648 0.00262407 -0.00315636 0 -0.00104068 0
internal_weight=282.721 61.8405 220.881 71.6815 149.199 79.7945 45.191 34.6035 33.7157 26.4092 69.4046 23.7277 57.2487 12.9995 47.9539 34.8882 28.1248 12.1559 16.6595 20.1131 16.1468 13.0657 7.30659 8.01167 5.37369 6.53736 10.7282 1.9329 3.96631
internal_count=31815 6691 25124 8655 16469 8659 4184 4475 4369 3718 7810 4682 6026 3136 3973 3033 2322 1784 2412 1540 1214 940 651 782 300 734 1546 351 326
is_linear=0
shrinkage=0.03


Tree=241
num_leaves=31
num_cat=0
split_feature=54 51 54 66 10 23 26 28 69 43 2 61 61 7 69 57 58 13 34 32 51 62 11 11 48 38 13 20 29 21
split_gain=0.27899 0.624489 0.748168 0.53823 0.531011 0.752254 0.490213 0.448299 0.423412 0.330545 0.315925 0.309813 0.408693 0.304721 0.288118 0.278099 0.307353 0.276549 0.259376 0.251373 0.243726 0.241324 0.216879 0.20705 0.226484 0.152972 0.13448 0.0321918 0.0303533 0.0126433
threshold=0.0010204762220382693 -0.0018696463666856287 0.0058675929903984078 0.29814398288726812 -0.023296076804399487 -0.013168223202228544 -0.030743222683668133 -0.012477071955800055 1.5617024898529055 -0.032054772600531571 0.093979619443416609 -0.0019028601236641405 -0.0049993782304227343 -0.046528477221727364 0.51279577612876903 -0.0043855626136064521 -0.0031702704727649684 0.01743799448013306 -0.0040602879598736754 -0.0031604534015059467 0.0029194490052759652 -0.011931138113141058 -0.034813318401575082 -0.040482074022293084 -0.014632502570748327 1.0000000180025095e-35 0.03679157420992852 0.015539723448455335 -0.0053499992936849585 -0.020180881023406979
decision_type=2 2 2 2 2 2 2 2 2 2 2 2 2 2 2 2 2 2 2 2 2 2 2 2 2 2 2 2 2 2
left_child=4 2 3 9 7 18 27 10 -8 -2 21 12 25 -14 19 17 -17 -4 22 -9 -20 -1 -6 28 -25 -3 -16 -7 -13 -12
right_child=1 11 15 -5 5 6 8 14 -10 -11 29 23 13 -15 26 16 -18 -19 20 -21 -22 -23 -24 24 -26 -27 -28 -29 -30 -31
leaf_value=0 0 0.00022566259933459851 -0.0049714811415881369 0 0 0.0018842354336870435 -0.00616640284249093 0 0 0.010082272503632939 0 0 0 0.0075282083762137708 0.0031029562992439964 0 0.0046783568278055904 0 -0.0036345439126407807 -0.0057388127908826339 0.00075038792037573345 0.0060763381451511373 0.0047689118622474174 0 -0.0046735918842755377 -0.0033279890646256472 0 0 0.0017601437774743239 -0.0010911796215586148
leaf_weight=1.5349387450696728 0.39743780373828919 14.594990739078645 9.0270179817835032 6.9243791694934762 2.6904275995202633 3.6548531131629707 48.135363661718657 8.2703304093738588 4.6397987104719496 15.890851658641623 1.5324919864942783 1.7909532845878855 0.54857092702513899 6.8511058184776621 9.8982268570689467 6.7165097401557459 14.605892584753745 8.2217633611471665 12.547027893178894 9.7252238679993752 9.0276511424235633 20.697480372011341 13.159970375570989 6.9353393888886776 25.53395734885089 7.514372903506227 2.0739715439704005 0.97541712292149885 3.8176237334700991 4.5567675194615722
leaf_count=120 26 1373 1084 837 421 397 7353 1351 167 1503 59 425 212 572 446 761 1438 549 1343 2171 826 1248 948 439 3435 1206 240 120 495 250
internal_value=0 0.00100508 0.00316349 0.00689614 -0.000854119 -0.00229896 -0.00438499 0.00101838 -0.00532683 0.00926175 0.00366374 -0.000636713 0.000955437 0.0056612 -0.000790134 0 0.00240695 -0.00209652 0.000333321 -0.00335426 -0.000874865 0.00518318 0.00323209 -0.00253467 -0.00351561 -0.000266544 0.00114916 0.000426907 0 0
internal_weight=282.491 129.371 61.7839 23.2127 153.12 94.8305 57.4054 58.2894 52.7752 16.2883 28.3217 67.5869 29.509 7.39968 29.9678 38.5712 21.3224 17.2488 37.4251 17.9956 21.5747 22.2324 15.8504 38.0779 32.4693 22.1094 11.9722 4.63027 5.60858 6.08926
internal_count=31815 14355 6198 2366 17460 11575 8037 5885 7520 1529 1677 8157 3363 784 4208 3832 2199 1633 3538 3522 2169 1368 1369 4794 3874 2579 686 517 920 309
is_linear=0
shrinkage=0.03


Tree=242
num_leaves=23
num_cat=0
split_feature=65 35 45 60 47 21 60 22 62 67 27 37 54 69 63 40 65 1 49 42 58 69
split_gain=0.251937 0.307661 0.297 0.42254 0.413383 0.599961 0.306837 0.306583 0.425615 0.407312 0.237956 0.160379 0.150781 0.377139 0.133195 0.11054 0.0771995 0.0728589 0.0433901 0.00771396 0.0158787 0.0092704
threshold=-0.58425262570381153 -0.0059730503708124152 0.014116741716861727 0.0091483909636735933 -0.0092022866010665876 0.013193249702453615 0.00082390289753675472 0.017461601644754413 -0.0021363291889429088 0.23313068598508838 -0.017687898129224774 -0.028230046853423115 -0.0031845346093177791 0.75945454835891735 0.029068909585475925 0.021726661361753944 1.0981526374816897 -0.23972791433334348 0.0093917697668075579 -0.0033031580969691272 0.00074143335223197948 -0.7494484782218932
decision_type=2 2 2 2 2 2 2 2 2 2 2 2 2 2 2 2 2 2 2 2 2 2
left_child=1 19 3 7 16 -6 12 8 -2 -9 -8 -12 18 -14 15 17 -5 -3 -4 -1 21 -21
right_child=2 14 6 4 5 -7 10 9 -10 -11 11 -13 13 -15 -16 -17 -18 -19 -20 20 -22 -23
leaf_value=0 -0.00084641221743549165 0 -0.0026383584180461645 0 0.0065569715452382556 0 0 -0.0037937365050640165 0.0021973689614046251 0.00063502827268025765 0 -0.007736744929701546 0.005557948990185667 -0.0010898691021907832 0 0 -0.0028072809353956027 -0.0079396666002282401 0 0 0 0.0021857302454029249
leaf_weight=0.49851535770358202 57.224648354713281 0.07882488953327893 6.4783290162013163 3.9504428189320588 27.744196202933381 12.168818048030515 7.1391042211980702 33.387684096021985 82.014693632070703 15.690477914959045 0.77692781193036431 8.3058095597261818 8.7845387538727646 2.1256107541848897 0.43106960894510837 0.42928254176513281 4.0698216028540628 7.3191012930583375 1.7063512719760181 0.20624353484163283 0.29694562881195441 1.1909427769478487
leaf_count=295 6433 16 633 499 2106 861 593 3290 8516 1859 97 1291 938 154 39 118 276 2957 154 145 230 315
internal_value=0 -0.00372808 0.000208276 0.000697894 0.00306661 0.00439574 -0.00200327 0 0.000752469 -0.00189529 -0.00454276 -0.00680481 0 0.0024417 -0.00608948 -0.00690459 -0.000391747 -0.00757288 -0.00176017 0 0.00101839 0.00182186
internal_weight=282.018 10.4509 271.567 236.251 47.9333 39.913 35.3167 188.318 139.239 49.0782 16.2218 9.08274 19.0948 10.9101 8.25828 7.82721 8.02026 7.39793 8.18468 2.19265 1.69413 1.39719
internal_count=31815 4115 27700 23840 3742 2967 3860 20098 14949 5149 1981 1388 1879 1092 3130 3091 775 2973 787 985 690 460
is_linear=0
shrinkage=0.03


Tree=243
num_leaves=24
num_cat=0
split_feature=30 30 30 57 53 28 40 32 45 62 4 52 9 42 2 2 43 4 52 37 46 16 0
split_gain=0.252725 0.54121 0.618763 0.660435 0.447362 0.554422 0.434799 0.394192 0.313215 0.420005 0.258053 0.306647 0.246872 0.234413 0.218495 0.276475 0.154903 0.12487 0.0776802 0.0396345 0.0281081 0.0117184 0.000793604
threshold=0.025483116507530216 0.0052826302126050004 -0.00179902883246541 0.003152323886752129 0.0068539902567863473 -0.0041554896160960189 0.021343938075006012 0.012860076501965525 0.015946974046528343 -0.0042558014392852775 -0.11095269024372099 0.014800046570599081 0.10415673255920412 0.014819683507084848 0.0099533200263977068 0.29182536900043493 -0.016710112802684304 -0.05111416429281234 0.0024445587769150738 -0.011097776703536509 -0.0042601637542247764 -0.007861427962779997 0.10160414129495622
decision_type=2 2 2 2 2 2 2 2 2 2 2 2 2 2 2 2 2 2 2 2 2 2 2
left_child=1 2 8 7 5 6 -3 -4 9 -1 20 12 16 -10 19 -16 -12 -7 -5 -6 21 -2 -13
right_child=10 4 3 18 14 17 -8 -9 13 -11 11 22 -14 -15 15 -17 -18 -19 -20 -21 -22 -23 -24
leaf_value=-0.0011059179171239992 0 0.0075652517074911224 -0.0085088721125513144 -0.00049028908356237412 0 -0.0017129596726388225 0 0 -0.0056927794929503232 0.0020533826580814282 0 0 0 0 -0.0060115464051154329 0 -0.0085846781475632638 0.0018131646506201872 0.0023954374806923417 0.0021127470948076824 0 0.0023476317314202961 0.00026983515311878811
leaf_weight=42.433151437502602 0.78849197689123718 25.890397495388246 16.068204962530221 8.5033599125708843 1.5068627936743713 9.1147502747171547 1.2519516665415711 5.3940851377210484 7.0701464502744766 98.147654395865175 1.5242652303204547 2.6584117835118368 2.7688462994192369 4.0137352160963928 7.0626836132541921 1.3845965297950895 9.5718154076166666 16.5864259609898 6.6181239502002418 5.7837277699545666 1.3798060137996824 1.5036247801326683 4.809549051700742
leaf_count=3996 35 2679 2304 981 310 1768 175 791 1084 8836 282 289 165 387 921 51 1819 2834 642 974 192 38 262
internal_value=0 0.000298857 -0.000410259 -0.00372239 0.00254863 0.00389524 0.0065444 -0.00665101 0.000290488 0.000888472 -0.0026079 -0.00407053 -0.00614473 -0.00334715 -0.000375291 -0.00373011 -0.00761948 0 0 0.00100704 0 0.00186256 0
internal_weight=281.835 256.83 188.248 36.5838 68.5814 52.8435 27.1423 21.4623 151.665 140.581 25.0048 21.3329 13.8649 11.0839 15.7379 8.44728 11.0961 25.7012 15.1215 7.29059 3.67192 2.29212 7.46796
internal_count=31815 28733 19021 4718 9712 7456 2854 3095 14303 12832 3082 2817 2266 1471 2256 972 2101 4602 1623 1284 265 73 551
is_linear=0
shrinkage=0.03


Tree=244
num_leaves=29
num_cat=0
split_feature=18 38 1 21 14 48 3 54 17 53 54 41 55 28 17 68 52 14 43 12 17 44 3 6 22 53 5 16
split_gain=0.259134 0.434394 0.57123 0.390101 0.521402 0.420399 0.404946 0.370439 0.343787 0.406442 0.418924 0.323106 0.237475 0.229076 0.214405 0.196901 0.173378 0.173145 0.169035 0.114019 0.0951074 0.0824917 0.0778907 0.0735456 0.0549422 0.0331382 0.0254085 0.00189079
threshold=0.027421906590461734 0.00059991329908370983 0.090829934924840941 0.0022615790367126469 -0.033758874982595437 -0.012673832476139067 0.055157758295536048 -0.01334821432828903 0.053448125720024116 -0.0027846517041325565 -0.0121602825820446 -0.013191923499107359 -0.0042196530848741523 -0.019135644659399983 -0.00028084125369787211 -0.031189625151455399 -0.0027119442820549007 0.0525544360280037 -0.015666999854147431 -0.070896677672862993 -0.069466017186641679 0.00820700451731682 0.028149066492915157 -0.053515732288360589 -0.044343495741486542 0.01019532047212124 -0.066963009536266313 -0.016084872186183926
decision_type=2 2 2 2 2 2 2 2 2 2 2 2 2 2 2 2 2 2 2 2 2 2 2 2 2 2 2 2
left_child=1 8 7 4 23 27 -7 26 9 10 -1 -11 15 -9 19 -4 22 18 -10 -5 -21 -14 -16 -2 -25 -18 -3 -6
right_child=3 2 12 14 5 6 -8 13 17 11 -12 -13 21 -15 16 -17 25 -19 -20 20 -22 -23 -24 24 -26 -27 -28 -29
leaf_value=-0.00087989119542222283 0 0 0 0 0 0.0072750079592705415 0 0 0 0.0029229663588377667 0.0044811827791139472 -0.0014565611345628737 -0.0024999189088239192 -0.0056039794435292327 0.0045632125453298989 0.0050042190020231862 -0.0019457119580455176 0 -0.006886841732651694 0 -0.0055049798850309384 0 0 0 -0.0038936173109967815 0 0.0013260883340723581 -0.00044181043747860223
leaf_weight=4.8147919544535389 4.0389665872789919 1.0448993850659452 3.0793564952473398 1.3934839654175437 2.4393466112233 27.423042001020807 3.8324129168358914 10.890344690498749 2.4318591933588323 14.86027835295681 39.496312008879613 52.087059153947848 8.6583622995494789 41.830158770580965 5.9526890171873683 10.621170664744568 3.272047732083589 1.852384076475573 5.1914445983784372 1.1587176617831563 7.7581766847615681 4.5286679306700526 0.78851164410662011 1.1639391974968019 3.2727979911069252 5.9414925451055751 8.0039983720544097 3.7179282522702115
leaf_count=459 189 111 454 172 172 1217 491 1394 211 1321 4131 6008 1465 7334 382 747 478 247 715 49 1281 613 264 154 379 190 907 280
internal_value=0 -0.000536544 -0.00213867 0.00149093 0.00317727 0.0047902 0.00610564 -0.00373434 0.000439585 0.00116689 0.00326012 0 0.000597048 -0.00468055 -0.000532727 0.00338265 0.00040379 -0.00348097 -0.00512249 -0.00359998 -0.00465092 -0.000781822 0.00366796 -0.000851856 -0.00283733 -0.000323982 0 0
internal_weight=281.545 209.391 88.657 72.1536 45.8884 37.4127 31.2555 61.7694 120.734 111.258 44.3111 66.9473 26.8876 52.7205 26.2651 13.7005 15.9547 9.47569 7.6233 10.3104 8.91689 13.187 6.7412 8.4757 4.43674 9.21354 9.0489 6.15727
internal_count=31815 26117 13025 5698 2882 2160 1708 9746 13092 11919 4590 7329 3279 8728 2816 1201 1314 1173 926 1502 1330 2078 646 722 533 668 1018 452
is_linear=0
shrinkage=0.03


Tree=245
num_leaves=24
num_cat=0
split_feature=65 35 63 50 62 44 48 38 25 38 48 19 19 63 31 68 63 68 48 42 58 22 36
split_gain=0.226732 0.290034 0.27611 0.316195 0.275479 0.38261 0.268704 0.327756 0.507179 0.269751 0.232705 0.178961 0.19778 0.126092 0.121876 0.0625365 0.0472971 0.028795 0.00913762 0.00744796 0.0151976 0.00844093 0.00333853
threshold=-0.58425262570381153 -0.0059730503708124152 0.00553080439567566 0.0080958250910043734 0.012044575065374376 -0.011629000306129454 0.019946606829762462 0.00059991329908370983 0.023795500397682193 0.0061996206641197213 -0.0023115221410989757 0.0075521692633628854 0.033019490540027625 0.029068909585475925 -0.033495077863335602 1.9406509399414065 -0.016175594180822369 0.16467346251010898 -0.0069947959855198851 -0.0033031580969691272 0.00074143335223197948 0.0230339989066124 0.0003052204847335816
decision_type=2 2 2 2 2 2 2 2 2 2 2 2 2 2 2 2 2 2 2 2 2 2 2
left_child=1 19 6 4 5 -4 7 8 -2 14 -9 18 -13 15 -8 16 -3 -6 -5 -1 21 -21 -11
right_child=2 13 3 11 17 -7 9 10 -10 22 -12 12 -14 -15 -16 -17 -18 -19 -20 20 -22 -23 -24
leaf_value=0 0.0032046440980966194 0 0 0 0 -0.0048944237428522634 0 -0.0016203805359166605 -0.0016386138996309391 0.00066665407095386543 0.0012687396343654394 0.0060742061364803457 0 0 -0.006440968120082745 0 -0.0076041796489287015 0.0014701097337689898 -0.00091432017287121858 0.0021073441842030193 0 0 0
leaf_weight=0.49853608485500478 92.488390584796434 0.37370192561866034 5.1300885191558327 1.8751370851205136 4.4590333406304108 35.06830872601131 0.36277998029981962 42.869706769513868 12.094352508436712 1.7607869842904618 47.026043533755001 5.0556939495218103 1.8808797509154827 0.42855397736275325 5.6778636672861449 0.86134656660942699 6.5290817923087152 6.9911460030489252 4.8373694346992107 1.3000406163264404 0.29790663107632998 0.093739275107509346 3.5105309966675122
leaf_count=295 8334 82 887 262 375 4177 35 3982 1497 160 5266 480 302 39 675 379 2630 281 793 384 230 76 194
internal_value=0 -0.00354474 0.000197504 -0.00127872 -0.00254728 -0.00369023 0.000827453 0.0012174 0.00232157 -0.00235567 0 0.00130886 0.00402118 -0.00586833 -0.00549435 -0.00666965 -0.00724098 0 0 0 0.00100086 0.00178539 0
internal_weight=281.471 10.3829 271.088 65.2977 51.6486 40.1984 205.79 194.478 104.583 11.312 89.8958 13.6491 6.93657 8.19268 6.04064 7.76413 6.90278 11.4502 6.71251 2.19022 1.69169 1.39378 5.27132
internal_count=31815 4115 27700 7557 5720 5064 20143 19079 9831 1064 9248 1837 782 3130 710 3091 2712 656 1055 985 690 460 354
is_linear=0
shrinkage=0.03


Tree=246
num_leaves=23
num_cat=0
split_feature=30 30 30 57 50 58 58 50 28 7 6 67 42 60 40 2 47 54 3 16 13 41
split_gain=0.262287 0.519539 0.579382 0.605636 0.581517 0.37532 0.433522 0.324084 0.32391 0.273916 0.288726 0.258459 0.349994 0.288029 0.255383 0.246716 0.185011 0.173775 0.134603 0.0238167 0.0388969 0.0187974
threshold=0.025483116507530216 0.0052826302126050004 -0.00179902883246541 0.003152323886752129 -0.011584741994738577 0.0038207732141017918 0.0086879543960094469 -0.0011374279856681822 -0.0036196621367707844 0.068559728562831893 -0.08230979740619658 -0.42433163523674006 0.012230122461915018 -0.0032975748181343074 -0.02049370668828487 -0.048836484551429742 -0.020491404458880421 0.027180498465895656 -0.059187024831771844 0.0036692842841148381 -0.013863002881407736 -0.007542453706264495
decision_type=2 2 2 2 2 2 2 2 2 2 2 2 2 2 2 2 2 2 2 2 2 2
left_child=1 2 11 4 -4 7 14 8 -3 10 -2 13 -13 -1 -7 -9 -12 -18 -5 -11 -21 -8
right_child=9 5 3 18 -6 6 21 15 -10 19 16 12 -14 -15 -16 -17 17 -19 -20 20 -22 -23
leaf_value=0.00011203479448091825 0 0.0056707664435111079 0 0.0028694892145003331 -0.0083385076757192499 0 0.0011040911820039316 0 0 0 0 0 0.0041263391913564105 -0.0035787683510768824 0.0087473171126467106 -0.0044899539218098581 -0.0079001034048532259 0 -0.0012411761255980091 0 0.0029325395933560926 0
leaf_weight=20.829917653281882 6.7916041240969252 9.7095502702140966 3.1766838343755834 7.3332670292693365 18.09998516640735 0.47899115668405912 8.8780810092721385 6.9124991946337131 9.7228799463882734 2.2849931387863753 1.5680203985975865 86.456075040081487 23.088306268118686 21.610951647155161 13.566397141576092 11.479191858494231 11.683986624720994 0.40694342280767237 7.7171058827516372 0.38725128225632932 1.5632110787191775 7.3994651500688624
leaf_count=1671 444 1200 313 418 2782 57 643 1865 1829 230 255 8095 1882 2655 1175 1946 1879 37 1205 124 113 997
internal_value=0 0.000303409 -0.000386238 -0.00360712 -0.0064193 0.00251539 0.0047608 0 0.00272559 -0.00267228 -0.00424451 0.000282876 0.00119384 -0.00131407 0.00790714 -0.00217021 -0.00620483 -0.00719546 0 0 0.00175612 0
internal_weight=281.145 256.459 188.312 36.327 21.2767 68.1471 30.3229 37.8241 19.4324 24.686 20.4506 151.985 109.544 42.4409 14.0454 18.3917 13.659 12.0909 15.0504 4.23546 1.95046 16.2775
internal_count=31815 28733 19021 4718 3095 9712 2872 6840 3029 3082 2615 14303 9977 4326 1232 3811 2171 1916 1623 467 237 1640
is_linear=0
shrinkage=0.03


Tree=247
num_leaves=24
num_cat=0
split_feature=46 12 12 30 65 35 6 41 21 18 21 19 18 18 54 36 8 13 22 13 1 39 21
split_gain=0.276305 0.560799 0.46392 0.531322 0.507068 0.431376 0.322103 0.422135 0.320253 0.554734 0.561014 0.398129 0.399902 0.393097 0.300366 0.135889 0.0972531 0.0583596 0.0487254 0.044903 0.0421608 0.00331827 0.00111628
threshold=-0.016319079324603077 -0.055599100887775414 0.040669512003660209 -0.014373899437487124 -0.23595214635133741 -0.02453598007559776 -0.14567397534847257 0.014555603265762331 0.013193249702453615 0.031256273388862617 0.0049037262797355661 0.0036076977849006657 -0.052270546555519097 0.069979280233383193 -0.009212516248226164 0.011235401034355165 0.02870023995637894 0.050315357744693763 -0.061271008104085915 -0.078076109290122972 -0.21581314504146573 0.013627283275127413 -0.034806653857231133
decision_type=2 2 2 2 2 2 2 2 2 2 2 2 2 2 2 2 2 2 2 2 2 2 2
left_child=2 6 3 17 -5 -6 22 14 9 10 -3 15 -13 -11 -8 -10 19 18 -1 -4 -21 -19 -2
right_child=1 8 16 4 5 -7 7 -9 11 13 -12 12 -14 -15 -16 -17 -18 21 -20 20 -22 -23 -24
leaf_value=0 0 -0.0011944807787133368 0 0 0 0.01018529229542286 0 0 -0.00072744858443978184 0.0051625313188641197 0.003327224003659405 0 -0.0062481493349463828 -3.8950138949619868e-05 -0.0090076224602532156 0.0026780857457668486 0 0.00067415890588009327 -0.003317954177433257 0 -0.0043765160456313819 0 0.0003584647189207457
leaf_weight=0.36499172907861055 0.73188354956801083 98.129330808444138 0.28317114117089648 1.8056516237120401 2.6176363439299228 13.699602024898917 6.0966941472670504 2.8187015449639139 31.17067700106054 31.640227570951538 27.317602817240186 3.6231033961084931 17.624797803093315 3.8591135870956341 13.198887577176718 9.3832709356975084 2.7515323991538025 1.5709655786668011 3.7544809282517262 0.37063383424538177 4.5510488153231554 0.70528766234201601 2.8184918051701997
leaf_count=24 54 11894 12 700 147 1019 554 420 3506 1950 3056 210 3170 340 2224 878 208 72 544 30 542 46 215
internal_value=0 -0.000355557 0.00240434 0.00457229 0.00688249 0.00853165 -0.00418265 -0.00552058 3.58146e-05 0.000862648 0 -0.00157176 -0.00446526 0.00392133 -0.00704628 0 -0.00114731 0 -0.0023999 -0.0032013 -0.00382282 0 0
internal_weight=280.888 248.413 32.475 24.5186 18.1229 16.3172 25.6647 22.1143 222.748 160.946 125.447 61.8018 21.2479 35.4993 19.2956 40.5539 7.95639 6.39573 4.11947 5.20485 4.92168 2.27625 3.55038
internal_count=31815 28471 3344 2552 1866 1166 3467 3198 25004 17240 14950 7764 3380 2290 2778 4384 792 686 568 584 572 118 269
is_linear=0
shrinkage=0.03


Tree=248
num_leaves=27
num_cat=0
split_feature=46 20 20 45 60 29 60 45 21 61 20 25 27 24 29 57 19 35 56 8 8 40 27 37 25 4
split_gain=0.255075 0.375291 0.458884 0.334793 0.515227 0.393601 0.429013 0.374276 0.311707 0.264875 0.337191 0.208018 0.206292 0.223996 0.152653 0.0767398 0.0433872 0.106997 0.101357 0.0274073 0.0370808 0.0173461 0.0633768 0.00909204 0.00104029 3.67281e-08
threshold=-0.016319079324603077 0.0059363562613725671 -0.025839462876319882 0.014842472039163114 0.0091483909636735933 0.0087633356451988238 -0.0060698147863149634 -0.011133827734738587 0.013193249702453615 0.0068078476469963798 -0.016344500705599781 0.043086092919111259 0.025815859436988834 0.038028366863727577 0.024755086749792102 -0.0048481822013854972 -0.011476323008537291 0.013772355392575266 -0.017570858821272847 0.02870023995637894 -0.059131264686584466 0.008157667703926565 -0.02774420008063316 -0.0016251020133495329 -0.013656668365001677 0.024863049387931827
decision_type=2 2 2 2 2 2 2 2 2 2 2 2 2 2 2 2 2 2 2 2 2 2 2 2 2 2
left_child=1 2 19 4 5 11 -7 15 -9 10 24 -2 13 -4 -12 -6 21 18 -18 20 -1 22 -3 -21 -5 -11
right_child=3 16 12 9 7 6 -8 8 -10 25 14 -13 -14 -15 -16 -17 17 -19 -20 23 -22 -23 -24 -25 -26 -27
leaf_value=0 -0.00020119372585769181 0 0.0093272802732614936 0 -0.0030027351950744131 0 -0.0050772045918610082 0.0060982396226895233 0 1.9035470270960966e-06 -0.0086151254524639235 0.0036087165065933251 0 0 0 0 0 0 -0.0049807423760866746 0.001117718188104834 -0.0028559284348486911 0 0.0029641144915671194 0 0.00033605027632795125 0
leaf_weight=1.8439904486876915 124.46802353793282 0.6213042904128091 10.378823949098658 2.6394502685107 2.6600053896909222 16.533597605312025 26.818892353359843 21.922663278979602 9.0337858850998582 4.1224975303739466 8.6110427379644552 8.9735967722190235 0.70900386583525765 0.52620328283956119 1.2845568023076328 10.454154104874759 1.0879270156729024 3.9856817564941593 4.1329170914577835 1.8581056861039544 2.0686604444053946 0.82275456848219608 3.2689269407055681 1.2512359327301963 3.2906785274353743 7.3456548320464208
leaf_count=178 13889 108 975 376 386 2073 4870 1822 688 276 1676 761 100 35 167 737 61 225 711 78 339 127 281 126 424 326
internal_value=0 0.00230718 0.00476949 -0.000342266 0 -0.000662853 -0.00299636 0.00279678 0.00447695 -0.00320136 -0.00522869 0 0.00756445 0.00845251 -0.00765483 0 0 -0.0016579 -0.00363898 0 -0.00165058 0 0.00132515 0.000217878 0 0
internal_weight=280.714 32.5555 18.636 248.159 220.865 176.794 43.3525 44.0706 30.9564 27.2939 15.8257 133.442 11.614 10.905 9.8956 13.1142 13.9195 9.20653 5.22084 7.02199 3.91265 4.71299 3.89023 3.10934 5.93013 11.4682
internal_count=31815 3344 1831 28471 25226 21593 6943 3633 2510 3245 2643 14650 1110 1010 1843 1123 1513 997 772 721 517 516 389 204 800 602
is_linear=0
shrinkage=0.03


Tree=249
num_leaves=24
num_cat=0
split_feature=65 46 27 63 11 45 62 23 46 62 29 17 13 44 17 19 16 46 3 63 2 13 41
split_gain=0.224531 0.306511 0.47474 0.371146 0.382518 0.362791 0.323355 0.320121 0.311411 0.266393 0.240055 0.221632 0.135972 0.087185 0.0681896 0.08447 0.0571571 0.0350653 0.023111 0.0137939 0.0196554 0.00980903 0.0130114
threshold=-0.58425262570381153 -0.016000101342797276 0.0049947127699851998 0.0061167059466242799 0.021677091717720035 0.014337802305817606 -0.0021363291889429088 -0.023677580058574673 0.003602780401706696 0.011680584400892259 -0.021661158651113507 0.017025717534124855 0.03090697526931763 -0.017239365726709362 -0.013057412579655646 0.047002233564853675 0.09730017185211183 0.022996146231889728 -0.063595585525035844 0.0064923809841275224 -0.18027941882610318 -0.055241420865058892 0.014290161430835726
decision_type=2 2 2 2 2 2 2 2 2 2 2 2 2 2 2 2 2 2 2 2 2 2 2
left_child=11 2 7 5 9 6 -3 -2 -7 -5 -9 13 -6 -1 15 -4 17 -15 -16 21 -21 -13 -23
right_child=1 3 14 4 12 8 -8 10 -10 -11 -12 19 -14 16 18 -17 -18 -19 -20 20 -22 22 -24
leaf_value=0 0 -0.00013712372162401768 -0.0042614471314308695 -0.0053837673559076213 -0.00064339269556058028 -0.0054983018133721393 0.0021949887672880297 0 0 0 0.0077107699616567257 0 0.0030513610792485273 -0.0076505172884101681 0 0 0 0 0.0014626457524563425 0 0.0021320975981694262 -0.0016350377354869658 0
leaf_weight=0.42678779136622313 3.0506906333212127 67.515061327878357 2.5830763753619976 25.479064709172235 11.223391127696233 9.8701889684416546 95.253554761220585 2.2918556054355603 11.931048427424683 8.9735020714469993 15.453802952884869 0.30843892940174589 7.4220579317770889 4.4373550921354745 2.85694302853517 1.4363653892942236 0.24379472397413327 0.11605273088207457 4.7226029308549169 0.2112786210127523 1.6221806843241209 2.6830123204035776 0.23929770022732544
leaf_count=257 365 6617 350 3570 1605 1406 9424 244 902 457 1295 93 636 2431 246 53 48 43 530 52 253 861 77
internal_value=0 0.000196679 0.00276062 -7.88533e-05 -0.00227015 0.000436547 0.00107357 0.00525344 -0.00251315 -0.00403922 0.00663074 -0.00353863 0 -0.00618338 -0.000137663 -0.00261517 -0.00692162 -0.00738349 0 0 0.00134781 -1.10141e-05 -0.00105568
internal_weight=280.351 270.063 32.3953 237.668 53.098 184.57 162.769 20.7963 21.8012 34.4526 17.7457 10.2882 18.6454 5.22399 11.599 4.01944 4.7972 4.55341 7.57955 5.06421 1.83346 3.23075 2.92231
internal_count=31815 27700 3083 24617 6268 18349 16041 1904 2308 4027 1539 4115 2241 2779 1179 403 2522 2474 776 1336 305 1031 938
is_linear=0
shrinkage=0.03


Tree=250
num_leaves=22
num_cat=0
split_feature=65 46 12 30 5 36 39 62 21 67 34 14 41 25 47 8 42 14 52 5 36
split_gain=0.213746 0.27166 0.42991 0.562535 0.302863 0.456514 0.330252 0.405759 0.342836 0.292064 0.247586 0.224406 0.207876 0.186471 0.107 0.0607967 0.0708588 0.0283354 0.0291842 0.000343183 0.0133263
threshold=-0.58425262570381153 -0.016000101342797276 0.040669512003660209 -0.014373899437487124 -0.038747176527976983 0.0018895119428634646 -0.0038357712328433986 -0.0082864463329315168 0.011113114655017855 -1.2507911324501035 0.059562180191278465 0.0017497278749942782 0.0063861608505249032 0.029467102140188221 -0.0059822816401720038 0.02870023995637894 -0.026533443480730053 0.045976549386978156 0.040358509868383415 -0.055318102240562432 0.0080356374382972735
decision_type=2 2 2 2 2 2 2 2 2 2 2 2 2 2 2 2 2 2 2 2 2
left_child=12 2 3 14 5 10 7 -6 -8 -5 -3 -7 13 17 -2 16 -4 18 -1 20 -14
right_child=1 4 15 9 6 11 8 -9 -10 -11 -12 -13 19 -15 -16 -17 -18 -19 -20 -21 -22
leaf_value=-0.0072423206608387518 0.00067470861754517807 -0.0059978059650479905 0 0 0.0019869587576176917 0.0024449155886032848 0.0024562529906623659 -0.0023534868456338044 -0.00048610359142135665 0.0082649945985526288 0 -0.0024492731759485501 0 0 -0.0031370113769848989 0 -0.0036021457001301598 0 0 0 0.0014040584934189595
leaf_weight=6.2283485421939968 1.8965325885437776 19.603301340230249 1.0635566594137342 2.0996136387548203 16.662479729311599 15.629858076095845 85.2966618059545 58.89001212084986 32.56399442080874 15.561921679105579 0.63911243132315476 8.1102845821696956 0.32201325826463323 0.79369030517773342 4.4667467255676483 2.8283638876891928 4.5308584491031052 0.22127476842069871 0.1027271996354101 1.3385516431371796 1.2405556731573595
leaf_count=2471 137 3518 57 146 1473 1131 7393 5908 3665 1526 47 1482 217 180 461 215 541 135 9 849 254
internal_value=0 0.000191803 0.00260288 0.00467902 -6.08741e-05 -0.0022654 0.000333696 -0.000959894 0.00141242 0.00709802 -0.00512205 0 -0.00345742 -0.00546959 0 -0.000621054 -0.00237769 -0.00681902 -0.00704682 0 0.000216944
internal_weight=280.09 269.843 32.4476 24.0248 237.396 43.9826 193.413 75.5525 117.861 17.6615 20.2424 23.7401 10.2472 7.34604 6.36328 8.42278 5.59442 6.55235 6.33108 2.90112 1.56257
internal_count=31815 27700 3083 2270 24617 6178 18439 7381 11058 1672 3565 2613 4115 2795 598 813 598 2615 2480 1320 471
is_linear=0
shrinkage=0.03


Tree=251
num_leaves=24
num_cat=0
split_feature=65 7 33 37 38 9 47 25 17 4 49 28 33 59 44 11 69 46 33 63 20 9 20
split_gain=0.203252 0.277019 0.380498 0.416383 0.39434 0.38838 0.349779 0.300155 0.212687 0.210792 0.185075 0.176143 0.128986 0.161657 0.0876999 0.0637707 0.0466352 0.0309832 0.0295835 0.0134034 0.0432448 0.00685353 0.0198118
threshold=-0.58425262570381153 -0.059489537030458443 0.02067850157618523 -0.0092213670723140222 0.00059991329908370983 -0.00156591460108757 0.016142120584845546 -0.00022504851222038266 0.017025717534124855 0.074355490505695357 -0.018322290852665898 -0.06865601614117621 0.011598430573940279 -0.0023446567356586452 -0.017239365726709362 -0.073958992958068834 0.51279577612876903 0.022996146231889728 -0.025404950603842732 0.0064923809841275224 -0.002067770808935165 -0.056481797248125069 0.024364219047129158
decision_type=2 2 2 2 2 2 2 2 2 2 2 2 2 2 2 2 2 2 2 2 2 2 2
left_child=8 7 4 16 5 -3 -5 10 14 -6 -2 -12 13 -9 -1 -14 -4 18 -16 21 -21 -10 -23
right_child=1 2 3 6 9 -7 -8 12 19 -11 11 -13 15 -15 17 -17 -18 -19 -20 20 -22 22 -24
leaf_value=0 0 -0.00026108220015117584 -0.0021071177032248563 0.0070397619051547726 0 0.0027942886906738925 0 0 0 -0.0030642525592504458 0 -0.0066786800125560796 0 0.003653191363004296 0 -0.0033056932201312402 0 0 -0.0072328585313607514 0 0.002819517692742691 -0.0018231917716004728 0
leaf_weight=0.42854539245672629 2.0803332125396983 44.036066687367565 4.4531878796151458 17.977256873437003 65.88409715095986 67.104422458429326 2.1874529933265867 4.450877680337725 0.58222515840316225 29.968023275680025 1.5990704792493478 11.745209020569744 0.27261361303681031 10.849557763303894 0.11287619696668105 4.8325897632785191 2.2257353151944699 0.11474535000888852 4.5230233373149513 0.41045090377883742 1.4132675475811991 2.2197918924903211 0.40026588143155084
leaf_count=257 226 4870 669 1695 8089 5074 193 722 219 2211 32 2049 38 1029 97 675 128 43 2382 155 150 714 98
internal_value=0 0.000186908 0.000670058 0.00375571 4.92403e-05 0.00136626 0.00572195 -0.00192741 -0.00337632 -0.00117241 -0.00454451 -0.00566346 0 0.00180356 -0.00598606 -0.00222558 0 -0.00674556 -0.00699559 0 0.00132959 0 -0.000899703
internal_weight=279.872 269.666 233.836 26.8436 206.993 111.14 20.1647 35.8303 10.2052 95.8521 15.4246 13.3443 20.4056 15.3004 5.17919 5.1052 6.67892 4.75064 4.6359 5.026 1.82372 3.20228 2.62006
internal_count=31815 27700 22929 2685 20244 9944 1888 4771 4115 10300 2307 2081 2464 1751 2779 713 797 2522 2479 1336 305 1031 812
is_linear=0
shrinkage=0.03


Tree=252
num_leaves=24
num_cat=0
split_feature=30 30 17 30 51 29 13 56 45 62 7 17 9 1 62 9 19 28 51 53 47 30 21
split_gain=0.215368 0.510779 0.659967 0.533625 0.465917 0.383191 0.370354 0.427485 0.29147 0.338336 0.247575 0.295384 0.229768 0.231548 0.216002 0.178954 0.23677 0.069488 0.0174147 0.0291379 0.0250097 0.00406306 3.20647e-05
threshold=0.025483116507530216 0.0052826302126050004 -0.026871697977185246 -0.00179902883246541 -0.012682400643825529 -0.020158223807811734 -0.021133774891495701 0.01206905208528042 0.01681102812290192 -0.0042558014392852775 0.068559728562831893 0.066652629524469389 0.10171028971672059 -0.23498754203319547 -0.012166885659098623 0.084270685911178603 -0.0045912563800811759 -0.0020820586942136283 -0.014149293303489683 0.011023514904081823 -0.022522239014506337 0.01531136315315962 -0.0078777000308036787
decision_type=2 2 2 2 2 2 2 2 2 2 2 2 2 2 2 2 2 2 2 2 2 2 2
left_child=1 3 15 8 17 -6 21 -8 9 -1 11 12 13 -2 -10 16 -3 -5 -12 20 -20 -4 -17
right_child=10 2 6 4 5 -7 7 -9 14 -11 18 -13 -14 -15 -16 22 -18 -19 19 -21 -22 -23 -24
leaf_value=-0.00099305702559254402 0 0 -0.0004648893437769377 0 0 -0.0064397653742666872 0.006430487132774671 0 0 0.0018083302108401558 0 0 0 -0.0083411848605272516 -0.0057446517224073864 6.5759203863221191e-05 -0.0065552972554932479 0.0027619118825143456 0 0 0.003056453177281458 0.00029136652086465446 0
leaf_weight=42.423632470165103 1.4630911735912402 5.5141263324530874 6.9670985026586987 2.1467486621222633 4.8282139207258323 25.513832857986927 36.097305802413757 4.5847395683522327 1.5774255919386631 100.60598629427841 1.5944907732991849 4.427039397902262 3.9111113794060648 10.493206105098581 6.4250531532998121 1.6735466384998292 5.0930517137894631 3.6688941892480207 0.23433233183459412 0.47379594639642153 1.8943172675881208 7.6085754361083673 0.47768242926394933
leaf_count=4044 90 652 1455 234 492 3693 4705 591 116 8983 110 223 274 2028 1160 97 826 299 37 83 237 1295 91
internal_value=0 0.000275378 0.00247415 -0.000411041 -0.00350221 -0.00510363 0.00403561 0.00536461 0.000225242 0.000769279 -0.00242969 -0.00396129 -0.00563566 -0.00716114 -0.00374784 -0.00183146 -0.00375981 0.000576009 0 0.00143583 0.00242432 0 0
internal_weight=279.697 255.206 68.0161 187.19 36.1577 30.342 55.2577 40.682 151.032 143.03 24.4914 20.2944 15.8674 11.9563 8.00248 12.7584 10.6072 5.81564 4.19694 2.60245 2.12865 14.5757 2.15123
internal_count=31815 28733 9712 19021 4718 4185 8046 5296 14303 13027 3082 2615 2392 2118 1276 1666 1478 533 467 357 274 2750 188
is_linear=0
shrinkage=0.03


Tree=253
num_leaves=26
num_cat=0
split_feature=30 30 17 30 8 38 22 46 15 22 35 25 52 46 52 31 41 31 35 40 40 9 17 6 38
split_gain=0.200932 0.436203 0.619586 0.433464 0.494905 0.407885 0.405789 0.402604 0.293218 0.253332 0.224279 0.256033 0.211162 0.300398 0.29525 0.0757429 0.0772083 0.0686394 0.0299956 0.0643184 0.0790765 0.0573743 0.0445849 0.0250753 0.0127082
threshold=0.025483116507530216 0.0052826302126050004 -0.026871697977185246 -0.00179902883246541 -0.035959795117378228 0.00082563608884811412 0.03120432980358601 0.021616064012050632 -0.022886730730533596 0.007408618927001954 -0.0098560564219951612 0.053922910243272788 0.0072639817371964463 0.017494142055511478 -0.016157494857907292 0.047275066375732429 -0.044068463146686547 -0.0017382819205522535 -0.0052880775183439246 0.0072561418637633332 -0.022201348096132275 0.10171028971672059 -0.046214312314987176 -0.14063602685928342 -0.0067705661058425895
decision_type=2 2 2 2 2 2 2 2 2 2 2 2 2 2 2 2 2 2 2 2 2 2 2 2 2
left_child=1 3 10 12 17 6 -4 -6 15 -7 24 -12 14 -14 -1 16 -2 -5 19 20 -10 22 -20 -18 -3
right_child=8 2 5 4 7 9 -8 -9 18 -11 11 -13 13 -15 -16 -17 23 -19 21 -21 -22 -23 -24 -25 -26
leaf_value=-0.0019831191313485807 0 0 0.0067765182804636545 -0.00081453367043457189 -0.0072177817583260768 -0.0022365444659003695 0 0 0 0.0031887854618091794 -0.0068909523762046539 0 -0.0032056961272079786 0.0010223988323852695 0.0017295274989748647 0 0 0.0020192245490041998 0 0 0.0036983462464472926 0 -0.0031554920814221969 -0.0073798149863660576 0.0010477059752591873
leaf_weight=12.361138646971083 0.14250691514462221 1.176131475047441 30.184598168914818 8.6644707576160744 18.350788139330692 11.526546410575977 4.2882104460059045 1.085064722548849 0.9317706917918257 9.2924429912582109 5.3787761557596223 0.78291871528199397 27.272755032367058 10.517487859004175 100.65179449255265 0.44601127782516403 1.2499516394018426 7.9276648328377624 0.79865262392559433 3.3202888916493976 5.6180608126524056 0.90876902046147723 5.302500040250373 5.7696007647136893 5.419555424599821
leaf_count=1155 6 230 3422 805 3127 2618 563 115 88 1443 950 33 3244 498 9406 59 110 671 109 280 560 70 951 849 453
internal_value=0 0.000266292 0.00229974 -0.000358598 -0.00315631 0.00382783 0.00562852 -0.00591225 -0.00234684 0 -0.0018467 -0.00484869 0.000197088 -0.0013459 0.00100242 -0.00581483 -0.0063763 0 0 0.00104298 0.00253228 -0.000949173 -0.00237195 -0.00684985 0
internal_weight=279.368 254.88 68.0492 186.831 36.028 55.2918 34.4728 19.4359 24.4881 20.819 12.7574 6.16169 150.803 37.7902 113.013 7.60807 7.16206 16.5921 16.88 9.87012 6.54983 7.00992 6.10115 7.01955 6.59569
internal_count=31815 28733 9712 19021 4718 8046 3985 3242 3082 4061 1666 983 14303 3742 10561 1024 965 1476 2058 928 648 1130 1060 959 683
is_linear=0
shrinkage=0.03


Tree=254
num_leaves=27
num_cat=0
split_feature=10 27 24 6 54 23 16 34 58 11 38 27 10 17 8 64 26 16 53 23 40 1 29 57 16 10
split_gain=0.269809 0.296479 0.321867 0.270678 0.316492 0.715918 0.535614 0.533562 0.524629 0.313942 0.356751 0.406348 0.2754 0.26752 0.237084 0.156865 0.124613 0.123501 0.106409 0.096833 0.0625348 0.0563858 0.0475483 0.0429029 0.11703 0.019965
threshold=0.042243365198373801 0.0056185573339462289 0.013208240270614626 -0.047204777598381036 0.0011896565556526186 -0.0013593435287475584 -0.018983870744705197 0.00072757736779749404 0.00014565885066986087 -0.024782199412584301 -0.016908705234527584 0.0034098476171493535 -0.032600808888673775 0.0087566873989999312 0.1105838790535927 0.73076924681663524 -0.030743222683668133 -0.044427186250686639 0.011649996042251589 -0.019594132900238034 -0.030193829908967015 -0.23972791433334348 -0.0018436424434185026 0.0093709751963615435 -0.015102222561836241 0.020923737436532978
decision_type=2 2 2 2 2 2 2 2 2 2 2 2 2 2 2 2 2 2 2 2 2 2 2 2 2 2
left_child=3 2 13 9 6 12 15 -8 -7 23 22 -12 -6 19 16 -5 -3 -15 20 -2 -4 -18 -11 24 -1 -25
right_child=1 14 18 4 5 8 7 -9 -10 10 11 -13 -14 17 -16 -17 21 -19 -20 -21 -22 -23 -24 25 -26 -27
leaf_value=0 0.0010996184383154266 0 0 0 -0.0055458657950613176 0 -0.000319441186785585 -0.0068663733285664304 0.005942464608461883 0 0.0060154395017570552 0 0 0 0 0.0029213282420761789 0 0.0057643558094385757 0 -0.0024742120027773659 -0.0054039010628702889 -0.0083818804664732884 -0.0023142949950178794 0.0014749990021510559 -0.0032986953865571616 0
leaf_weight=11.363016134302601 4.6033485888619907 3.203523346259316 0.59991894142876834 7.7444722066684362 6.263505141399949 16.515822760242372 44.578771243661322 18.349388002767228 26.385021895004684 4.3844577200507047 29.546315375060658 13.290457605387926 25.140888011152128 0.52136017717566474 2.5161571013486528 17.807724015481654 0.32492276831180689 8.1742341047320206 0.91714984399004595 7.3392895372653637 7.1874037578545522 7.0438962438220187 2.9898739830896366 3.7486514809825158 8.1301175171956857 0.86751683576949279
leaf_count=599 324 297 44 2021 1332 2410 4905 3412 2330 206 2270 1407 2694 84 247 958 30 685 67 1406 907 1481 339 198 1045 117
internal_value=0 -0.00206904 0 0.000405347 -0.000125689 0.00106749 -0.00145214 -0.00303502 0.00364419 0.0018813 0.00319412 0.00429966 -0.00164547 0.0018297 -0.00509674 0.00132288 -0.00662392 0.00488334 -0.00385676 0 -0.00484054 -0.0080192 0 0 -0.00123813 0.000332832
internal_weight=279.537 42.4312 29.3427 237.106 162.786 74.3052 88.4804 62.9282 42.9008 74.3204 50.2111 42.8368 31.4044 20.6382 13.0885 25.5522 10.5723 8.69559 8.70447 11.9426 7.78732 7.36882 7.37433 24.1093 19.4931 4.61617
internal_count=31815 5572 3517 26243 20062 8766 11296 8317 4740 6181 4222 3677 4026 2499 2055 2979 1808 769 1018 1730 951 1511 545 1959 1644 315
is_linear=0
shrinkage=0.03


Tree=255
num_leaves=29
num_cat=0
split_feature=43 46 47 43 47 11 69 3 42 43 18 4 3 33 19 42 50 24 42 55 25 53 25 31 27 28 24 28
split_gain=0.189166 0.584643 0.345003 0.285879 0.522834 0.450635 0.470124 0.348789 0.349559 0.585534 0.297451 0.295098 0.246078 0.226262 0.297598 0.257593 0.215654 0.210567 0.209268 0.173577 0.141433 0.0690754 0.0598846 0.0538314 0.0456337 0.0430577 0.0254168 0.0201062
threshold=0.010523343924432995 0.0061580389738082894 0.012629276141524317 -0.0023916424252092834 0.0045809308066964158 -0.033294118940830224 0.76785686612129223 0.053851258009672172 -0.0119932834059 -0.014638735912740229 0.027421906590461734 -0.00060843490064144124 -0.17997038364410398 0.014371998608112337 -0.012626990675926207 0.00096533913165330898 0.019378850236535076 0.041776090860366828 -0.029692975804209706 0.0024374853819608693 -0.021242558956146237 -0.0094255334697663767 0.015877887606620792 0.00080966949462890636 0.044551715254783637 -0.0041554896160960189 -0.016463436186313626 0.011464846320450308
decision_type=2 2 2 2 2 2 2 2 2 2 2 2 2 2 2 2 2 2 2 2 2 2 2 2 2 2 2 2
left_child=3 2 12 7 5 21 -7 8 10 -10 -1 19 -2 14 26 -16 -13 -14 -9 -6 -20 -5 24 27 -15 -25 -3 -4
right_child=1 13 23 4 11 6 -8 18 9 -11 -12 16 17 22 15 -17 -18 -19 20 -21 -22 -23 -24 25 -26 -27 -28 -29
leaf_value=-0.0052853911771102964 0 0 -0.0018613597056050357 0.00029589205178639881 0.0029695008073774638 0.0063688209962010868 0 0 0.0041909137785568042 -0.00025800201918490861 0 -0.005518080510750231 -0.0070121788762451398 -0.0036685927104917258 0.0067456616693576518 0 0 0 0 -0.00091121596255020138 -0.0069867986820125287 -0.0020497766503031131 0 0.0029473940579775961 0 0 -0.0016382981897028913 0
leaf_weight=12.197358498870019 1.9145376730739396 3.2994321116420906 1.5043357068352623 3.14879633077362 13.07540838794012 33.479670921400611 16.804156206941116 1.3421845395132539 30.549379217207388 64.525538861647874 3.9798598952911552 10.382314984015464 22.436264330632188 3.7711875192544531 10.6143518889221 5.3062767543633518 3.4234464843102606 1.4490909507258027 3.8999682941812344 4.0793543186737216 8.1983113839578419 9.6264845700225106 0.77734753236290988 4.5267873379780212 0.28811163929640304 0.70358880634739751 3.5227189723882537 0.40124288188962953
leaf_count=1323 144 313 217 304 1217 5130 756 135 2439 5943 315 1689 3389 375 620 533 135 185 956 598 2736 1448 83 150 10 150 388 134
internal_value=0 -0.00141774 -0.00406732 0.000415193 0.00168453 0.00327982 0.00453643 -0.000338634 3.38108e-05 0.00100971 -0.00316926 -0.000734674 -0.0055188 0.000964208 0.0027568 0.00478339 -0.00381909 -0.00633586 -0.00422163 0.000695186 -0.00549876 0 -0.00153181 0 -0.00291497 0.00207407 0 -0.000801821
internal_weight=279.228 60.5153 32.9358 218.712 94.0196 63.0591 50.2838 124.693 111.252 95.0749 16.1772 30.9605 25.7999 27.5794 22.7428 15.9206 13.8058 23.8854 13.4405 17.1548 12.0983 12.7753 4.83665 7.13595 4.0593 5.23038 6.82215 1.90558
internal_count=31815 6691 4369 25124 11277 7638 5886 13847 10020 8382 1638 3639 3718 2322 1854 1153 1824 3574 3827 1815 3692 1752 468 651 385 300 701 351
is_linear=0
shrinkage=0.03


Tree=256
num_leaves=30
num_cat=0
split_feature=8 8 59 0 69 68 58 58 50 56 21 51 8 7 41 9 9 50 22 45 45 57 33 56 3 14 65 45 58
split_gain=0.197989 0.374668 0.579731 0.340701 0.290315 0.283082 0.480592 0.285406 0.315573 0.262091 0.530638 0.30243 0.250252 0.338049 0.367783 0.351519 0.318564 0.255038 0.229181 0.201661 0.227344 0.197888 0.190008 0.115529 0.0538176 0.021354 0.00909705 0.00399584 0.00349283
threshold=0.027186848223209385 -0.045319646596908562 0.0052385516464710244 0.22283495962619784 1.6498767137527468 0.14039707928895953 -0.0056763924658298484 0.004120148718357087 -0.0087782517075538618 0.005100484937429429 -0.0029673725366592403 -0.0097392937168478948 0.054390229284763343 0.068559728562831893 -0.016310639679431912 -0.018473979085683819 0.052212908864021308 0.0061222277581691751 0.038394857197999961 -0.015692498534917828 0.0094714146107435244 0.021763140335679058 0.018185097724199299 0.0053868684917688378 -0.029237449169158932 0.0013525485992431643 2.3918737173080449 -0.0022367363562807436 0.005661826580762864
decision_type=2 2 2 2 2 2 2 2 2 2 2 2 2 2 2 2 2 2 2 2 2 2 2 2 2 2 2 2 2
left_child=1 5 9 4 -4 6 21 8 -7 11 -11 -3 16 14 24 -16 17 18 -2 -15 -21 -1 -8 -9 -14 26 -18 -27 -5
right_child=12 2 3 28 -6 7 22 23 -10 10 -12 -13 13 19 15 -17 25 -19 -20 20 -22 -23 -24 -25 -26 27 -28 -29 -30
leaf_value=0.0070034276779059549 0.0068903478473542048 0.0011556084777788465 -0.008008405231769343 0.00055694878768355112 0 0 -0.00065772223849883224 0.0031349793291043956 -0.0046666192724456219 -0.0016174505274124278 0.0052829992098923015 -0.0025485461862177422 0.0024022046225923291 0 0 -0.0066738541673127113 -0.0018202273835083152 0 0 0.0067095463315856169 0 0 0.0038659981617738251 0 0 0.00068156826140811598 0 0 0
leaf_weight=13.327446712930392 17.729477008595502 14.623415082860445 17.145212211626138 5.134195272508804 6.9221103253948959 5.6406812747336543 34.688576844240743 9.4227654279529798 19.015171482507867 6.9144189502221733 15.639129194587438 49.229805559725719 4.9377815692278091 1.2001265674989543 7.6340571875480263 12.46617444788353 3.2716675530755297 4.0585140930088519 1.4572158097835188 7.2364692807350348 2.7121684946905589 0.51204021478770378 5.2929451051095375 2.6397366527999102 2.3221288421627859 2.7416117736538581 0.22043787370785128 2.9043878398442757 1.941531794844195
leaf_count=955 2140 1198 2926 585 164 457 2461 683 2256 1038 1594 6528 267 237 1434 2318 488 816 217 688 247 71 378 297 384 300 15 334 339
internal_value=0 -0.000468624 -0.00164246 -0.00485622 -0.00631447 0.000747594 0.00221386 -0.00069027 -0.00283869 0 0.00216907 -0.00124221 0.0013158 0 -0.00207617 -0.0042883 0.00308862 0.00477248 0.00600737 0.00319412 0.00481277 0.00618558 0 0.00148787 0.000852551 0 -0.00150436 0 0
internal_weight=278.981 208.089 117.55 31.143 24.0673 90.5394 53.821 36.7184 24.6559 86.4068 22.5535 63.8532 70.8922 38.5089 27.3601 20.1002 32.3833 23.2452 19.1867 11.1488 9.94864 13.8395 39.9815 12.0625 7.25991 9.13811 3.49211 5.646 7.07573
internal_count=31815 21930 14372 4014 3090 7558 3865 3693 2713 10358 2632 7726 9885 5575 4403 3752 4310 3173 2357 1172 935 1026 2839 980 651 1137 503 634 924
is_linear=0
shrinkage=0.03


Tree=257
num_leaves=27
num_cat=0
split_feature=45 18 51 54 42 38 1 54 55 51 50 21 42 1 6 55 54 57 37 54 54 3 29 37 9 20
split_gain=0.237714 0.321478 0.59716 0.476595 0.319717 0.317381 0.603379 0.656469 0.397997 0.39376 0.371715 0.310469 0.215067 0.21917 0.22239 0.213565 0.130346 0.152514 0.160962 0.117539 0.302091 0.0858892 0.0456957 0.0407987 0.000843583 8.66144e-06
threshold=0.014116741716861727 0.031256273388862617 -0.0018696463666856287 -0.010961156338453291 -0.016820639371871945 0.00059991329908370983 0.19771176576614383 -0.014047075062990187 -0.0044378191232681266 -0.0089656431227922422 -0.010606782510876654 -0.009615413844585417 0.02731358073651791 -0.24356183409690854 -0.14567397534847257 0.0018403977155685427 -0.0018167123198509214 0.0011706203222274782 -0.0048052766360342494 -0.012569114565849302 0.012977488338947298 -0.063595585525035844 0.019299242645502094 -0.03018644172698259 0.061236701905727393 0.031861819326877601
decision_type=2 2 2 2 2 2 2 2 2 2 2 2 2 2 2 2 2 2 2 2 2 2 2 2 2 2
left_child=1 5 3 25 -5 8 7 -7 9 -1 -10 12 13 -2 -15 -8 21 18 -18 22 -21 -13 -4 -23 -19 -3
right_child=11 2 19 4 -6 6 15 -9 10 -11 -12 16 -14 14 -16 -17 17 24 -20 20 -22 23 -24 -25 -26 -27
leaf_value=0.0019323617484514155 0 -3.305091845069371e-05 0.0025365830424015148 0 0.0083895336441961732 0.0019410280697237979 0.0048214021165358121 -0.004181974297443795 -0.00080818363368950991 -0.0032644008635904424 0.0032545320199355221 0 0 0 -0.0090913540688905333 0 0 -0.00030343081029791111 0.0056112826323270523 -0.0045140602732332644 0.00036759980584578629 0 0 -0.0040937652401471037 0 0
leaf_weight=10.146722484943892 0.89853873624815506 2.1361761357402456 5.2598296904252519 2.4400623964611503 17.337252597098992 9.9652714838575758 9.2022988966054964 60.904102567401424 11.93361102824201 28.128374128511496 61.102779401298903 6.6383801596493868 0.99959017273067807 1.0147362782154212 7.7583004992411571 3.3980824823374851 2.0087620655722276 3.2461469896079507 5.7625140963100421 12.237781447247473 6.3170398085967454 0.14639141771476705 0.87230472925148195 5.4174675260983349 1.3697741380237856 2.2008199506381061
leaf_count=571 40 224 225 257 1103 979 709 9919 1320 3075 6945 272 77 69 1347 408 225 652 476 1452 308 6 93 891 113 59
internal_value=0 0.000346356 0.00243143 0.00542075 0.00719997 -7.36621e-05 -0.00155182 -0.0028544 0.000795904 -0.00112941 0.00219703 -0.00213852 -0.0054387 -0.00669235 -0.00787599 0.00279949 0 0.00180655 0.00389756 0 -0.00185322 -0.00187639 0.00149523 -0.00361259 0 0
internal_weight=278.843 243.583 48.8013 24.1143 19.7773 194.781 83.4698 70.8694 111.311 38.2751 73.0364 35.2606 10.6712 9.67158 8.77304 12.6004 24.5894 12.3872 7.77128 24.687 18.5548 12.2022 6.13213 5.56386 4.61592 4.337
internal_count=31815 27647 3721 1643 1360 23926 12015 10898 11911 3646 8265 4168 1533 1456 1416 1117 2635 1466 701 2078 1760 1169 318 897 765 283
is_linear=0
shrinkage=0.03


Tree=258
num_leaves=31
num_cat=0
split_feature=28 11 26 50 1 58 21 11 0 65 45 50 21 20 21 42 42 37 20 45 48 48 57 44 27 5 13 25 36 0
split_gain=0.215857 0.351718 0.52921 0.706479 0.366674 0.330214 0.303351 0.297782 0.568827 0.357068 0.264791 0.307527 0.244635 0.239404 0.223441 0.214779 0.206353 0.175482 0.159964 0.229413 0.156811 0.155191 0.121824 0.115549 0.105916 0.111766 0.0884709 0.058436 0.0124368 0.00941847
threshold=-0.0066498769447207442 0.021677091717720035 -0.015819524414837357 -0.0085580926388502104 -0.23498754203319547 -0.0004249811172485351 0.0092765465378761309 0.013291986659169199 -0.13570033758878705 -0.16992041468620298 0.0048498758114874372 -0.0026660673320293422 0.00078401714563369762 0.010118030011653902 -0.025610916316509243 0.0037427241913974289 -0.014094340614974497 -0.028230046853423115 0.00082777813076972972 -0.00307164154946804 0.0024878671392798428 0.011780313216149809 -0.0089017963036894781 0.014248818159103395 -0.00037007406353950495 0.026660077273845676 0.03090697526931763 -0.0038157477974891658 0.0047793984413146981 -0.058690406382083886
decision_type=2 2 2 2 2 2 2 2 2 2 2 2 2 2 2 2 2 2 2 2 2 2 2 2 2 2 2 2 2 2
left_child=6 2 15 14 -5 13 7 8 22 -10 11 28 29 26 -4 27 -14 -13 20 -20 -9 -17 -1 -15 -12 -26 -3 -2 -8 -7
right_child=1 5 3 4 -6 12 10 18 9 -11 24 17 16 23 -16 21 -18 -19 19 -21 -22 -23 -24 -25 25 -27 -28 -29 -30 -31
leaf_value=0.0003164454067724793 -0.0023970557846358246 -0.00017689274928932742 -0.0026539628275047771 0 -0.0061062236625587622 -0.0009837974474614299 -0.00064575300536092719 0.0029841145201642762 0 0.0063240974532686976 0 0 0 -0.0054422747507412612 0.0025372728421656659 0.0053508182350300261 0.0055829121708945674 -0.0074525595862772335 0 -0.0042278367978604708 0 0 -0.0029506286413006756 0 0 0.0043978880955514565 0.0027631453013330426 0 0.00073230371070496755 0.00023040723147927183
leaf_weight=3.8131706922176818 4.153065004327801 9.8101345618233626 3.97274996560009 3.5037779470076194 43.257820484968761 2.7989998466546249 6.4509547918842163 18.560366284120395 4.1518677285075674 31.318237186984334 12.407450794427861 0.59951659767830268 1.3120967372196926 7.064036784853668 16.421854084905135 7.347924763318586 17.27521181379052 7.3261872181101344 7.6262757123731744 10.763444606691335 4.5377330355877339 0.84743629516742647 7.6326148032694601 1.7521076009652459 0.99012629593198553 5.7991700669717829 5.368125319844693 11.811441746154742 6.9680174767854623 12.48634009706802
leaf_count=318 698 1471 579 322 7397 616 856 1169 1200 1799 989 48 261 746 1782 737 1824 1227 536 1094 739 97 1256 258 264 415 656 978 542 941
internal_value=0 -0.000765343 -0.0019805 -0.00339875 -0.0053279 0.00068002 0.00088098 0.00194248 0.00345699 0.00528682 -0.000734092 -0.00307988 0.00272383 -0.00114269 2.12543e-05 0.000839755 0.00464343 -0.00638326 0 -0.00179418 0.00156335 0.00402586 -0.000272731 -0.00428197 0.000731782 0.00303064 0 0 0 0
internal_weight=278.128 149.183 91.3161 67.1562 46.7616 57.8671 128.945 88.4037 46.9159 35.4701 40.5414 21.3447 33.8726 23.9944 20.3946 24.1599 18.5873 7.9257 41.4878 18.3897 23.0981 8.19536 11.4458 8.81614 19.1967 6.7893 15.1783 15.9645 13.419 15.2853
internal_count=31815 19363 12590 10080 7719 6773 12452 8111 4573 2999 4341 2673 3642 3131 2361 2510 2085 1275 3538 1630 1908 834 1574 1004 1668 679 2127 1676 1398 1557
is_linear=0
shrinkage=0.03


Tree=259
num_leaves=29
num_cat=0
split_feature=28 45 28 62 13 33 12 28 69 12 19 17 66 22 62 37 57 3 63 3 37 57 37 53 11 30 33 11
split_gain=0.210323 0.360594 0.660257 0.384696 0.481957 0.408144 0.384795 0.290035 0.276684 0.291483 0.273628 0.280165 0.257145 0.209203 0.273443 0.401092 0.329981 0.451651 0.242978 0.197966 0.126489 0.125755 0.121205 0.0739427 0.0621434 0.0513109 0.0143325 0.01317
threshold=-0.0092888567596673948 0.0017713644774630668 0.0087672099471092241 0.0061276182532310495 -0.0072992825880646697 0.0067283175885677346 0.056043699383735664 0.013166468590497972 -0.25492475926876063 0.039102297276258476 -0.047452449798583977 -0.048491898924112313 0.5855708420276643 0.033385049551725395 -0.0018689762800931928 -0.0037665043491870161 0.011407166719436647 0.081214766949415221 -0.00060373172163963307 0.023532323539257053 -0.012754425406455992 -0.0089017963036894781 0.02044025901705027 -0.0079461550340056402 0.043142054229974754 0.035768322646617896 0.0089144185185432451 -0.015310231596231459
decision_type=2 2 2 2 2 2 2 2 2 2 2 2 2 2 2 2 2 2 2 2 2 2 2 2 2 2 2 2
left_child=13 3 10 4 5 -2 12 -6 21 -10 -3 -12 -5 14 15 19 17 -16 -17 -1 26 -4 25 -8 -18 -22 27 -15
right_child=1 2 8 6 7 -7 23 -9 9 -11 11 -13 -14 20 16 18 24 -19 -20 -21 22 -23 -24 -25 -26 -27 -28 -29
leaf_value=-0.0053335494336145175 0.006321310866898573 0 0 -0.0066820678331335325 0.0013013670236952054 0 0 -0.0032116579844401302 0.0035804329051104893 -0.0006491987606262841 0 -0.0066980463674184655 0 0 0.0050111377109494353 0.0047075688173794624 -0.0024458708189910661 -0.0006091700703047938 0 0 -0.0047622205141312794 -0.0055842139641740203 0 0.0024091217807484257 0 0 0 0.0015932846363076781
leaf_weight=10.181074980067931 20.074806141772573 1.1614573379411037 1.7597091801471831 11.268831569041145 25.786436261971176 9.5679979952146805 1.0164778537218806 15.251844220731071 22.56884856015677 9.0416295466930006 2.4572161369105769 28.180033314221873 5.6034377017076613 0.54790168708859699 43.884451176703806 9.7095136771840771 4.3491187474719464 4.2591320185674695 12.560990774780294 3.5981778696368556 7.664005834671114 3.5042928781313085 6.584540974450646 7.0412250687804754 4.8226714206612087 0.37882847050786939 0.47075977677013714 4.7505273540009538
leaf_count=1025 2522 218 276 1848 3087 1463 71 1935 2455 660 269 4021 574 71 3800 902 633 1140 1354 482 814 1138 180 451 196 46 63 121
internal_value=0 -0.000678991 -0.00231824 0.000256928 0.00162917 0.00428011 -0.00225352 0 0 0.00162775 -0.00518727 -0.00589025 -0.00475712 0.000967841 0.00169147 0 0.00290955 0.00393888 0.0019836 -0.00367541 -0.000844182 -0.00384843 -0.00259272 0.000505545 0 -0.00429877 0 0.00111917
internal_weight=278.046 164.284 68.6732 95.6111 70.6811 29.6428 24.93 41.0383 36.8745 31.6105 31.7987 30.6372 16.8723 113.762 93.3651 36.0498 57.3154 48.1436 22.2705 13.7793 20.3966 5.264 14.6274 8.0577 9.17179 8.04283 5.76919 5.29843
internal_count=31815 20988 9037 11951 9007 3985 2944 5022 4529 3115 4508 4290 2422 10827 9532 3763 5769 4940 2256 1507 1295 1414 1040 522 829 860 255 192
is_linear=0
shrinkage=0.03


Tree=260
num_leaves=26
num_cat=0
split_feature=46 12 41 12 24 7 8 8 39 5 9 20 5 68 8 9 35 18 8 13 42 8 41 38 8
split_gain=0.216359 0.34127 0.389752 0.332426 0.330429 0.340725 0.298375 0.518272 0.444377 0.426171 0.3953 0.288506 0.284278 0.238003 0.226432 0.225175 0.117502 0.1236 0.0529338 0.0336222 0.041023 0.012076 0.0113817 0.00452988 0.00298333
threshold=-0.016319079324603077 -0.031389566138386719 0.0089733898639678972 0.040669512003660209 -0.012437194585800169 0.084901213645935072 -0.04438840597867965 -0.020150236785411831 -0.00019974261522293088 -0.026107989251613613 0.065069235861301436 0.031084151938557628 0.11656170338392259 0.33456563949584966 -0.095146693289279924 0.11210113763809205 0.0061316508799791345 0.013064727187156679 0.02870023995637894 -0.078076109290122972 -0.026533443480730053 -0.029596231877803799 0.027075968682765964 0.0042113810777664193 -0.066464439034461961
decision_type=2 2 2 2 2 2 2 2 2 2 2 2 2 2 2 2 2 2 2 2 2 2 2 2 2
left_child=3 2 12 4 21 13 8 10 14 -10 -8 -9 15 -6 -3 -2 17 -4 19 -5 -21 23 -18 -1 -14
right_child=1 6 16 18 5 -7 7 11 9 -11 -12 -13 24 -15 -16 -17 22 -19 -20 20 -22 -23 -24 -25 -26
leaf_value=0.00068325917038962176 -0.0053663366586609107 -0.0040456787195734274 0.0043229600939070859 0 0.008836918547996165 0 -0.0063260693613584884 0.0011036066091160365 0 0.006159961252791132 0 -0.002706459341364141 0 0 0.00070550876242826525 0 -0.0014705464497864543 0 0 0 -0.0036109780566151001 -0.001137925236015343 0 0 0.00055288212397775296
leaf_weight=3.7329039952273888 34.379297428635255 6.7334632546480888 6.4494751980982965 0.28307323844637711 11.42944096557221 0.9232724429311937 16.090929649015383 93.046630038214062 10.063019835168232 22.16770679212641 5.9608238357177461 14.867410369843126 1.0192053180362561 3.7585770625009909 18.631151073557703 3.1925812112967824 1.8455347640210669 5.5929579894800554 2.7503613708249759 0.73330197113682505 4.1151349226238372 3.3934144371760357 1.653035148319759 0.98173650040553173 3.783737810830643
leaf_count=251 5261 724 843 12 959 118 2410 11176 905 1410 422 1977 107 409 1716 203 635 381 208 53 519 641 79 174 222
internal_value=0 -0.000316695 -0.00227727 0.00213807 0.00398819 0.00600841 0.000176315 -0.000448218 0.0019881 0.00416976 -0.00424847 0.0002164 -0.00377612 0.00727612 -2.62753e-05 -0.00467735 0.000273431 0.00245515 -0.000559502 -0.00225837 -0.00288434 0 -0.000732499 0 0
internal_weight=277.578 245.477 57.9158 32.1012 24.2193 16.1113 187.561 129.966 57.5953 32.2307 22.0518 107.914 42.3748 15.188 25.3646 37.5719 15.541 12.0424 7.88187 5.13151 4.84844 8.10805 3.49857 4.71464 4.80294
internal_count=31815 28471 7731 3344 2552 1486 20740 15985 4755 2315 2832 13153 5793 1368 2440 5464 1938 1224 792 584 572 1066 714 425 329
is_linear=0
shrinkage=0.03


Tree=261
num_leaves=29
num_cat=0
split_feature=28 43 53 7 8 67 68 33 21 14 48 49 66 13 60 28 8 49 25 33 2 21 68 3 37 68 25 11
split_gain=0.194522 0.396777 0.303002 0.27645 0.521564 0.52917 0.407861 0.390892 0.269658 0.262824 0.376919 0.312418 0.209546 0.177893 0.215339 0.182054 0.170172 0.137195 0.107389 0.0941575 0.0922085 0.135059 0.0605749 0.130796 0.00369988 0.00254912 0.000796063 0.0138871
threshold=-0.0066498769447207442 0.0099590620957314985 0.012017344124615194 -0.026105165481567379 -0.047982744872570031 -0.021801270544528958 0.23461760580539706 0.02067850157618523 0.0092765465378761309 -0.034652963280677788 -0.0120188663713634 -0.0093653649091720564 -0.32380524277687067 0.0086781941354274767 0.0064386306330561647 -0.043713863939046853 0.019778311252593998 -0.028321791440248486 -0.014768503606319426 0.015405602753162386 0.23303103446960452 0.0061122477054595956 -0.51031002402305592 -0.077875856310129152 -0.02089919243007898 0.076350715011358275 0.0020177103579044346 -0.010394312441349028
decision_type=2 2 2 2 2 2 2 2 2 2 2 2 2 2 2 2 2 2 2 2 2 2 2 2 2 2 2 2
left_child=8 3 16 4 18 -6 7 -5 9 20 19 -12 -8 14 15 -10 17 -3 -2 -11 21 -1 24 -24 -15 -16 27 -4
right_child=1 2 26 6 5 -7 12 -9 13 10 11 -13 -14 22 25 -17 -18 -19 -20 -21 -22 -23 23 -25 -26 -27 -28 -29
leaf_value=-0.0039815963376435256 0 0 0 -0.0014920457516970638 -0.0086634007673693798 0 0 0.0044547690151905796 0 -0.0027217328575215465 0 0.0045178385361493243 0.0046092295080749097 0 0 -0.0059900925562329206 0 -0.007103780044636316 0.0026192150386652974 0 0 0 0 0.0036045042903373702 -0.0005187980574278021 0.00049320969969897789 0 0.0012034760491737278
leaf_weight=8.2855372236062941 2.0488276668074841 0.41744694896624679 0.37433698277527572 52.395348692291009 9.6230493717521313 10.333970277870321 3.6684809313701434 6.3107617680252579 1.3116238532020368 6.7865554127747583 12.784991935146534 52.068251612268796 25.08268647910154 0.49713313052779984 1.4151176870072948 9.9730802134581609 6.6756181478594945 14.575486419333176 10.992932249333531 5.374721427942859 2.0493063494650405 0.95831355108748617 7.0229026243032431 8.2815086143273184 7.3986231994567815 4.4312590294575784 2.0919463781865488 4.1240668347527381
leaf_count=1202 349 30 107 6531 2026 1577 451 788 90 696 1044 4666 2392 36 261 1712 1186 2241 1074 282 116 105 407 1069 425 341 310 301
internal_value=0 -0.000727788 -0.00363111 0 -0.00208337 -0.00498936 0.000952447 -8.24043e-05 0.000837121 0.00184178 0.0025825 0.00355667 0.00365351 -0.000661363 -0.00284873 -0.0047885 -0.00516419 -0.00657526 0.000851018 -0.00038706 -0.000610687 -0.00250056 0.000108686 0.00164349 -2.36594e-05 0 0 0.000274644
internal_weight=277.354 148.715 28.2589 120.456 32.9988 19.957 87.4573 58.7061 128.639 88.3077 77.0145 64.8532 28.7512 40.3312 17.1311 11.2847 21.6686 14.9929 13.0418 12.1613 11.2932 9.24385 23.2002 15.3044 7.89576 5.84638 6.59035 4.4984
internal_count=31815 19363 4175 15188 5026 3603 10162 7319 12452 8111 6688 5710 2843 4341 2404 1802 3457 2271 1423 978 1423 1307 1937 1476 461 602 718 408
is_linear=0
shrinkage=0.03


Tree=262
num_leaves=21
num_cat=0
split_feature=29 29 62 18 11 14 8 57 45 58 62 57 36 11 8 8 20 8 29 31
split_gain=0.232582 0.329434 0.271053 0.247774 0.247669 0.314719 0.310167 0.281023 0.253513 0.194532 0.178695 0.170677 0.168395 0.157857 0.114162 0.0403912 0.037416 0.0212397 0.00701005 0.00797714
threshold=0.027746219187974933 0.021668132394552234 0.0075722895562648782 -0.016592755913734433 -0.024782199412584301 0.032664835453033454 -0.052815958857536309 -0.014876252040266989 0.014842472039163114 0.006014641374349595 -0.00566219538450241 -0.0024504363536834712 0.0088837966322898882 0.058179238811135299 -0.051007099449634545 0.11469153314828874 -0.01722835004329681 -0.071608878672122941 0.029430978000164035 -0.034426955506205552
decision_type=2 2 2 2 2 2 2 2 2 2 2 2 2 2 2 2 2 2 2 2
left_child=1 4 3 -3 5 6 -1 9 -9 -6 16 -7 14 -5 -12 -16 17 -2 -18 -20
right_child=10 2 -4 13 7 11 -8 8 -10 -11 12 -13 -14 -15 15 -17 18 -19 19 -21
leaf_value=0 0 0 0 0.0091309928248799691 -0.004943045766561553 0.003523986662472698 -0.0042780641434689822 0.0014773084903874092 -0.0015100500694198967 0 0 -0.00021758514485395314 0 0 -0.0072593148399401671 0 0 0.0026102128290982989 0 -0.0015005543007275443
leaf_weight=10.599387085603665 0.24775280393078025 3.4331768559313778 3.269983872301963 6.0500976016719497 7.6311474901467573 7.7287143065768786 34.807633760759927 155.16763950932545 16.700884287305598 2.9352898326214927 1.0196439909486796 11.490027942458253 2.971095194850931 0.61533194953517512 7.2397612085696874 0.58593056728568615 0.22269761612551819 2.5167192392473225 0.16927479222067665 1.6908685958005656
leaf_count=1090 61 507 346 907 1071 696 5247 15934 2338 262 204 1113 391 82 991 69 46 127 47 286
internal_value=0 0.000243944 0.00412324 0.0060696 0 -0.00156898 -0.00298588 0.000524199 0.00098292 -0.00292901 -0.00298886 0.000465253 -0.00459041 0.00817302 -0.00604484 -0.00688882 0 0.00203319 -0.000471876 -0.00107218
internal_weight=277.093 260.429 13.3686 10.0986 247.061 64.6258 45.407 182.435 171.869 10.5664 16.6637 19.2187 11.8164 6.66543 8.84534 7.82569 4.84731 2.76447 2.08284 1.86014
internal_count=31815 29593 1842 1496 27751 8146 6337 19605 18272 1333 2222 1809 1655 989 1264 1060 567 188 379 333
is_linear=0
shrinkage=0.03


Tree=263
num_leaves=25
num_cat=0
split_feature=29 46 30 65 54 53 20 26 24 1 0 47 47 59 58 48 21 34 9 49 8 6 21 49
split_gain=0.232889 0.310814 0.312432 0.316594 0.277165 0.234218 0.203887 0.336435 0.335012 0.410525 0.261077 0.228709 0.161838 0.158228 0.127801 0.109615 0.115829 0.0715266 0.067298 0.0554328 0.0431584 0.0179682 0.00612438 0.00244072
threshold=0.027746219187974933 -0.016319079324603077 -0.014373899437487124 -0.29973207414150232 0.0027352087199687962 -0.0088794580660760385 0.013845765031874182 0.0072664879262447366 -0.001246996223926544 0.071259036660194411 0.11202683299779893 -0.016606086865067479 -0.0095867924392223341 0.014952251687645914 0.014112886041402819 0.0027912734076380734 0.029595904052257541 0.043206442147493369 0.058581635355949409 -0.025508588179945942 -0.021913230419158932 0.035885825753211982 0.041291818022727973 -0.011286495253443716
decision_type=2 2 2 2 2 2 2 2 2 2 2 2 2 2 2 2 2 2 2 2 2 2 2 2
left_child=1 2 12 -4 14 -5 8 13 10 -10 -3 -9 21 -8 17 16 20 19 -14 -2 -6 -1 23 -17
right_child=4 6 3 5 15 -7 7 11 9 -11 -12 -13 18 -15 -16 22 -18 -19 -20 -21 -22 -23 -24 -25
leaf_value=0.0022332997059189138 0 0.0018795138228385557 0 0 0 0.0074091732046830542 -0.0012901032615855702 0 -0.0036587156047444619 0 -0.0017075020326238557 0.0039290794522679829 -0.0044065993303492495 0.0021257484667055403 0 0 0 0 0 -0.0077840193203105399 0.0050461969710045356 0 0 -0.00201155050775324
leaf_weight=2.1258254002023027 0.27964454083849055 45.777980023072814 1.8439699800274016 6.3970321817250886 0.39633146384585405 14.530014444513643 45.827244732716281 2.3853361979927277 52.209880948255886 25.123879241826216 17.655054435041166 32.961679072042898 4.6225769105367389 8.0267747329671675 2.1517144945100881 0.15960828976676644 0.77364105369633751 0.41015797742693383 0.67610729135776626 6.1007007799616995 3.6071960911503984 0.43357956721956714 0.18943549552932371 2.4822955745112267
leaf_count=99 16 5067 705 459 88 1145 4803 355 7530 3134 2448 2757 556 410 169 20 168 54 87 1214 156 38 48 289
internal_value=0 0.000243367 0.00287841 0.00455576 -0.00299932 0.00576376 -3.3697e-05 0.000912665 -0.000849931 -0.00219407 0.000390957 0.00306974 0 -0.000133903 -0.00563886 0 0.00278963 -0.00688149 -0.00350174 -0.00739718 0.00447538 0.00160072 -0.00169755 -0.00191687
internal_weight=277.148 260.597 30.6291 22.771 16.5507 20.927 229.968 89.201 140.767 77.3338 63.433 35.347 7.85809 53.854 8.94222 7.60851 4.77717 6.7905 5.29868 6.38035 4.00353 2.5594 2.83134 2.6419
internal_count=31815 29593 3089 2309 2222 1604 26504 8325 18179 10664 7515 3112 780 5213 1453 769 412 1284 643 1230 244 137 357 309
is_linear=0
shrinkage=0.03


Tree=264
num_leaves=17
num_cat=0
split_feature=29 29 12 32 46 11 35 32 5 13 5 46 4 47 32 10
split_gain=0.229472 0.356221 0.271174 0.238789 0.277186 0.236659 0.271902 0.442552 0.270511 0.218842 0.167786 0.140559 0.192937 0.156041 0.0932538 0.0490861
threshold=0.027746219187974933 0.021668132394552234 0.078282035887241377 -0.030803225934505459 0.014341901987791063 0.041489884257316596 0.019519871100783352 -0.0014184433966875074 0.028471045196056369 0.011928174644708635 -0.049885995686054223 0.017904344946146015 -0.08499098569154738 -0.012370601296424864 -0.0040726000443100921 0.13172008097171786
decision_type=2 2 2 2 2 2 2 2 2 2 2 2 2 2 2 2
left_child=1 5 3 -3 -5 6 7 -1 14 -10 -8 12 -2 -14 -7 -15
right_child=11 2 -4 4 -6 8 10 -9 9 -11 -12 -13 13 15 -16 -17
leaf_value=0.00031249672716226719 0 0 0 0.0087788362768511045 0 -0.0022477034648200399 0 -0.0024615393087759714 0 0.0052553302357005007 0.0031714587915664238 0 0 -0.0069762254687016747 0.00064663097034404842 0
leaf_weight=71.66998582254746 2.78855695881066 1.9667403507955885 1.7370934965947515 8.5528002997161803 1.2317448519352172 9.4700779767226795 3.580459759887165 95.036626070175771 10.809333546036216 16.35070034389355 19.271471713478604 1.3460705172656151 3.1937257707686522 8.8866558570825838 20.884504668967566 0.26251435109588861
leaf_count=9192 263 238 166 1302 136 1397 414 10935 1103 900 1571 212 253 1451 2239 43
internal_value=0 0.000241226 0.00426338 0.00588478 0.00733305 0 -0.000572363 -0.00111985 0.00154517 0.00349447 0.00182849 -0.00298267 -0.00397178 -0.00532202 0 -0.0066815
internal_weight=277.039 260.562 13.4884 11.7513 9.78455 247.073 189.559 166.707 57.5146 27.16 22.8519 16.4775 15.1315 12.3429 30.3546 9.14917
internal_count=31815 29593 1842 1676 1438 27751 22112 20127 5639 2003 1985 2222 2010 1747 3636 1494
is_linear=0
shrinkage=0.03


Tree=265
num_leaves=27
num_cat=0
split_feature=46 24 68 36 46 15 41 48 38 7 58 41 67 69 36 22 7 15 13 0 11 16 14 19 35 1
split_gain=0.253894 0.319361 0.389155 0.31892 0.522211 0.543887 0.500956 0.318831 0.323952 0.316844 0.304288 0.293932 0.320818 0.338372 0.267933 0.229028 0.130553 0.115941 0.0854215 0.0552689 0.0476465 0.0162624 0.00761715 0.00697437 0.00352635 0.00146471
threshold=-0.016319079324603077 -0.01831654459238052 0.32711800932884222 0.00456872582435608 0.0019608251750469212 -0.054128974676132195 0.01887849718332291 0.0066498620435595521 -0.0077564939856529227 0.084901213645935072 0.004477810114622117 0.012806527316570284 0.47112308442592626 0.76890945434570324 -0.013923063874244688 0.0085729849524796026 0.048007570207118995 0.039079699665308006 0.049511093646287925 0.26289229094982153 0.16268029063940051 0.017506018280982975 0.056199632585048682 -0.03455576300621032 -0.0098560564219951612 0.0076985284686088571
decision_type=2 2 2 2 2 2 2 2 2 2 2 2 2 2 2 2 2 2 2 2 2 2 2 2 2 2
left_child=1 19 9 4 5 14 -7 15 -9 10 -3 12 13 -5 -2 -6 17 -13 -14 20 22 23 -1 -4 -23 -18
right_child=3 2 21 11 7 6 -8 8 -10 -11 -12 16 18 -15 -16 -17 25 -19 -20 -21 -22 24 -24 -25 -26 -27
leaf_value=-0.0035470649839409191 0.0044833264636596239 0.0085660044329666767 0 0.0036874585075491995 0.00025405245358243702 -0.0059685567643472538 0 0 0.0048242294250334236 0 0 -0.0041813101781891212 -0.0029149441658768657 0 -0.0011767562130786929 -0.0028344574838293397 0 0 0 0 0 0 0 -0.0016072321189383293 0.00060497545312399796 0.00039024358789523198
leaf_weight=3.0368075542100992 6.2805313984645181 13.995670913822332 0.11229492083293768 54.062415472146313 24.373549834377627 41.871783509253873 9.6155727948589611 5.8643892542386338 17.833744183561066 0.92882265271327824 2.6754676553136951 12.045490785363656 8.002975964383948 23.294987218367169 7.025461288620134 26.286349417048768 0.76336418971914 1.7002712226276333 2.1508037968051203 2.4994100484691444 1.6304008550941942 0.56063835545501195 0.13962466053271771 3.0958254556244347 3.6714683193495148 3.6561234182954649
leaf_count=599 324 1043 80 5502 3650 7141 801 748 1772 155 399 1629 1747 1141 570 2463 176 208 298 258 24 77 47 382 280 301
internal_value=0 0.00230712 0.00401633 -0.000344889 -0.00134736 -0.00323774 -0.00464521 2.20415e-05 0.00289101 0.00607773 0.00718892 0.000705304 0.00162214 0.0024604 0.000350883 -0.000920185 -0.00181329 -0.00321421 -0.00148917 -0.000364734 -0.00228891 0 -0.00339535 -0.00133534 0 0
internal_weight=277.174 32.3464 25.0402 244.828 139.151 64.7933 51.4874 74.358 23.6981 17.6 16.6711 105.676 87.5112 77.3574 13.306 50.6599 18.1652 13.7458 10.1538 7.30624 4.80683 7.44023 3.17643 3.20812 4.23211 4.41949
internal_count=31815 3344 2416 28471 17469 8836 7942 8633 2520 1597 1442 11002 8688 6643 894 6113 2314 1837 2045 928 670 819 646 462 357 477
is_linear=0
shrinkage=0.03


Tree=266
num_leaves=26
num_cat=0
split_feature=46 12 30 65 35 45 12 3 60 45 28 30 58 16 37 42 35 13 41 40 16 25 12 35 45
split_gain=0.230151 0.333592 0.320991 0.465234 0.421642 0.289938 0.365127 0.353905 0.310091 0.344385 0.296604 0.310454 0.273432 0.157987 0.107 0.0701825 0.0394242 0.0592152 0.0392282 0.027633 0.0324486 0.0228083 0.0145175 0.0138345 0.00240608
threshold=-0.016000101342797276 0.040669512003660209 -0.014373899437487124 -0.23595214635133741 -0.02453598007559776 0.014842472039163114 -0.055599100887775414 -0.084645304828882204 0.0091483909636735933 -0.011133827734738587 -0.014006951358169316 0.025037616491317752 0.0021545402705669407 0.08720532059669496 -0.03018644172698259 0.0054933149367570886 0.013596527278423311 0.050970539450645454 -0.035295605659484856 -0.0045439507812261573 -0.027160197496414181 0.017247151583433155 0.12259936332702638 0.025173258036375049 0.001651071244850755
decision_type=2 2 2 2 2 2 2 2 2 2 2 2 2 2 2 2 2 2 2 2 2 2 2 2 2
left_child=1 2 15 -4 -5 6 10 19 12 -10 24 -12 -8 14 -9 18 17 22 -1 21 -21 -7 -3 -17 -2
right_child=5 16 3 4 -6 7 8 13 9 -11 11 -13 -14 -15 -16 23 -18 -19 -20 20 -22 -23 -24 -25 -26
leaf_value=0 0 -0.0034844708940266361 0 0 0.0090768210625784135 0.0022169195894973302 -0.0012165088299520303 0 0 0.0043139410253625349 -0.0074749224535578702 0 0.0012406155363431409 0 -0.0067764553202822632 0.0014649422646947569 0 0 -0.0036113712781432922 0 -0.0016326165115640144 0 0 0 0.00046006490966573406
leaf_weight=0.44615916331531513 3.4525987188535527 3.6369412941457981 1.9206769686643408 2.6285275294940282 13.981239530941815 4.1646233813371509 87.737810959786657 0.46801726548801426 12.751328559843385 29.285869007413567 9.781930502436806 3.4993754937913755 65.719841521768103 0.59892654090072106 13.413021260184902 2.8774762203283903 1.8495674083096671 2.5703206834004959 2.2086474548195865 0.86849613340018539 6.0898187582788541 0.79500776912027493 0.36155176881584328 0.75225580023834471 5.2309015093233029
leaf_count=15 470 415 735 147 1067 216 11595 73 995 2290 2062 290 7142 79 2312 238 171 206 419 83 382 80 36 26 271
internal_value=0 0.00216707 0.00399882 0.00570427 0.00740316 -0.000332938 0 -0.00303141 0.000494537 0.00264115 -0.00321999 -0.00546765 0 -0.00558234 -0.00629935 0 -0.000474762 -0.00182441 -0.00276942 0 -0.000172401 0.00156887 -0.00319401 0.000718453 0
internal_weight=277.091 33.2334 24.815 18.5304 16.6098 243.858 217.46 26.3979 195.495 42.0372 21.9648 13.2813 153.458 14.48 13.881 6.28454 8.41838 6.56881 2.65481 11.9179 6.95831 4.95963 3.99849 3.62973 8.6835
internal_count=31815 3475 2647 1949 1214 28340 25115 3225 22022 3285 3093 2352 18737 2464 2385 698 828 657 434 761 465 296 451 264 741
is_linear=0
shrinkage=0.03


Tree=267
num_leaves=28
num_cat=0
split_feature=28 43 35 26 1 36 10 35 31 54 69 23 52 57 39 0 49 11 3 24 37 27 24 24 69 15 37
split_gain=0.229156 0.422633 0.375036 0.489483 0.412476 0.401545 0.456663 0.353683 0.470228 0.449049 0.911348 0.321963 0.30097 0.285762 0.263057 0.263256 0.222449 0.183397 0.17741 0.166663 0.155737 0.0928094 0.0198762 0.07061 0.0111479 0.0106856 0.0446309
threshold=-0.0094666257500648481 0.0099590620957314985 0.011457297950983049 0.019137777388095859 -0.15243971347808835 -0.00040243193507194514 0.0043272860348224649 0.0056319348514080056 0.0076418351382017144 -0.0019352771341800688 0.76843151450157177 -0.013614594936370848 0.00062088295817375194 0.002683583647012711 0.021798573434352878 0.2704798430204392 -0.0077670142054557792 0.020181763917207721 0.14102892577648166 -0.0033989213407039638 -0.0037665043491870161 -0.047502178698778146 0.011497400701045992 -0.0029715597629547115 1.2065847516059878 0.063448801636695876 0.012095964513719084
decision_type=2 2 2 2 2 2 2 2 2 2 2 2 2 2 2 2 2 2 2 2 2 2 2 2 2 2 2
left_child=2 7 3 4 20 25 16 9 11 19 -11 -9 -6 18 15 -5 -7 -10 21 -2 -1 -3 23 -15 -24 26 -4
right_child=1 13 5 14 12 6 -8 8 17 10 -12 -13 -14 22 -16 -17 -18 -19 -20 -21 -22 -23 24 -25 -26 -27 -28
leaf_value=0 0 0 -0.0022220345546307835 0.0059059733635678418 -0.0058444857764292013 0 0 0 -0.00094762443574936866 0.0057047733300953423 -0.00089579040278368221 -0.006767870503071159 0 0 0 0 0.0095269911224209677 0.0030008210932539249 0 -0.0030831319631796799 0.0030275505599104578 -0.0071439749781014627 -0.001607536463933337 0.0022585867453337244 0 0 0
leaf_weight=7.0227623724204049 14.025966632932979 0.39361316991562212 5.0831314676761412 17.294119378395415 17.073275345828733 1.6420413957966982 6.6282681278098599 10.071935111493078 10.283998682803942 35.049477095002658 20.905081448712735 14.512053317152093 24.750061711769376 4.1191561106861636 1.5677473814575922 3.714371541660511 10.775038188668985 11.975351951470655 0.8741556281383972 14.588795188610673 12.987173657467791 13.914337741869529 5.719394912623101 7.50094377212372 0.43592862608784333 1.311638499057153 2.8655867721081449
leaf_count=495 1726 82 565 874 2971 244 744 1146 1232 5156 949 2678 2649 688 110 254 602 985 195 2716 800 2250 769 513 28 65 329
internal_value=0 -0.000706609 0.00101668 0 -0.00142957 0.00371317 0.00584184 0 -0.00187514 0.00123234 0.00287538 -0.00451832 -0.00321211 -0.00349983 0.00331996 0.00455954 0.00840904 0.000236855 -0.00598166 -0.00103787 0.000993943 -0.00675795 0 0.000115302 -0.00125849 0 -0.000861801
internal_weight=277.085 164.37 112.715 84.4095 61.8333 28.3057 19.0453 131.413 46.8433 84.5693 55.9546 24.584 41.8233 32.9575 22.5762 21.0085 12.4171 22.2594 15.1821 28.6148 20.0099 14.308 17.7754 11.6201 6.15532 9.26036 7.94872
internal_count=31815 21113 10702 8153 6915 2549 1590 16588 6041 10547 6105 3824 5620 4525 1238 1128 846 2217 2527 4442 1295 2332 1998 1201 797 959 894
is_linear=0
shrinkage=0.03


Tree=268
num_leaves=21
num_cat=0
split_feature=29 29 48 64 14 22 61 22 41 21 38 39 56 20 14 49 60 15 60 23
split_gain=0.254315 0.269655 0.263461 0.22048 0.658544 0.364411 0.481454 0.381055 0.258035 0.218207 0.203954 0.161998 0.149348 0.129949 0.0822418 0.0426551 0.0254107 0.0661544 0.0320627 0.00885326
threshold=0.027746219187974933 0.021668132394552234 -0.00215922063216567 1.8076922893524172 0.0058983750641345986 0.007408618927001954 -0.0021707084961235519 0.016097119078040126 0.0082712396979331988 -0.010638236999511717 0.0035506263375282292 -0.012684077024459837 -0.025406618602573868 0.04557639732956887 0.088509716093540206 -0.024387238547205922 0.0057410616427659997 -0.037524238228797906 -0.0077395271509885779 0.034423075616359718
decision_type=2 2 2 2 2 2 2 2 2 2 2 2 2 2 2 2 2 2 2 2
left_child=1 3 16 5 8 6 -1 -7 -5 -3 13 -6 -4 -11 15 -14 18 -18 -2 -20
right_child=2 9 12 4 11 7 -8 -9 -10 10 -12 -13 14 -15 -16 -17 17 -19 19 -21
leaf_value=0 0 0 0 0.0051268359330731818 0 0.003513775513550857 -0.0035488232588937298 -0.00018318601650870326 0 0.0083133396522800974 0 -0.0038622926402569744 0 0 0 -0.0074070393653423812 0 0.003451436044152502 -0.0021931567586772126 0
leaf_weight=53.079561563577954 2.3876794072493794 3.0491980070182771 0.32821354651969237 28.892763073890819 2.6411429621803117 26.480833742569303 54.998288473936555 64.436393422782203 5.9255766466667401 5.9485475321216619 3.1832088586215832 10.812999094479888 0.2747740579288801 1.2632814478565704 0.52994915199815285 7.6810601316137728 0.45080061721091658 1.8988707969365348 2.7029735303658557 0.17660384897681058
leaf_count=6330 161 458 16 969 167 3591 8786 7032 264 829 462 612 16 93 122 1204 53 159 454 37
internal_value=0 0.000253556 -0.00314372 0 0.00171135 -0.000455964 -0.00168832 0.000707869 0.00406702 0.00375289 0.00544337 -0.00220947 -0.00570063 0.00723775 -0.00657686 -0.00712303 0 0.00175523 -0.000148499 -0.00192118
internal_weight=277.143 260.712 16.4309 247.268 48.2725 198.995 108.078 90.9172 34.8183 13.4442 10.395 13.4541 8.814 7.21183 8.48578 7.95583 7.61693 2.34967 5.26726 2.87958
internal_count=31815 29593 2222 27751 2012 25739 15116 10623 1233 1842 1384 779 1358 922 1342 1220 864 212 652 491
is_linear=0
shrinkage=0.03


Tree=269
num_leaves=29
num_cat=0
split_feature=34 51 10 22 26 46 62 9 36 60 19 11 34 67 60 35 59 53 10 56 44 34 67 5 5 0 6 52
split_gain=0.294306 0.543055 0.478048 0.303409 0.437939 0.601831 0.535636 0.437711 0.419936 0.505149 0.481273 0.39052 0.36704 0.491742 0.294927 0.247106 0.231664 0.305823 0.197531 0.179457 0.140836 0.128272 0.0795058 0.0372657 0.0490859 0.0180416 0.017564 0.0587824
threshold=-0.014342122711241244 0.0010763416066765787 -0.030828755348920819 0.007408618927001954 -0.014190075919032095 0.0080149322748184221 -0.0084742605686187727 0.032793432474136359 0.0058539062738418588 -0.0025408565998077388 -0.026738859713077542 0.0031006168574094777 -0.0043335149530321351 0.47112308442592626 0.010296118445694448 -0.019267439842224118 0.0026696603745222096 0.0060080224648118028 -0.03494626656174659 -0.011300371028482912 -0.0058260783553123465 -0.0027600959874689575 0.2918530553579331 -0.018206819891929623 -0.051942855119705193 -0.043881243094801896 -0.075989738106727586 -0.010742565616965292
decision_type=2 2 2 2 2 2 2 2 2 2 2 2 2 2 2 2 2 2 2 2 2 2 2 2 2 2 2 2
left_child=1 2 26 4 7 6 -6 21 9 10 -5 -11 22 -14 15 -4 17 19 -9 -3 -7 -2 -10 24 -18 -25 -1 -28
right_child=3 16 14 8 5 20 -8 18 12 11 -12 -13 13 -15 -16 -17 23 -19 -20 -21 -22 -23 -24 25 -26 -27 27 -29
leaf_value=0 0 0 0 0 0 0.0030685003142146925 -0.0056705046181284276 0 -0.0025464537089382182 -0.0012580575843097589 -0.0066173055362703887 0.0039230629479169634 0.0057410104970365503 -0.00069749929353930904 0 0.0077538159126949455 0 0 0.0061473949228118422 -0.0079203726557937303 -0.00029324875674326909 -0.0032112291530787328 0 0 0.0028243706656357064 -0.0015144368714627261 0 -0.002449360769491528
leaf_weight=3.5739791575942936 4.6407419521656275 0.85773192714987079 3.3165105074476768 5.5956200900254798 13.065072163266448 8.3346309321423195 48.27532296226309 1.5024875087037788 6.0349364640060212 16.944485253288804 15.936822254567231 16.93088239703502 28.847702333328925 3.278902203846882 7.0140554751706068 21.212113592400787 1.4621272034710271 4.080547734420179 10.059458946627272 5.7436748095533421 16.809334414761906 8.9164855418111983 4.5567657157407666 4.9020062778436113 4.7717920584946114 2.0797205292510608 1.9815607852651727 6.4531646735449604
leaf_count=171 596 135 291 426 1544 1049 7033 199 701 1986 2312 1814 2131 681 272 1982 308 581 708 1127 1767 1647 515 245 282 425 112 775
internal_value=0 0.00165339 0.00368095 -0.000557846 -0.00165999 -0.00274633 -0.0043076 0.000919199 0.000424478 -0.000908022 -0.00426951 0.000731281 0.00269554 0.0042704 0.00545672 0.00677034 -0.00100109 -0.00388937 0.00486087 -0.00664625 0.000150005 -0.00122971 0 0.0001133 0.00173388 0 0 -0.00108472
internal_weight=277.179 67.449 43.5514 209.73 111.604 86.4844 61.3404 25.1192 98.1261 55.4078 21.5324 33.8754 42.7183 32.1266 31.5427 24.5286 23.8976 10.682 11.5619 6.60141 25.144 13.5572 10.5917 13.2156 6.23392 6.98173 12.0087 8.43473
internal_count=31815 6706 3603 25109 14543 11393 8577 3150 10566 6538 2738 3800 4028 2812 2545 2273 3103 1843 907 1262 2816 2243 1216 1260 590 670 1058 887
is_linear=0
shrinkage=0.03


Tree=270
num_leaves=20
num_cat=0
split_feature=25 7 33 63 26 5 64 51 51 22 50 5 54 31 54 25 37 46 36
split_gain=0.231308 0.300707 0.542585 0.325872 0.543221 0.401672 0.32576 0.301325 0.274828 0.266821 0.263052 0.249639 0.248185 0.2281 0.22789 0.219094 0.318753 0.231758 0.168128
threshold=0.043086092919111259 -0.0013405829668045042 0.0067283175885677346 -0.00043670739978551859 0.0017232149839401247 0.020485252141952518 0.11538461968302728 -0.0066448687575757495 -0.016629070974886414 0.022526236250996593 -0.0099503807723522169 -0.038747176527976983 0.010396366938948633 -0.030247841030359265 -0.0093374885618686659 -0.014010407030582426 -0.0077975480817258349 0.0081806257367134112 -0.019221436232328411
decision_type=2 2 2 2 2 2 2 2 2 2 2 2 2 2 2 2 2 2 2
left_child=1 2 15 5 9 6 -3 -7 -4 -5 -6 -2 14 -10 -13 17 -17 -1 -16
right_child=11 3 8 4 10 7 -8 -9 13 -11 -12 12 -14 -15 18 16 -18 -19 -20
leaf_value=-0.0044233045900160537 0 -0.0037933742271073836 0 -0.0050272773234316965 -0.001257109139710808 0 0.0014796625581434287 0.0053332929312499321 0 0 0.0027586092630110062 0 0 -0.0062880710667859649 0 0.00407864504746495 0 0 0.0082191198893768417
leaf_weight=12.760080244826897 1.5106518177271961 10.135611858197079 5.6810404696152537 22.270354766571472 8.4773081924322451 5.803469492466319 29.432843380192935 27.858768015867099 4.4628929306600211 12.684357601290683 32.295914219246697 2.7159312470794239 2.3267900206919867 25.099527921867775 0.38818394235204223 15.74843773224711 41.125417067911258 6.5205717056996937 9.7570773522129439
leaf_count=1888 326 2914 451 3355 736 577 1806 2117 340 734 2919 190 343 4308 99 1652 5661 855 544
internal_value=0 -0.00024352 -0.0014631 0.000491576 -0.000594693 0.00196458 0 0.00414246 -0.00428087 -0.00335256 0.00122216 0.00297805 0.0045455 -0.00533803 0.00598823 0 0.000970522 -0.00239182 0.00747205
internal_weight=277.055 260.357 111.398 148.959 75.7279 73.2307 39.5685 33.6622 35.2435 34.9547 40.7732 16.6986 15.188 29.5624 12.8612 76.1545 56.8739 19.2807 10.1453
internal_count=31815 30313 15155 15158 7744 7414 4720 2694 5099 4089 3655 1502 1176 4648 833 10056 7313 2743 643
is_linear=0
shrinkage=0.03


Tree=271
num_leaves=31
num_cat=0
split_feature=28 45 28 35 12 35 26 37 36 10 53 53 26 7 68 50 27 50 4 27 53 13 7 46 6 58 50 26 28 44
split_gain=0.222091 0.369087 0.589483 0.52645 0.37832 0.333393 0.488472 0.387815 0.330193 0.417679 0.288671 0.266885 0.260619 0.237423 0.249177 0.232814 0.229533 0.231116 0.227511 0.198685 0.19039 0.139884 0.137421 0.104023 0.0728024 0.0215992 0.0294631 0.0135938 0.00248004 2.01239e-05
threshold=-0.0094666257500648481 0.0017713644774630668 0.024300529621541504 0.00061660818755626689 0.058111499994993217 0.011457297950983049 0.019137777388095859 -0.0037665043491870161 -0.000640466809272766 0.0043272860348224649 -0.015194936655461786 -0.010250085499137638 0.031488955020904548 -0.025166377425193783 0.23461760580539706 -0.0011374279856681822 -0.015597090125083922 -0.025287404656410214 -0.21166866272687909 0.01013411581516266 0.011269076727330686 -0.017007347196340557 -0.019349999725818631 0.010274056345224382 -0.079986900091171251 0.0074444934725761422 0.021608103998005394 -0.0013635382056236265 -0.011540936306118963 -0.017433248460292813
decision_type=2 2 2 2 2 2 2 2 2 2 2 2 2 2 2 2 2 2 2 2 2 2 2 2 2 2 2 2 2 2
left_child=5 4 3 23 13 6 7 18 25 20 -5 29 -13 15 -15 -2 28 -18 -1 21 -10 -4 -9 -3 -21 26 -7 -27 -8 -6
right_child=1 2 19 10 11 8 16 22 9 -11 -12 12 -14 14 -16 -17 17 -19 -20 24 -22 -23 -24 -25 -26 27 -28 -29 -30 -31
leaf_value=0 0 -0.0017173995423084691 0 0 0 -0.0022631356043730398 -0.00051233661737915741 0.0024286712697153766 0.0084103620029627232 0 -0.0081404368175882046 0.0062319757146811804 0 -0.00062337138575600348 0.0032268103692366487 -0.0052710108114996856 0 0.005784772483881144 -0.0053533991143303993 0 0 0.0043264109202873499 -0.00074369534597425559 0.0013090394659155996 -0.0031774427950580207 0 0 0.0012714366087058743 0 -5.1806094015657271e-05
leaf_weight=2.9152311617217519 9.9244945553891757 20.123011986890564 3.8392821129164103 1.8813313554055664 0.31270639793365296 3.9726651212786255 3.5033644137583906 13.001830693800001 12.844446301118298 6.6708563102001781 20.000579426668992 15.637335232422631 4.4480209107277906 37.801711137772145 15.046941459686421 10.905192325431925 1.1080966115114304 16.619315636198735 18.885868462639337 1.369667356200807 1.0378592332017422 11.412976693647577 26.633199549143683 6.3922114137312738 2.798634374736138 1.0039922649666553 0.51140782519360062 2.5682030705502257 1.4195390080567474 1.7482699975007587
leaf_count=95 1252 2797 361 287 18 509 297 1665 748 747 3323 1168 288 5021 1797 2288 121 762 2532 66 135 914 2623 844 501 206 60 144 58 188
internal_value=0 -0.000697983 -0.00236788 -0.00415781 0.000245122 0.00100012 0 -0.00140287 0.00352567 0.00528951 -0.00720863 0.00346938 0.00475402 -0.000501619 0.000138401 -0.00299937 0.00334227 0.00476234 -0.00423103 0.00080225 0.00760076 0.00299217 0 0 -0.00120053 0 -0.00143167 0 0 0
internal_weight=276.338 163.642 67.8177 48.3971 95.8247 112.696 84.0864 61.4361 28.6094 20.5532 21.8819 22.1463 20.0854 73.6783 52.8487 20.8297 22.6503 17.7274 21.8011 19.4206 13.8823 15.2523 39.635 26.5152 4.1683 8.05627 4.48407 3.5722 4.9229 2.06098
internal_count=31815 21113 9093 7251 12020 10702 8153 6915 2549 1630 3610 1662 1456 10358 6818 3540 1238 883 2627 1842 883 1275 4288 3641 567 919 569 350 355 206
is_linear=0
shrinkage=0.03


Tree=272
num_leaves=30
num_cat=0
split_feature=18 21 9 40 44 38 1 38 23 40 45 55 18 54 34 33 21 47 55 25 31 23 57 53 38 19 47 51 50
split_gain=0.198242 0.564269 0.482458 0.440579 0.413492 0.365317 0.469086 0.363991 0.462466 0.60377 0.427937 0.359013 0.356283 0.353679 0.309377 0.29203 0.236319 0.183498 0.161341 0.132303 0.250187 0.116586 0.0761661 0.0600508 0.0512108 0.0438475 0.0352084 0.0260626 0.007196
threshold=0.018770471215248111 0.0038554742932319645 0.031744487583637244 -0.020062990486621853 -0.024695269763469693 0.00059991329908370983 0.090829934924840941 -0.019881099462509152 0.0077732056379318246 0.00035008694976568227 -0.0012459615245461462 -0.0073166079819202414 0.020585723221302036 -0.01334821432828903 -0.017877350561320778 -0.021425966173410412 0.022554859519004825 -5.9317797422409051e-05 -0.015930784866213795 0.00077199935913085948 1.0000000180025095e-35 0.0089694857597351092 -0.0060519455000758162 -0.0013973610475659368 -0.015851102769374844 -0.022092878818511959 0.019178712740540508 -0.013831850141286848 -0.011901445686817167
decision_type=2 2 2 2 2 2 2 2 2 2 2 2 2 2 2 2 2 2 2 2 2 2 2 2 2 2 2 2 2
left_child=5 3 4 25 -3 7 13 15 10 -10 -9 24 -6 28 -13 23 -15 21 -17 22 -21 -4 -8 -1 -5 -2 -27 -19 -7
right_child=1 2 17 11 12 6 19 8 9 -11 -12 14 -14 16 -16 18 -18 27 -20 20 -22 -23 -24 -25 -26 26 -28 -29 -30
leaf_value=0.0026596047200264932 0 9.3312642479790673e-05 0.0052574257697970105 0.0014762107777736065 0 0 0 0.0020748007792231304 0.0069685630810844609 0 -0.0028537538559234394 0 -0.008169536305892915 -0.0055816044296982661 0.0058586776015027413 0 0 0 -0.005651372955136077 0 0.0054887659702025846 0 -0.0022922743901403093 0 -0.0012006889656012076 -0.0031928825065651659 0 -0.001852116194680371 0.00073880705757459067
leaf_weight=2.640592541123624 0.76957194032001996 0.72607723396504553 5.0415375738703023 6.1659179044036163 2.5431948003697462 0.81650662337415258 3.5321818934025933 27.069235433385984 18.520563901231075 12.68652527396989 25.340693532029036 4.1815170809641122 12.962020172710252 37.772740642507415 38.99827936955262 2.1559255725624107 5.753331663856442 0.54417164987899003 12.688007010376165 4.9896915977224108 6.4236047486774623 7.1446727751681465 8.4838305070879887 1.5897843134735037 10.091682198326451 4.3389767873049996 1.5411326328176072 3.6099794655128781 6.8651088962487838
leaf_count=102 119 86 519 300 228 154 284 2842 1748 1946 3284 547 2109 6895 2204 175 941 71 1427 741 689 261 1167 140 943 394 63 628 808
internal_value=0 0.00104754 -0.00150769 0.00274639 -0.00488218 -0.000595554 -0.00218899 0.000331857 0.00143533 0.00406667 0 0.00375517 -0.00654415 -0.00377633 0.00505628 -0.00255279 -0.00480392 0.000797014 -0.00459899 0.00027908 0.00269246 0.0031693 -0.000367776 0 0 -0.00143699 -0.00241621 -0.000814891 0
internal_weight=275.987 98.6587 32.5717 66.0871 16.2313 177.328 74.637 102.691 83.617 31.2071 52.4099 59.4374 15.5052 51.2077 43.1798 19.0743 43.5261 16.3404 14.8439 23.4293 11.4133 12.1862 12.016 4.23038 16.2576 6.64968 5.88011 4.15415 7.68162
internal_count=31815 8472 3902 4570 2423 23343 11679 11664 9820 3694 6126 3994 2337 8798 2751 1844 7836 1479 1602 2881 1430 780 1451 242 1243 576 457 699 962
is_linear=0
shrinkage=0.03


Tree=273
num_leaves=26
num_cat=0
split_feature=10 27 50 4 49 69 54 35 62 26 0 9 35 51 37 8 9 2 1 55 40 13 0 51 33
split_gain=0.252045 0.335936 0.258455 0.401212 0.454998 0.392992 0.570629 0.610148 0.491757 0.381728 0.357977 0.253981 0.361033 0.239794 0.23287 0.179377 0.220113 0.152365 0.137944 0.0896465 0.159962 0.104026 0.0930091 0.0901627 0.0446
threshold=0.042243365198373801 0.0056185573339462289 0.0032828412950038914 -0.13348702341318128 0.014651697129011156 0.76833930611610424 0.0010204762220382693 0.011169403791427614 0.00089791417121887218 0.0052961930632591256 -0.19635840505361554 -0.06011639162898063 -0.0084655750542879087 -0.0070649171248078338 0.011974903754889967 0.1105838790535927 0.11210113763809205 -0.11799046397209166 -0.17224077880382535 0.00040405802428722387 -0.0037166727706789966 -0.02821245230734348 0.16105884313583377 0.015391755383461716 0.001068919897079468
decision_type=2 2 2 2 2 2 2 2 2 2 2 2 2 2 2 2 2 2 2 2 2 2 2 2 2
left_child=2 19 5 11 10 6 7 -1 -8 14 -5 -4 -13 -11 -7 16 17 -3 -6 20 24 -21 -22 -23 -2
right_child=1 15 3 4 18 9 8 -9 -10 13 -12 12 -14 -15 -16 -17 -18 -19 -20 21 22 23 -24 -25 -26
leaf_value=-0.0019322434374891655 -0.00010499807578517505 0 0 0 0 -0.0050580874665327111 0.0072298182203244981 0.0041919364100259458 0 -0.0010090329767836303 -0.0042221225307196601 0 0.0073186335783971658 0.0030807494578717191 0 0 0 -0.008574173616947723 0.0039118076475778817 0 -0.004741902561929111 0.0040912557267485002 0 0 0.0019335874594714332
leaf_weight=37.543558474326346 3.3949913686192321 0.50271403689111949 1.4820970215550904 12.990829732196287 1.3356534502017892 15.051597265271996 24.089985472659464 17.210741769611559 20.988197521941402 6.4626908268255674 47.559862970612812 1.6600548745191179 7.9444860477451575 21.892817061991082 10.806733543620792 2.4714668220331069 1.5532235713617399 8.4526443407157767 7.2825700835055596 2.8330484735779455 6.6836895227115773 8.1679998373856471 0.85017509273166059 0.81123951938934702 5.7114349108087481
leaf_count=5562 464 207 148 1994 145 985 3268 1643 2716 263 6778 188 418 917 407 247 102 1499 811 631 940 813 113 193 363
internal_value=0 -0.00202274 0.00039248 -0.000748829 -0.00190469 0.00118056 0.0023203 0 0.00463956 -0.000430292 -0.00306244 0.00294821 0.0050225 0.00123769 -0.00313572 -0.00523273 -0.00649267 -0.00781293 0.00216448 0 -0.00127249 0.00164765 -0.00377914 0.0031563 0
internal_weight=275.735 41.4326 234.302 80.2556 69.1689 154.046 99.8325 54.7543 45.0782 54.2138 60.5507 11.0866 9.60454 28.3555 25.8583 12.98 10.5086 8.95536 8.61822 28.4526 16.6403 11.8123 7.53386 8.97924 9.10643
internal_count=31815 5572 26243 10482 9728 15761 13189 7205 5984 2572 8772 754 606 1180 1392 2055 1808 1706 956 3517 1880 1637 1053 1006 827
is_linear=0
shrinkage=0.03


Tree=274
num_leaves=31
num_cat=0
split_feature=28 24 24 11 50 14 11 35 26 37 39 36 56 48 39 36 35 4 48 54 29 31 51 28 49 15 8 31 8 26
split_gain=0.256757 0.311615 0.644493 0.464525 0.426747 0.441042 0.354688 0.309202 0.474586 0.38092 0.366742 0.300294 0.285115 0.274779 0.274304 0.24003 0.244293 0.219531 0.216962 0.198796 0.194512 0.179009 0.13941 0.0624782 0.054493 0.061069 0.0468715 0.026971 0.0145408 0.0130348
threshold=-0.0094666257500648481 0.0028577148914337163 -0.010528001934289931 0.0029108617454767232 -0.0085580926388502104 0.059297367930412299 0.041489884257316596 0.011457297950983049 0.019137777388095859 -0.0037665043491870161 0.0028732270002365117 0.0066724196076393136 0.00098532624542713187 -0.018087259493768212 0.022441223263740543 -0.0097631365060806257 0.020777842029929165 -0.21166866272687909 0.0019790986552834515 -0.0014967955648899076 0.028470639139413837 -0.0053630545735359183 0.012422530911862852 -0.0034185838885605331 0.00065332278609275829 -0.078904718160629259 -0.065357998013496385 -0.011951727792620657 -0.030349195003509518 0.0017232149839401247
decision_type=2 2 2 2 2 2 2 2 2 2 2 2 2 2 2 2 2 2 2 2 2 2 2 2 2 2 2 2 2 2
left_child=7 2 3 13 19 6 -6 8 9 17 11 29 14 -2 -10 28 -17 -1 -5 23 -13 -11 -21 -3 25 -12 -7 -26 -4 -9
right_child=1 4 15 18 5 26 -8 10 12 21 24 20 -14 -15 -16 16 -18 -19 -20 22 -22 -23 -24 -25 27 -27 -28 -29 -30 -31
leaf_value=0 0 0 0 -0.0013566374798430337 -0.0056108794760931788 0 0 0 0.0067500198663476259 0.0022508830296889778 0 0.0098010883899086569 0 -0.0062392858070109136 0 0.0051278568946907955 0 -0.0052189085082263555 0.0029757085086216449 0.004248278420826551 0 -0.0011939368273032156 0 -0.0025565949583941467 0 -0.0034621691929338128 0.0023703925595826001 0.0018182187779758167 -0.0011260852850069737 0.0011288003979800334
leaf_weight=2.8908423230750513 3.2297375652433429 0.7572734220411802 3.1065842960597365 13.528165251398606 41.237958187814002 0.51161433388188005 12.222950865369056 4.6209563201518957 13.055036025507436 19.579604659847973 1.5161721731128635 7.3820364979110291 8.2324097260752733 16.083188200784207 1.3095945146633301 27.876036258605385 3.0296946469788955 18.804824337876198 13.200824167543031 11.424713870372214 1.3133365910689461 20.658442204543462 1.4462910667643871 5.7883151196256248 2.0019587499482441 3.1375244113933132 4.3061990014866742 4.2979529033691506 5.3201754547862929 4.2069061846195837
leaf_count=95 377 126 306 2134 5651 210 1362 544 556 1516 28 497 631 3000 51 2905 277 2532 1289 1023 113 2772 189 984 124 566 497 364 783 313
internal_value=0 -0.000753097 0.000207902 -0.00174468 -0.00212058 -0.00344183 -0.00440901 0.00107258 0 -0.00127006 0.00351682 0.00574782 0.00340074 -0.00485652 0.00545278 0.00310925 0.00423708 -0.00410931 0 0.000509183 0.00860621 0 0.00309297 -0.00111229 0 -0.00210016 0.00101452 0.000756356 0 0
internal_weight=276.077 163.07 85.3744 46.0419 77.6953 58.2787 53.4609 113.008 84.5308 61.9337 28.4768 17.5232 22.597 19.3129 14.3646 39.3325 30.9057 21.6957 26.729 19.4166 8.69537 40.238 12.871 6.54559 10.9536 4.6537 4.81781 6.29991 8.42676 8.82786
internal_count=31815 21113 11071 6800 10042 7720 7013 10702 8153 6915 2549 1467 1238 3377 607 4271 3182 2627 3423 2322 610 4288 1212 1110 1082 594 707 488 1089 857
is_linear=0
shrinkage=0.03


Tree=275
num_leaves=30
num_cat=0
split_feature=28 35 62 69 57 50 54 25 7 33 33 58 3 48 63 55 10 31 57 9 55 48 48 36 28 7 16 48 15
split_gain=0.370709 0.411485 0.455615 0.382495 0.337177 0.307124 0.460214 0.40507 0.362374 0.446771 0.577856 0.331135 0.275422 0.256087 0.25378 0.321876 0.28402 0.281249 0.210092 0.119876 0.111834 0.0769465 0.0690896 0.0411871 0.0330334 0.00630116 0.0197798 0.0197343 0.000283217
threshold=-0.0094666257500648481 0.011457297950983049 -0.0031966846436262126 -0.33602251112461085 0.0075560715049505242 -0.0085580926388502104 0.0010204762220382693 -0.02727316319942474 0.11804409325122835 0.0022549889981746678 0.020391870290040973 0.0063583776354789743 -0.087684862315654741 0.0023925155401229863 0.00041485577821731573 -0.00769941322505474 -0.013385515660047529 0.0109403133392334 0.015483131632208826 0.10171028971672059 -0.018668953329324719 -0.00050598289817571629 0.021932771429419521 0.0035933032631874089 -0.023420964367687699 -0.023030623793601986 -0.013153746724128721 -0.004951000213623046 -0.083459071815013872
decision_type=2 2 2 2 2 2 2 2 2 2 2 2 2 2 2 2 2 2 2 2 2 2 2 2 2 2 2 2 2
left_child=1 14 25 -4 -5 6 12 28 9 13 -11 -9 23 -7 15 20 19 -17 -14 -16 -1 -10 -23 -2 -18 27 -27 -3 -8
right_child=5 2 3 4 -6 8 7 11 21 10 -12 -13 18 -15 16 17 24 -19 -20 -21 -22 22 -24 -25 -26 26 -28 -29 -30
leaf_value=0 0.0019402906413329621 0 0 0.0092583804206628918 0 -0.0020808632050089621 0 0.0081412844097158328 0 -0.0064259163932991921 0 0 -0.0060879318781060466 0.0012219661769548118 -0.0053435476418196987 0.0039670631897601605 -0.00041311331502834396 0 0 0 -0.0033328197387293992 0.0038857851798644741 0 0 0.001255332722381459 0 -0.0015538238704123116 0.0014969792904439845 -0.00016286238485645123
leaf_weight=3.9357940101435815 4.8710758915403876 0.76947304779969306 1.4160092874444696 13.947536494059024 2.7520299329335094 36.97939036988646 0.35285491764079768 11.039064426415282 3.5685007234824297 33.160281517770272 13.779834954822944 5.2363122657225167 8.1131178989398869 29.706076090233182 11.673670845777449 35.146029843901488 7.844526504231907 4.7250151750158684 0.81270831282745426 1.9766636446947803 6.4766550660315243 6.8848691111925273 0.46754597836115852 3.6071479550300865 12.474884580949949 2.2595888077485142 4.7221544977001049 2.9256027568590071 4.6099288229015682
leaf_count=165 237 130 426 827 245 5121 14 1109 316 5086 2046 588 1886 3344 1496 2418 945 856 158 158 746 515 94 245 1369 198 459 264 354
internal_value=0 0.0012887 0.00409396 0.00649933 0.00780141 -0.00090449 0.000901164 0.00390689 -0.00170945 -0.00235282 -0.00450828 0.00599664 -0.00148101 -0.000208462 0 0.0014474 -0.00169971 0.00290504 -0.00461758 -0.00444325 -0.00131936 0.00173673 0.00308122 8.33143e-05 0 0 -0.000687973 0 0
internal_weight=276.234 113.046 28.7924 18.1156 16.6996 163.189 38.6422 21.2382 124.546 113.626 46.9401 16.2754 17.4041 66.6855 84.2532 50.2835 33.9697 39.871 8.92583 13.6503 10.4124 10.9209 7.35242 8.47822 20.3194 10.6768 6.98174 3.69508 4.96278
internal_count=31815 10702 2549 1498 1072 21113 4591 2065 16522 15597 7132 1697 2526 8465 8153 4185 3968 3274 2044 1654 911 925 609 482 2314 1051 657 394 368
is_linear=0
shrinkage=0.03


Tree=276
num_leaves=29
num_cat=0
split_feature=34 34 43 10 27 10 55 1 15 24 48 52 35 17 66 24 2 14 56 41 27 18 17 24 42 4 39 48
split_gain=0.236179 0.420242 0.465028 0.283366 0.45649 0.286201 0.322925 0.669477 0.378389 0.233021 0.232882 0.381063 0.164387 0.159263 0.166611 0.152706 0.130216 0.122052 0.114387 0.0960329 0.0628057 0.0504579 0.07254 0.0684084 0.0212221 0.0258649 0.0223633 0.00402505
threshold=-0.014342122711241244 -0.017877350561320778 -0.00089393975213170041 0.042243365198373801 0.003881689161062241 0.03221299126744271 -0.0045890510082244864 0.11282986402511598 -0.032935433089733117 -0.033759407699108117 -0.004951000213623046 -0.012737270444631575 -0.0051326714456081382 -0.016728037968277928 0.23410614579916003 0.053842501714825637 -0.14338077604770658 -0.037205096334218972 0.014295242726802828 -0.02563630789518356 0.0049947127699851998 -0.0089344233274459822 0.050565265119075782 0.013208240270614626 0.0040077371522784242 0.0050848154351115235 0.010331757366657259 -0.0069048986770212642
decision_type=2 2 2 2 2 2 2 2 2 2 2 2 2 2 2 2 2 2 2 2 2 2 2 2 2 2 2 2
left_child=1 10 24 5 21 6 7 -2 -8 -4 11 27 20 -7 -15 16 -6 -11 -14 -13 -12 22 -5 -23 26 -26 -3 -1
right_child=3 2 9 4 15 13 8 -9 -10 17 12 19 18 14 -16 -17 -18 -19 -20 -21 -22 23 -24 -25 25 -27 -28 -29
leaf_value=0.00064701698105843527 -0.0044690002192786333 -0.0019666621344683107 0 -0.0031992969744175145 0 0 0.0029096986274058248 0.0012969088304723845 -0.00055456765853453111 0 -0.0024389440776984989 0 0.003491695174831218 0.006176537504341691 0 0 -0.0089359750562725566 0.0087340110065433508 0 -0.0067267696856366582 0 0.002275671206158738 0 0 0.0017308727010837746 0 0 0
leaf_weight=3.6533055624458939 38.645252699587218 3.8314091260708683 0.35411305184606945 4.7053423872730535 0.44861721702909552 3.3406448917066873 33.700419955668622 17.092473315755342 76.476842679323454 0.57529473934118769 4.5623689785752521 0.49063736740208597 18.83034828400196 8.7099919968459272 1.3166802163759701 0.74342595629423147 7.1992780566615675 11.717198518363146 2.1214861079424727 8.2373539268555742 4.6833454462903319 9.0820968505213369 1.7715664461647973 5.4439052891248148 4.4620417677651858 0.89617230383373669 2.1194604293777957 0.57376670169469335
leaf_count=225 4780 415 61 970 158 493 2432 1300 10814 113 574 50 1663 710 206 78 1433 812 192 1582 544 1147 88 500 192 117 110 56
internal_value=0 0.0014846 0.00430705 -0.000500998 -0.0029957 0 -0.000403572 -0.0022457 0.000324909 0.00735908 0 -0.00307337 0.001066 0.00353671 0.00498276 -0.00733001 -0.00823125 0.00820932 0.00268856 -0.00611035 -0.00015811 0 -0.00172252 0.000762721 0 0.000699557 -0.00113192 0
internal_weight=275.785 67.1083 23.9557 208.677 29.3942 179.282 165.915 55.7377 110.177 12.6466 43.1526 12.9551 30.1975 13.3673 10.0267 8.39132 7.6479 12.2925 20.9518 8.72799 9.24571 21.0029 6.47691 14.526 11.3091 5.35821 5.95087 4.22707
internal_count=31815 6706 1820 25109 4374 20735 19326 6080 13246 986 4886 1913 2973 1409 916 1669 1591 925 1855 1632 1118 2705 1058 1647 834 309 525 281
is_linear=0
shrinkage=0.03


Tree=277
num_leaves=31
num_cat=0
split_feature=28 45 28 52 49 28 13 25 54 69 33 3 1 16 63 21 18 13 3 39 16 22 39 19 54 4 64 63 54 22
split_gain=0.341788 0.379421 0.709376 0.578247 0.304312 0.348836 0.371683 0.293855 0.426701 0.394886 0.318568 0.290089 0.285965 0.261854 0.227059 0.183067 0.162042 0.155222 0.151813 0.140697 0.134223 0.153711 0.0972888 0.0912126 0.0659797 0.0627849 0.0332997 0.0173003 0.0106512 0.000643184
threshold=-0.0094666257500648481 0.0017713644774630668 0.024300529621541504 0.010028272867202761 -0.0093653649091720564 -0.02749618329107761 -0.031128032132983204 -0.014010407030582426 -0.0042936168611049643 0.78926628828048717 -0.0015824437141418455 -0.14473765343427655 0.095338195562362685 0.076040074229240431 -0.0041565392166376105 0.010632641613483431 -0.04986795783042907 0.01743799448013306 -0.1626053377985954 -0.011061929166316984 0.0029207840561866765 0.030000820755958561 0.0028732270002365117 -0.00098752230405807473 -0.00086616352200508107 0.079320594668388381 0.11538461968302728 -0.0052168648689985267 -0.0018167123198509214 -0.041882222518324845
decision_type=2 2 2 2 2 2 2 2 2 2 2 2 2 2 2 2 2 2 2 2 2 2 2 2 2 2 2 2 2 2
left_child=4 7 3 13 14 20 24 12 10 -10 -9 -8 15 -3 23 -2 -16 27 -18 -19 21 -6 -22 25 -7 -1 -14 -4 -5 -25
right_child=1 2 17 28 5 6 11 8 9 -11 -12 -13 26 -15 16 -17 18 19 -20 -21 22 -23 -24 29 -26 -27 -28 -29 -30 -31
leaf_value=0.003597962472709292 -0.0056858062206746511 -0.006859653679348 0 0 -0.0048006779675653531 -0.0023236626636008368 0 0.00061213286642680643 0.0047893914523525743 0 -0.0045955202919262883 0.0047708412490959501 0 0 0 0 0 0 -0.0060400025401950242 0.0045524065071735993 0.0026214550460382366 0 0 0 3.8738287661530319e-05 0 0.0016529650436847992 -0.0012791138856863579 0.00078613115571425369 -0.00027143636043765163
leaf_weight=5.8936076288227923 11.844776542700862 34.002506026874471 3.9067087630683091 2.6350222333458087 6.0027361427019077 5.9948970246041426 3.9624442860513218 10.460846392232272 32.029563511214292 15.091674359020542 9.852236926853946 53.781996632204027 3.815055496463172 1.1469140945118841 1.6593708039363253 6.2225945009140551 1.5537205307700777 1.6795201013592294 8.989567467791856 9.1548203669844934 8.5791305065577017 4.2378298409894342 2.6456354752735924 0.29389647669449948 5.5241650857496989 0.9667055192257975 5.9694998406630475 4.516520973320441 10.511459213446866 2.8567223329446296
leaf_count=253 1811 5977 319 438 892 1016 247 1146 4832 758 1652 4276 786 109 131 785 66 189 1157 626 651 272 410 33 955 70 250 708 727 273
internal_value=0 -0.000869701 -0.00253909 -0.00449984 0.00123764 0.00211589 0.00316164 8.22595e-05 0.00140364 0.00307861 -0.00113734 0.00414277 -0.00193054 -0.00631196 -0.000976759 -0.00405771 -0.00363972 0.00105547 -0.00490352 0.00324487 -8.47702e-05 -0.00274973 0.000595635 0.000401818 0 0.00266943 1.20965e-05 0 0 0
internal_weight=275.782 162.84 67.5535 48.2959 112.942 90.7288 69.2635 95.2862 67.4343 47.1212 20.3131 57.7444 27.8519 35.1494 22.2136 18.0674 12.2027 19.2576 10.5433 10.8343 21.4653 10.2406 11.2248 10.0109 11.5191 6.86031 9.78456 8.42323 13.1465 3.15062
internal_count=31815 21113 9093 7251 10702 8719 6494 12020 8388 5590 2798 4523 3632 6086 1983 2596 1354 1842 1223 815 2225 1164 1061 629 1971 323 1036 1027 1165 306
is_linear=0
shrinkage=0.03


Tree=278
num_leaves=28
num_cat=0
split_feature=34 34 12 11 0 55 39 53 16 16 37 27 22 15 41 15 25 3 0 25 53 59 0 37 15 56 16
split_gain=0.259038 0.4127 0.333114 0.297386 0.38298 0.489353 0.448082 0.257172 0.289928 0.348392 0.237699 0.341971 0.234064 0.391363 0.223462 0.305177 0.251304 0.172478 0.126666 0.159557 0.124039 0.108643 0.0956738 0.0596474 0.022702 0.0189021 2.27971e-05
threshold=-0.014342122711241244 -0.017877350561320778 -0.025669766589999195 -0.034813318401575082 -0.065590795129537569 0.00015779584646224978 -0.0083987899124622328 0.012972246855497362 0.032801851630210883 -0.039562724530696862 0.0073584280908107766 0.00016296654939651492 -0.0078307981602847559 0.05419492349028588 0.010275229811668398 0.032144185155630119 -0.030337855219841 -0.093962993472814546 0.11983908712863924 -0.0045939013361930838 0.00714018288999796 0.0048533678054809579 0.0092460345476865786 0.0084930090233683603 -0.053232081234455102 -0.003804664127528667 0.018205448985099796
decision_type=2 2 2 2 2 2 2 2 2 2 2 2 2 2 2 2 2 2 2 2 2 2 2 2 2 2 2
left_child=1 10 14 12 5 -5 -6 8 9 -3 11 20 13 -4 15 16 -2 24 19 -16 -1 -14 -13 -20 -12 -17 -19
right_child=2 7 3 4 6 -7 -8 -9 -10 -11 17 22 21 -15 18 25 -18 26 23 -21 -22 -23 -24 -25 -26 -27 -28
leaf_value=-0.0060092244109389613 0 0 -0.0071540910701983641 -0.0041915271034659333 -0.00095653960914447841 0.0013799821723033882 0.0035093768786353331 0 0 0.0079880111141432814 0 0.0025929718545988404 0.0013982910080739454 0 0 0.0013803510546498816 -0.0056197285947769057 -4.8566899569239251e-05 -0.0030098005488162684 0.0048915687207382033 0 -0.0020211412529606582 -0.00057548856529585004 0 0.0045008098837925918 0 0
leaf_weight=9.8360106767559063 6.8513566174024119 1.9169706015127363 8.9565669537078048 19.20157406081853 13.374429950959891 19.694263772897102 61.253645012166089 1.0786268013507641 5.0400127740322196 16.18163183937941 0.79086948622716491 7.2207153213712427 15.311824052352678 3.4268485405737001 2.2632438019390975 3.9283750126778614 28.573383267068497 3.6984442756765921 3.381452418750996 4.836237934736344 2.2275997616816303 9.213969070438905 6.8979175562271848 1.6205595093815643 8.4894851370627311 6.3481379620734497 3.7760972620271787
leaf_count=1160 575 224 1520 2694 1553 2491 5816 175 311 1110 40 742 1948 277 368 503 4587 1045 385 724 331 863 908 240 226 565 434
internal_value=0 0.00155375 -0.000525757 5.08656e-05 0.000991945 -0.000851195 0.00232246 0.00432142 0.00525509 0.0067036 0 -0.00193149 -0.00190085 -0.00456392 -0.00238869 -0.00332181 -0.00454245 0.00211808 0 0.00275379 -0.00498541 0 0 -0.00149129 0.00420769 0 0
internal_weight=275.39 67.1544 208.236 150.433 113.524 38.8958 74.6281 24.2172 23.1386 18.0986 42.9371 26.1822 36.9092 12.3834 57.8027 45.7013 35.4247 16.7549 12.1015 7.09948 12.0636 24.5258 14.1186 5.00201 9.28035 10.2765 7.47454
internal_count=31815 6706 25109 17162 12554 5185 7369 1820 1645 1334 4886 3141 4608 1797 7947 6230 5162 1745 1717 1092 1491 2811 1650 625 266 1068 1479
is_linear=0
shrinkage=0.03


Tree=279
num_leaves=26
num_cat=0
split_feature=46 12 12 24 54 23 67 67 24 69 6 45 41 55 6 8 11 26 36 11 10 33 8 64 29
split_gain=0.319608 0.482707 0.41144 0.36885 0.378519 0.345978 0.303462 0.428331 0.379699 0.348928 0.277016 0.219435 0.198791 0.183872 0.181049 0.0617785 0.0571743 0.0560497 0.0424052 0.0392725 0.0386064 0.00392685 0.00381508 0.00493529 0.00144086
threshold=-0.016319079324603077 -0.031389566138386719 0.040669512003660209 -0.012437194585800169 0.018907552585005764 0.030943714082241062 -0.67793738842010487 0.5255594551563264 -0.0010471530258655546 1.0248165130615237 -0.12459480762481688 -0.016125850379467007 0.0089733898639678972 -0.010918077081441878 -0.056498900055885308 0.036941640079021461 -0.0097194314002990705 0.040775392204523093 0.00015699490904808047 -0.083094641566276536 0.020923737436532978 -0.024555047973990437 -0.029596231877803799 0.42307692766189581 -0.0026894267648458476
decision_type=2 2 2 2 2 2 2 2 2 2 2 2 2 2 2 2 2 2 2 2 2 2 2 2 2
left_child=2 5 3 22 13 10 9 8 -8 11 24 -3 -12 -5 -9 17 21 19 -11 -4 -18 -7 23 -1 -2
right_child=1 6 15 4 -6 16 7 14 -10 18 12 -13 -14 -15 -16 -17 20 -19 -20 -21 -22 -23 -24 -25 -26
leaf_value=0 0 0 0 0 0 0 0.0033576086835833308 0 0 0 -0.0058426777712042048 -0.0062377011664053001 0 0.0086130848755469353 -0.0030893082886494232 0 0.002908906913994523 0 0.0018665107897132675 -0.0039469788137963873 0 -0.00072200839377414535 -0.00064014285320792934 0.00070175134988535704 0.00036721872308951886
leaf_weight=0.59644418413517986 2.6485741926808259 2.550214302911626 0.48863133724080388 1.0026354510264379 1.0222530022947456 0.48953353942488353 59.457004980924467 3.1064645661135755 75.761866426259076 2.07466126255167 30.197140133448556 12.390373489901323 10.598913270121555 14.586173633608267 24.436841077091231 2.2512651539727813 5.2907544739518908 0.66154469209141087 5.9547072541026864 4.4147415591032759 1.1652722212838851 1.7795706377364693 3.3790057343230755 4.0196218031924218 4.616430895861412
leaf_count=231 324 262 33 102 90 12 4991 742 7099 200 4587 2471 1581 1294 4754 193 416 42 221 524 163 404 641 194 244
internal_value=0 -0.000390674 0.00258399 0.00455729 0.00661916 -0.00273682 0.000222293 0.000836637 0.00165686 -0.00242966 -0.00381755 -0.00490192 -0.00472542 0.0079079 -0.00190416 -0.000641751 0.000252497 -0.00240049 0 -0.00335276 0.0021373 0 0 0 0
internal_weight=274.941 242.518 32.4223 24.6061 16.6111 56.7862 185.732 162.762 135.219 22.97 48.0611 14.9406 40.7961 15.5888 27.5433 7.81618 8.72513 5.56492 8.02937 4.90337 6.45603 2.2691 7.99507 4.61607 7.26501
internal_count=31815 28471 3344 2552 1486 7731 20740 17586 12090 3154 6736 2733 6168 1396 5496 792 995 599 421 557 579 416 1066 425 568
is_linear=0
shrinkage=0.03


Tree=280
num_leaves=29
num_cat=0
split_feature=57 24 25 20 22 53 50 33 24 45 9 29 37 51 40 10 36 37 22 56 31 3 0 3 38 35 36 35
split_gain=0.192183 0.393996 0.651078 0.57537 0.558018 0.495053 0.384016 0.377933 0.359868 0.344326 0.356376 0.343306 0.320051 0.398827 0.364256 0.321179 0.276975 0.227649 0.160138 0.150366 0.141317 0.116985 0.115152 0.10872 0.0981682 0.0344088 0.000206756 3.70283e-05
threshold=0.0006987266242504121 0.0028577148914337163 -0.014270067214965819 0.023713752627372745 0.024962972849607471 -0.0099895833991467935 -0.010766834020614622 0.019890148192644123 -0.0083092302083969099 0.010818317532539369 0.061236701905727393 -0.010104009881615637 -0.0008399919606745242 -0.0079905861057341081 0.011549027636647226 0.041290147230029113 -0.0027437657117843624 -0.0034131305292248722 -0.0068028089590370646 -0.0060253674164414397 0.0018355809152126314 -0.16582626849412915 0.24283704161643985 0.00071966461837291728 -0.010471634566783903 0.017475316300988201 0.0020261257886886601 -0.00010499171912670134
decision_type=2 2 2 2 2 2 2 2 2 2 2 2 2 2 2 2 2 2 2 2 2 2 2 2 2 2 2 2
left_child=1 2 8 4 -4 17 23 -8 19 12 11 -11 13 20 24 -16 -15 18 -3 -1 -2 -13 -10 -7 -14 -5 -19 -12
right_child=9 5 3 25 -6 6 7 -9 22 10 27 21 14 16 15 -17 -18 26 -20 -21 -22 -23 -24 -25 -26 -27 -28 -29
leaf_value=0 0.0032849131341329088 0 0.0066828582247128324 -0.0014911218641778332 0 0.003072667162356935 -0.0049283777994023692 0 0 0 0 0 0.0011091417652147157 -0.0069487903484573019 0.0059915610174446849 0 0 -0.00015414785354525624 0.0063300369184403574 -0.006041438300198803 0 -0.0094700872873537852 0.0028866876346761113 0 -0.0014107094284646522 0 0 6.0317648367212043e-05
leaf_weight=3.4054292503897177 7.7981325830096448 0.53741149149573164 39.371717344278295 8.9278892185702698 6.3018231775731683 6.3916371834384327 36.512751569736793 4.1473398974740112 7.457556883086002 6.6320405501028299 0.91577113322273351 0.77828480796597421 18.234293276280368 11.131279351886407 15.149284449797053 3.2706400790266335 19.772778257927712 2.8311346479167678 7.449092050534091 7.8190455257572467 4.9378015396268893 7.6948791598588286 9.0096181067056005 1.5551157504869477 25.032990486977724 3.8379118603334055 3.4166676643399114 4.1598425259871865
leaf_count=319 724 99 4010 1227 723 379 5139 508 870 568 149 109 1223 2107 1190 241 2574 666 403 1175 666 1696 301 479 3300 204 457 309
internal_value=0 0.000717878 0.00208831 0.00389334 0.00540331 -0.000733716 -0.00248956 -0.00382536 -0.000816151 -0.000846946 -0.00400306 -0.00600191 0 -0.00193226 0.00126339 0.00430615 -0.00384075 0.00279091 0.00522621 -0.00452736 0.000784475 -0.00875714 0.000781317 0.000865757 0 0 0 0
internal_weight=274.48 148.972 86.131 58.4393 45.6735 62.8412 48.6068 40.6601 27.6916 125.508 20.1808 15.1052 105.327 43.64 61.6872 18.4199 30.9041 14.2343 7.9865 11.2245 12.7359 8.47316 16.4672 7.94675 43.2673 12.7658 6.2478 5.07561
internal_count=31815 16959 8829 6164 4733 8130 6505 5647 2665 14856 2831 2373 12025 6071 5954 1431 4681 1625 502 1494 1390 1805 1171 858 4523 1431 1123 458
is_linear=0
shrinkage=0.03


Tree=281
num_leaves=29
num_cat=0
split_feature=28 20 9 28 16 24 24 18 17 4 22 60 32 67 38 42 4 30 54 22 43 63 32 52 52 54 17 44
split_gain=0.225323 0.287055 0.283321 0.271834 0.356385 0.247289 0.552939 0.403102 0.391847 0.338454 0.357345 0.41508 0.274497 0.285337 0.170769 0.16446 0.146988 0.144878 0.14076 0.117941 0.0963924 0.0717851 0.0377083 0.0336964 0.0336378 0.0327498 0.0297533 0.0184124
threshold=-0.0094666257500648481 -0.016052499413490292 -0.066056400537490831 -0.03069309331476688 0.014420889317989351 0.0028577148914337163 -0.010528001934289931 0.03618313372135163 0.024715346284210685 0.091073930263519301 0.022134555503726009 -0.0061722155660390845 0.0028962297365069394 0.50127542018890392 -0.0003769844770431518 -0.010448109358549116 -0.222205676138401 0.030011093243956569 0.0096762087196111696 -0.066320512443780885 0.0093719204887747782 -0.0036746701225638385 0.023931281641125682 -0.0031203646212816234 -0.0050892494618892661 -0.0040151104331016532 0.057340014725923545 -0.0056679807603359214
decision_type=2 2 2 2 2 2 2 2 2 2 2 2 2 2 2 2 2 2 2 2 2 2 2 2 2 2 2 2
left_child=1 15 21 25 -5 6 7 8 -2 10 11 -7 13 -8 17 23 -17 -11 -16 -18 -9 -3 -23 -1 -12 -4 -25 -14
right_child=5 2 3 4 -6 9 12 20 -10 14 24 -13 27 -15 18 16 19 -19 -20 -21 -22 22 -24 26 -26 -27 -28 -29
leaf_value=0 -0.0051789419637257176 0 0 0.0049605798997031528 0 0 0.0058782971964112252 0.0033745680934887529 0 0.0044064043671736232 -3.8330419663304013e-05 -0.0061042333639325956 0.00060709167957269557 0 -0.0035583525017684426 0 0 0 0 -0.0046229433567202818 0 -0.0033142582375954226 0 0.0023616289951104157 0.001585767447355537 -0.0015544739742215743 0 -0.00093737915947040423
leaf_weight=1.5781363204623629 25.273792796226189 1.7072687456093261 5.5627166867343476 41.893216324269815 23.99595960071747 12.596578198901623 19.902043089947259 6.6252986520066752 12.303911014711046 8.9530271573639784 5.7706521915879421 30.003356906101544 5.4237828520126632 4.1888891688031427 6.0811242585605196 2.2907964821206468 1.4701178694667802 2.4322614081102065 4.3124365387266153 14.408031169965387 1.7675892820843726 5.3003745095847981 0.64680862824388885 5.4440119936552973 7.0327405034222448 7.1978658868829353 0.5882242887164465 9.4868901662466651
leaf_count=229 4622 232 335 3623 1859 1568 1918 680 1289 630 343 5267 528 685 690 35 80 107 168 2302 209 745 80 295 1269 778 109 1140
internal_value=0 0.00100924 0.00195266 0.00265246 0.00342829 -0.000706923 0.000112733 -0.00167008 -0.0032845 -0.00192631 -0.00317551 -0.00442185 0.00284689 0.00455535 0.000130832 -0.000978593 -0.00275885 0.00292855 -0.00094076 -0.00384482 0.00184586 -0.00107407 -0.00268983 0.000301281 0 0 0.00168899 0
internal_weight=274.238 112.084 86.3042 78.6498 65.8892 162.154 84.9722 45.9706 37.5777 77.1822 55.4033 42.5999 39.0016 24.0909 21.7788 25.7793 18.1689 11.3853 10.3936 15.8781 8.39289 7.65445 5.94718 7.61037 12.8034 12.7606 6.03224 14.9107
internal_count=31815 10702 7652 6595 5482 21113 11071 6800 5911 10042 8447 6835 4271 2603 1595 3050 2417 737 858 2382 889 1057 825 633 1612 1113 404 1668
is_linear=0
shrinkage=0.03


Tree=282
num_leaves=25
num_cat=0
split_feature=47 39 47 31 10 9 45 60 58 49 1 35 31 56 23 31 26 3 67 63 5 31 5 44
split_gain=0.219069 0.365686 0.321019 0.366762 0.555751 0.294455 0.235814 0.337529 0.534118 0.301898 0.135596 0.126738 0.14373 0.0941461 0.0722927 0.0679161 0.0658921 0.0557317 0.0260291 0.0568855 0.0385323 0.010588 0.00169006 0.00351275
threshold=-0.017454588785767552 0.00098735094070434592 -0.0073113534599542609 0.0092846136540174502 0.0095040649175643938 0.050771392881870277 0.015946974046528343 0.0060365637764334687 0.0062610246241092691 0.0052836574614048013 -0.10551582276821135 0.012501178309321405 0.040126197040081031 -0.0032660346478223796 -0.046507120132446282 0.044902935624122627 0.038994889706373222 -0.24368242919445035 -0.38878263533115381 -0.0070311501622200004 0.056290034204721458 0.03559889271855355 0.14630562067031863 0.024574354290962223
decision_type=2 2 2 2 2 2 2 2 2 2 2 2 2 2 2 2 2 2 2 2 2 2 2 2
left_child=1 14 3 4 5 -2 7 9 -9 -4 -6 12 -8 21 -1 17 -15 -16 22 -20 -21 -5 23 -3
right_child=2 18 6 13 10 -7 11 8 -10 -11 -12 -13 -14 16 15 -17 -18 -19 19 20 -22 -23 -24 -25
leaf_value=0 0.0069724800541534678 -0.00087098719926395672 0 0.00099761786171063873 0.00099937675785655676 0 -0.0056174661819590943 0.0039318028476949003 -0.0013089338463190461 -0.0027687833203805705 -0.0030454755203962705 0 0 -0.0037685726372744333 0 0 0 -0.0081064737168394085 0 0.0032546715324451975 0 0 0 0
leaf_weight=0.47005963313859034 23.577849426495963 2.1499040097223778 97.77001897081027 4.5747956915220129 3.2593102901937527 5.7218825257441486 9.6570338091023569 39.750242954964051 14.523326783248192 38.169413322792025 7.2683113850871433 4.3303465761055113 1.5334742539635033 5.3362435492181231 0.13617056322982612 0.1479111376502259 0.62267415202586551 5.4674013330713942 0.6865446320734917 5.2484502943298121 0.3601861790739348 1.8696017240945364 0.88215970151941281 0.73386237172235258
leaf_count=67 1983 347 11640 480 353 531 1570 3743 1379 4715 1280 419 140 953 17 43 45 1205 127 482 83 125 47 41
internal_value=0 -0.00292752 0.000236934 0.00227735 0.00373138 0.00572531 -0.000180459 0 0.00203116 -0.000648299 0 -0.00326753 -0.00453624 -0.000398407 -0.00675156 -0.00732312 -0.00282556 -0.00775504 0 0.00141716 0.00263899 0 -0.000290847 -0.000535716
internal_weight=274.247 16.2826 257.965 52.2307 39.8274 29.2997 205.734 190.213 54.2736 135.939 10.5276 15.5209 11.1905 12.4033 6.22154 5.75148 5.95892 5.60357 10.0611 6.29518 5.60864 6.4444 3.76593 2.88377
internal_count=31815 2459 29356 5750 4147 2514 23606 21477 5122 16355 1633 2129 1710 1603 1332 1265 998 1222 1127 692 565 605 435 388
is_linear=0
shrinkage=0.03


Tree=283
num_leaves=28
num_cat=0
split_feature=7 38 18 25 13 11 27 46 50 23 27 18 46 3 46 26 26 52 13 4 37 22 27 36 43 47 65
split_gain=0.243567 0.470359 0.476558 0.371879 0.364246 0.343519 0.410682 0.288018 0.312362 0.401171 0.216287 0.204866 0.180685 0.179717 0.16549 0.292824 0.128403 0.127293 0.0804098 0.105014 0.0801316 0.0623831 0.047594 0.0528235 0.0390357 0.000927119 0.00496814
threshold=-0.059489537030458443 0.00059991329908370983 0.031927578151226051 0.009625919163227083 0.053111907094717033 0.022928511723876003 0.012486826628446581 -0.0003991685807704925 -0.00074654072523117055 -0.024135313928127285 -0.012324240058660505 0.03728099167346955 -0.0072087831795215598 -0.052119925618171685 0.0048370063304901132 0.014274841174483301 0.012192729860544206 0.012350114993751051 -0.0072992825880646697 -0.047302853316068642 0.015703457407653335 -0.074424348771572099 -0.023053862154483792 0.0064243227243423471 -0.015666999854147431 -0.0029127411544322963 1.3795328736305239
decision_type=2 2 2 2 2 2 2 2 2 2 2 2 2 2 2 2 2 2 2 2 2 2 2 2 2 2 2
left_child=3 7 5 4 11 6 -3 8 9 -2 13 21 -7 -4 17 -16 -10 -9 19 -5 -21 -1 -20 -24 -12 -6 -27
right_child=1 2 10 18 25 12 -8 14 16 -11 24 -13 -14 -15 15 -17 -18 -19 22 20 -22 -23 23 -25 -26 26 -28
leaf_value=0 0 -0.0050986313788873236 0.0047108930505037989 0 0 -0.0029684470997826959 0 -0.003140476473615518 -0.00094255436106265966 0.0064125022387796562 0 0 0.0014683324662996108 0 0.0027645561349115893 -0.00093129826963691783 0.0024052150635197026 0 0 0.0048850344501055127 0 -0.0080489159283988962 -0.0031461470664025134 0 -0.0015323466700128924 0 0.00080858257482982964
leaf_weight=0.29401290237001276 4.7131269499223007 37.336808902520715 15.468477061273008 0.91949044758075604 0.75057571533761791 6.2305213325998947 12.242107391812167 14.824043769622223 16.413645244114381 25.789839381366619 1.6502388292865386 2.8297539693703575 24.525477960170974 2.0617059180440291 35.89474154254458 16.883681691169841 11.687635279948152 1.6895514024909051 2.481146480917233 4.9983134054491556 0.56281552760628972 11.826938202137173 4.1713132098375327 3.33954115839515 9.9620139925682398 1.3117359586758528 3.1151515949895838
leaf_count=33 503 6042 463 269 114 1075 2164 1825 2299 2629 69 465 2393 274 3595 1215 857 222 192 515 123 2501 581 190 891 199 117
internal_value=0 0.000363998 -0.000890354 -0.00212072 -0.00455687 -0.00222328 -0.00365965 0.00165655 0.00313196 0.00504893 0.00169285 -0.00652575 0 0.00360315 0 0.00108476 0 -0.00193982 0 0.00250367 0.00397029 -0.00777131 -0.000164183 -0.00185906 0 0 0.000297512
internal_weight=273.974 237.374 109.477 36.6008 20.1282 80.3349 49.5789 127.896 58.6042 30.503 29.1424 14.9507 30.756 17.5302 69.292 52.7784 28.1013 16.5136 16.4726 6.48062 5.56113 12.121 9.992 7.51085 11.6123 5.17746 4.42689
internal_count=31815 26516 13371 5299 3429 11674 8206 13145 6288 3132 1697 2999 3468 737 6857 4810 3156 2047 1870 907 638 2534 963 771 960 430 316
is_linear=0
shrinkage=0.03


Tree=284
num_leaves=28
num_cat=0
split_feature=34 51 10 10 27 10 55 28 28 13 30 59 62 14 2 30 28 57 35 45 17 17 24 57 23 9 53
split_gain=0.265897 0.393343 0.459317 0.268359 0.412718 0.389457 0.300896 0.630084 0.420466 0.264603 0.24243 0.228539 0.20884 0.1679 0.168811 0.13568 0.0945131 0.0959309 0.0709069 0.0737078 0.0495065 0.132584 0.0751299 0.0450184 0.0151582 0.00333295 0.000687418
threshold=-0.014342122711241244 0.0010763416066765787 -0.030828755348920819 0.039037602022290237 0.003881689161062241 0.03221299126744271 -0.0084042940288782102 0.0019801525631919508 -0.013218852225691078 -0.048709372058510773 -0.027913872152566906 -0.001783182844519615 -0.00027224607765674586 -0.086722351610660539 -0.14338077604770658 -0.033814821392297738 0.06038037687540055 0.011407166719436647 0.0039355922490358361 0.0036885736044496302 0.0027291532605886464 -0.059950403869152062 0.011662464588880541 -0.0055510764941573134 0.0033778026700019841 0.045382030308246619 -0.01461706170812249
decision_type=2 2 2 2 2 2 2 2 2 2 2 2 2 2 2 2 2 2 2 2 2 2 2 2 2 2 2
left_child=1 2 23 5 20 6 7 -2 -8 -4 -11 16 15 -6 -15 -7 17 -3 24 -20 21 -5 -22 26 -13 -25 -1
right_child=3 11 9 4 13 12 8 -9 -10 10 -12 18 -14 14 -16 -17 -18 -19 19 -21 22 -23 -24 25 -26 -27 -28
leaf_value=0 -0.0065030825387831807 -0.0063357046114600885 0 0 0 0 0.0024119440240157261 0 -0.00098778557547104639 0 0.0067104101800321584 -0.0012889183941382149 0 0 -0.0088391257900170255 0.0074014801726639554 0 0 0.0033297240041643248 0 0.0025008751810257092 -0.0033753810624713573 0 0.00048309525401714446 0 0 -0.002459754238159586
leaf_weight=0.4805897893093064 15.684465743666804 4.5884631926674073 2.2615609280765083 2.952320463955405 0.85209303235751477 0.20486919969698636 44.728511611032445 17.768868767585445 86.342437369658001 2.8956511337382862 25.965840328528429 3.2117981888113736 4.4703477044040465 0.60970767884646093 7.4973071000331393 6.3853788350170362 0.42145631369203318 1.0213409501666317 6.778567298264532 2.650062563483516 7.8577996924068412 8.2605937472653768 3.580296451527829 7.8530364913185604 5.0351631150460889 1.6879844084323847 1.7987809084079334
leaf_count=32 1888 986 430 229 79 35 4283 1684 11471 207 1908 486 504 216 1534 474 12 189 490 322 748 1682 282 610 618 115 301
internal_value=0 0.00158014 0.00330808 -0.000533553 -0.00287179 0 -0.000466334 -0.00282864 0 0.0050959 0.00589368 -0.000535879 0.00441915 -0.00694545 -0.00793122 0.00657859 -0.00439925 -0.00530466 0.000138733 0.00211025 0 -0.00139951 0.00088245 0 0 0 -0.00235923
internal_weight=273.845 66.6503 42.9434 207.195 31.6101 175.585 164.524 33.4533 131.071 31.1231 28.8615 23.7069 11.0606 8.95911 8.10701 6.59025 6.03126 5.6098 17.6756 9.42863 22.651 11.2129 11.4381 11.8204 8.24696 9.54102 2.27937
internal_count=31815 6706 3603 25109 4770 20339 19326 3572 15754 2545 2115 3103 1013 1829 1750 509 1187 1175 1916 812 2941 1911 1030 1058 1104 725 333
is_linear=0
shrinkage=0.03


Tree=285
num_leaves=31
num_cat=0
split_feature=8 28 51 62 8 48 12 21 43 57 4 3 38 30 24 19 41 0 11 27 48 45 34 37 61 1 56 1 60 21
split_gain=0.261177 0.456276 0.570215 0.445623 0.380805 0.454368 0.364437 0.455964 0.394596 0.256239 0.36224 0.34039 0.315322 0.284876 0.266907 0.219078 0.208259 0.135996 0.125938 0.16935 0.120788 0.0842148 0.0715268 0.0633798 0.0601901 0.019916 0.0960112 0.0167973 0.00277138 0.000953328
threshold=0.027186848223209385 -0.0036196621367707844 -0.0089656431227922422 0.00096701830625534068 -0.046116158366203301 -0.01726159360259771 0.036052264273166663 -0.024994015693664547 -0.001382607966661453 0.0020500551909208302 0.0013727559708058836 0.032987032085657127 -0.00011277943849563597 0.0021206499077379708 0.0089069567620754259 0.0014886483550071718 -0.016909740865230557 -0.32735112309455866 0.011293165385723116 0.0076305270195007333 -0.0054081841371953479 0.0044003962539136418 -0.0037606680998578663 -0.0065977429039776317 0.0066313380375504502 -0.095885545015335069 -0.019905790686607357 -0.12233775854110716 0.0033891005441546444 -0.044455364346504204
decision_type=2 2 2 2 2 2 2 2 2 2 2 2 2 2 2 2 2 2 2 2 2 2 2 2 2 2 2 2 2 2
left_child=1 9 18 6 20 -6 7 28 -9 11 14 12 -1 -12 -11 23 -17 -18 22 -20 -4 -13 -3 29 -25 27 -27 -8 -2 -5
right_child=3 2 4 15 5 -7 25 8 -10 10 13 21 -14 -15 -16 16 17 -19 19 -21 -22 -23 -24 24 -26 26 -28 -29 -30 -31
leaf_value=0.0049771490728236839 -0.00055237180141798424 0 -0.0025758557940538016 0 0 -0.0068969435971811379 0 0 0.0097189706030616756 -0.0004479797363839139 -0.0064094285417550766 -0.0031399374621756664 0 0 0.0042158970128880003 0 0 -0.0059680755409129132 0.0039912441683099134 0 0.00063038506960000373 0 -0.0023493174666979317 0.0026897055650754688 0 0 -0.0032619552908406176 0.0014766975642720749 0 -0.00030943550128153131
leaf_weight=27.709973637804069 3.1747593506679577 6.2359659547018982 9.9599459033743205 0.71474237820075348 8.6685866757106833 30.438776856010008 1.413034924757085 11.811031280818499 12.595963761070378 12.356083496018984 9.3558199075450847 5.0153676838690426 28.811327966384852 8.9648976366861444 9.4397709537079191 3.5208133994019617 0.35901516746889761 9.1135726202664884 12.440210298245804 4.0113244772619501 18.779932175424619 4.7008341324635694 6.6835809881868045 11.708400109069773 1.8264994336368534 1.3623861345695329 4.8055445888348896 1.9326639259816145 1.7011294199437541 3.9607530191533469
leaf_count=1758 555 553 1273 35 528 5639 260 1622 1717 1209 1381 1369 1898 819 599 355 83 2214 825 382 2118 779 800 1033 201 104 861 135 177 533
internal_value=0 -0.000545958 -0.00205833 0.00151828 -0.00358086 -0.00538032 0.00360313 0.00511395 0.0066666 0.000597441 -0.000777319 0.00184731 0.00292541 -0.00378082 0.000862126 -0.000384835 -0.00327396 -0.00512614 0.000595172 0.00241787 0 -0.00124881 -7.87071e-05 0.000645275 0.00189709 0 -0.00126688 0 0 0
internal_weight=273.573 203.572 97.2183 70.0003 67.8472 39.1074 38.7965 29.2829 24.407 106.354 40.1166 66.2375 56.5213 18.3207 21.7959 31.2038 12.9934 9.47259 29.3711 16.4515 28.7399 9.7162 12.9195 18.2104 13.5349 9.51363 6.16793 3.3457 4.87589 4.6755
internal_count=31815 21930 12118 9885 9558 6167 5431 4071 3339 9812 4008 5804 3656 2200 1808 4454 2652 2297 2560 1207 3391 2148 1353 1802 1234 1360 965 395 732 568
is_linear=0
shrinkage=0.03


Tree=286
num_leaves=31
num_cat=0
split_feature=8 62 13 50 7 10 55 22 1 8 9 36 11 52 1 16 55 46 56 50 48 53 21 8 6 26 49 69 17 37
split_gain=0.267252 0.454469 0.376145 0.36406 0.31999 0.297989 0.294077 0.410223 0.454543 0.317866 0.570222 0.367909 0.264885 0.218533 0.2508 0.169735 0.138985 0.124035 0.116035 0.175259 0.106927 0.0911268 0.0896282 0.0741247 0.0122359 0.0225823 0.021388 0.00427776 0.00018558 9.11671e-05
threshold=0.027186848223209385 0.00096701830625534068 -0.0060906037688255301 -0.011901445686817167 0.0023555979132652287 0.041290147230029113 -0.0084042940288782102 -0.019037814810872074 0.12826614826917651 0.013010926544666292 -0.046192878857254975 0.013671815395355226 0.064937762916088118 -0.007446013391017913 -0.20184952020645139 0.024860784411430362 0.0018403977155685427 -0.016000101342797276 -0.00052914023399353017 0.010654421523213388 0.0063332961872220048 -0.0057197653222829095 -0.0046900808811187735 0.14241408556699756 0.040605634450912483 0.014766877517104151 -0.021231902763247486 -0.77215152978897084 0.00033020414412021642 -0.015721269883215424
decision_type=2 2 2 2 2 2 2 2 2 2 2 2 2 2 2 2 2 2 2 2 2 2 2 2 2 2 2 2 2 2
left_child=5 2 3 29 15 6 7 22 -9 10 -8 -11 -5 24 -15 23 21 -16 19 -4 -20 -6 -1 -3 26 -26 -7 -18 -17 -2
right_child=1 4 18 12 16 13 9 8 -10 11 -12 -13 -14 14 17 28 27 -19 20 -21 -22 -23 -24 -25 25 -27 -28 -29 -30 -31
leaf_value=0.0028248052901605476 0 -0.0059392184261976367 0.0042769935162372116 0.009131181357177354 0 0 -0.0023363505849993832 -0.0066609511880734579 0 -0.0061007651859874903 0.0022803408808907966 0 0 0 0 0 0 -0.0071672034963561294 -0.002888107504513183 0 0 0.0042949810966432496 0 0 0.001697095371387212 0 -0.0014631618473295788 -0.00062304246097223106 0.00014897087964481717 -0.00011349620723237762
leaf_weight=5.8894075833959505 0.81577196193029555 8.6421868465076841 8.2187916508064518 12.807740114514671 3.2162921239832949 0.68677790784568049 20.536745915438587 17.199491456864056 8.8612157665993418 7.5442213645201246 105.75027505320941 3.7085870706687274 2.5362069343464091 4.0074235663632889 2.3691678667964906 2.1151053897447119 0.82154223510588043 11.855154116512489 8.9778081957701925 0.90019593763281669 3.2683230053626167 7.9607400852364671 4.5098763271635089 0.9059365485445604 4.9009421363934962 0.47607138608873345 5.3088581112897391 4.9179782573719413 2.5260984174674377 1.3696827305284411
leaf_count=340 39 1886 1081 1467 340 14 3399 1868 534 1577 9372 331 397 308 265 385 34 2228 1415 248 466 604 537 101 280 52 825 829 275 318
internal_value=0 0.00153587 0.00363567 0.00638586 -0.000398689 -0.000552198 0 -0.00226602 -0.0043058 0.000602714 0.00124068 -0.00289026 0.00782724 -0.0030965 -0.0047695 -0.00369326 0.00120804 -0.0062635 0 0.00244022 -0.00108646 0.00311601 0.000635895 -0.0053378 0 0.000888498 -0.000506461 0 0 0
internal_weight=273.605 70.0004 38.8945 17.5294 31.1059 203.604 174 36.46 26.0607 137.54 126.287 11.2528 15.3439 29.6044 18.2317 14.1893 16.9166 14.2243 21.3651 9.11899 12.2461 11.177 10.3993 9.54812 11.3726 5.37701 5.99564 5.73952 4.6412 2.18545
internal_count=31815 9885 5431 2221 4454 21930 17958 3279 2402 14679 12771 1908 1864 3972 2801 2647 1807 2493 3210 1329 1881 944 877 1987 1171 332 839 863 660 357
is_linear=0
shrinkage=0.03


Tree=287
num_leaves=31
num_cat=0
split_feature=8 28 44 45 62 58 50 36 11 59 48 62 7 48 36 62 16 4 53 8 37 44 45 7 8 37 38 45 66 17
split_gain=0.310947 0.467998 0.498785 0.77991 0.451648 0.46513 0.683489 0.463779 0.437557 0.324277 0.374067 0.503187 0.284135 0.25879 0.242161 0.183666 0.17093 0.155303 0.133486 0.120295 0.110922 0.0978044 0.0924052 0.0716555 0.0686793 0.0553566 0.0535302 0.0445877 0.00566816 0.000707053
threshold=0.027186848223209385 -0.0036196621367707844 0.0087058469653129595 -0.021123238839209076 0.00096701830625534068 0.0084639489650726336 0.005441823974251748 0.009215407073497774 0.041489884257316596 -0.003015993162989616 0.0051041375845670709 -0.0022281501442193981 0.0023555979132652287 0.0075018629431724557 0.0088837966322898882 -0.0020402353256940837 0.024860784411430362 0.00787513190880418 -0.0024651100393384691 -0.013683028519153593 -0.007005017949268221 0.0090428739786148089 0.0058237700723111638 -0.0093568265438079817 0.14241408556699756 -0.019526015035808083 -0.013429395854473112 -0.0053435028530657283 -1.2861226201057432 0.00033020414412021642
decision_type=2 2 2 2 2 2 2 2 2 2 2 2 2 2 2 2 2 2 2 2 2 2 2 2 2 2 2 2 2 2
left_child=1 9 3 15 5 6 7 -2 -5 13 11 -11 16 14 -1 -3 24 -12 22 -20 28 -22 -4 -15 -6 -7 -27 -8 -14 -18
right_child=4 2 18 8 12 25 27 -9 -10 10 17 -13 20 23 -16 -17 29 -19 19 -21 21 -23 -24 -25 -26 26 -28 -29 -30 -31
leaf_value=-0.0051192481864781149 0.0095303968454582503 0 -0.0026913920185471776 -0.0057364013867159686 -0.0057014319456481543 0 0 0 0 0 0.00013277748732843601 0.0052651725945206508 0 0 0 0.00616782887586384 0 -0.0033716758134618463 0.0034638665557550148 0 0.0037671788699446805 0 0 0.0024936971671791148 0 0 -0.003187994806446152 -0.0020052470301553183 -0.00081153919516451715 0.0002900179222629084
leaf_weight=14.070690826358261 17.687897639640148 0.95666235069074934 7.0489507995753247 51.763729593656535 8.6088857069680671 1.6298627927390041 2.8855503424492781 5.6927039733109259 14.660523403508703 17.366069014231471 12.185861206187839 32.981713388982826 0.78265398053918067 3.952759877043718 11.086727851052272 2.7937989624297179 2.1090460480518223 7.6490458727494106 14.18040323765854 2.6602617061325864 10.461987615813994 2.917827607576327 3.1530863661100739 7.0275229128328629 0.90343588280666232 1.632948481270432 4.6423388447947209 4.9798073289930462 2.7457818741077089 2.5656243446355802
leaf_count=1990 1999 179 838 7119 1886 124 423 820 1607 1489 1214 2508 19 445 768 322 385 893 1258 398 855 333 397 505 101 130 841 1094 600 275
internal_value=0 -0.000596514 -0.00212205 -0.00346652 0.00165318 0.00371564 0.00532601 0.00760936 -0.00454295 0.000561576 0.00188707 0.00329267 -0.000267456 -0.00119988 -0.00305703 0.00387205 -0.00343754 -0.00041742 0.000427062 0.00236218 0.00120056 0.00267386 -0.000520149 0.000802974 -0.00512089 0 -0.00210204 0 0 0
internal_weight=273.784 203.538 97.2174 70.1747 70.2464 39.1511 31.246 23.3806 66.4243 106.32 70.1827 50.3478 31.0952 36.1377 25.1574 3.75046 14.187 19.8349 27.0427 16.8407 16.9083 13.3798 10.202 10.9803 9.51232 7.90515 6.27529 7.86536 3.52844 4.67467
internal_count=31815 21930 12118 9227 9885 5431 4336 2819 8726 9812 6104 3997 4454 3708 2758 501 2647 2107 2891 1656 1807 1188 1235 950 1987 1095 971 1517 619 660
is_linear=0
shrinkage=0.03


Tree=288
num_leaves=24
num_cat=0
split_feature=58 58 53 53 9 37 10 13 44 32 69 62 63 37 53 11 48 27 62 67 17 37 14
split_gain=0.228677 0.386676 0.470869 0.515766 0.452599 0.440615 0.408147 0.382668 0.248471 0.215243 0.220138 0.172885 0.261272 0.279391 0.223033 0.205646 0.194658 0.164788 0.141068 0.139398 0.133856 0.0594255 0.0138622
threshold=-0.0005250088870525359 0.015477634966373445 -0.0021044753957539792 0.0016907234676182272 0.00078983604907989513 0.0035263267345726494 0.038040528073906905 -0.027821017429232594 -0.013563942164182661 0.029229149222373966 1.2784855365753176 0.0090964920818805712 -0.00016155280172824857 0.0012922352179884913 0.0013414602726697924 0.02258214354515076 -0.012673832476139067 0.014868583530187609 -0.01689907535910606 1.0402926206588747 -0.050751313567161553 0.035173445940017707 -0.0052131302654743186
decision_type=2 2 2 2 2 2 2 2 2 2 2 2 2 2 2 2 2 2 2 2 2 2 2
left_child=7 2 4 20 8 -5 -6 9 -2 10 19 12 13 -9 22 -14 -16 18 -3 -1 -4 -20 -13
right_child=1 17 3 5 6 -7 -8 11 -10 -11 -12 14 15 -15 16 -17 -18 -19 21 -21 -22 -23 -24
leaf_value=-0.0065237786250002998 0.0038168117713992191 0 0 -0.00037969646490291885 0.0063808066750840444 0.0038885054321782836 0 0.0027084982902061761 -0.0021470977094686489 0 0 0 -0.0040420289493392119 -0.0015129198132757548 0 0 0.0060903568217865805 0 -0.0061027610072127043 0 -0.0045130238198619324 0 -0.0012249954836894667
leaf_weight=17.894789552132362 4.1058655931992716 2.3008597097650645 0.90649308034699316 31.239127766404636 31.831429237992779 28.558701101501356 4.65299579870043 24.10432582883368 14.732827206627915 2.5822796877728242 2.8644612712960216 7.5523838707267714 22.789406586281984 14.99593337216538 2.6106063968654771 14.648899272833658 8.2074128572203318 5.6520778733574835 7.5860767288977513 1.6562551611641527 18.005692031809303 0.60477687363163557 3.3138891654871276
leaf_count=3288 501 115 103 3679 2681 2163 708 2226 2499 251 134 422 3318 2253 187 1639 509 513 1426 703 2038 48 411
internal_value=0 0.000774641 0.00147169 0 0.00346657 0.00133852 0.0052243 -0.000937496 0 -0.00390354 -0.00487225 0 -0.000714471 0.00042124 0.00206669 -0.00251739 0.00446041 -0.00257318 -0.00431398 -0.00588034 -0.00381539 -0.00561085 0
internal_weight=273.398 150.177 134.033 78.71 55.3231 59.7978 36.4844 123.221 18.8387 24.9978 22.4155 98.2229 76.5386 39.1003 21.6843 37.4383 10.818 16.1438 10.4917 19.551 18.9122 8.19085 10.8663
internal_count=31815 16474 14372 7983 6389 5842 3389 15341 3000 4376 4125 10965 9436 4479 1529 4957 696 2102 1589 3991 2141 1474 833
is_linear=0
shrinkage=0.03


Tree=289
num_leaves=27
num_cat=0
split_feature=7 36 30 30 8 20 8 37 42 69 45 37 31 51 50 3 47 10 16 41 49 45 10 25 4 52
split_gain=0.195362 0.40958 0.299406 0.651302 0.53377 0.481299 0.382443 0.376555 0.464318 0.380771 0.323637 0.284653 0.330958 0.315589 0.232991 0.200588 0.100676 0.139298 0.0901934 0.0840622 0.0714582 0.0417227 0.0113865 0.00767024 0.00246665 0.0168367
threshold=-0.059489537030458443 0.0061590224504470834 0.0052826302126050004 -0.0023647765628993507 -0.020150236785411831 0.017523664981126789 -0.033998966217041009 -0.015040643047541378 0.011077919974923136 -0.32697995007038111 -0.0064125249627977601 -0.02089919243007898 -0.022792533971369263 -0.021425913088023659 -0.013278026133775709 -0.036608541384339326 0.0064032347872853288 0.036647710949182517 0.079873651266098036 0.022946629673242572 0.014952804893255235 0.0015535145066678526 -0.028006047010421749 0.003516066819429398 -0.048690976575016968 0.011945965699851515
decision_type=2 2 2 2 2 2 2 2 2 2 2 2 2 2 2 2 2 2 2 2 2 2 2 2 2 2
left_child=1 11 3 4 5 -2 21 15 9 -9 -6 24 23 -14 -8 22 17 19 -10 -3 -17 -5 -4 -13 -1 -26
right_child=2 16 7 6 10 -7 14 8 18 -11 -12 12 13 -15 -16 20 -18 -19 -20 -21 -22 -23 -24 -25 25 -27
leaf_value=0 -0.0035871215076030919 0.0052031585238767773 0 0.0010287604890135687 0.0050145071232967171 0.0010140829906023969 0 0 -0.0031363572586657514 0.005114735465198173 0.00011837162283278622 0 0 -0.0086883805623099823 -0.0071390212817476614 -0.0052104983800985759 0 0 0 0 0 -0.0014772881344591881 0.0010805987740168731 0.00094205260835797671 0.0015758239377404502 0
leaf_weight=0.58565215644921442 33.25745622197428 6.020188890555799 2.1328595176855742 9.3952255889598728 23.665923376072897 25.674182586413735 1.5902935762569566 9.4889845003071951 5.3664360245693379 46.227401676502268 46.505205055647821 1.2403602295198677 3.3116457312789924 12.884372681346571 16.777604173559666 4.8803845670954598 5.5688060052889341 1.4281979689840225 1.0156867828954999 0.33293017611140374 1.6376505694570367 5.2251793438917948 3.7761465698058601 2.7785957803644123 1.9961773288596334 0.32485873899713613
leaf_count=80 2973 776 160 777 2010 1418 220 2119 1214 5252 5247 263 136 2563 2794 1027 559 334 90 72 214 593 408 283 163 70
internal_value=0 -0.00190225 0.000326508 -0.00024909 0.000549685 -0.00119077 -0.00382578 0.0018926 0.00299121 0.00405313 0.00239244 -0.00426682 -0.00551947 -0.0070918 -0.00620675 -0.00115885 0.000604919 0.00275944 -0.00135175 0.00442889 -0.0042078 0 0 0 0 0.000550667
internal_weight=273.088 36.4718 236.617 162.091 129.103 58.9316 32.9883 74.5256 62.0985 55.7164 70.1711 23.1217 20.215 16.196 18.3679 12.427 13.3501 7.78132 6.38212 6.35312 6.51804 14.6204 5.90901 4.01896 2.90669 2.32104
internal_count=31815 5299 26516 16032 11648 4391 4384 10484 8675 7371 7257 3558 3245 2699 3014 1809 1741 1182 1304 848 1241 1370 568 546 313 233
is_linear=0
shrinkage=0.03


Tree=290
num_leaves=30
num_cat=0
split_feature=12 12 30 56 58 62 21 41 58 35 35 57 25 29 22 9 8 56 58 17 62 45 42 8 51 8 10 18 67
split_gain=0.189519 0.515476 0.545353 0.52888 0.45572 0.46206 0.528393 0.410141 0.335137 0.268376 0.442844 0.268223 0.308124 0.266366 0.226499 0.216764 0.198675 0.241767 0.241412 0.184366 0.114068 0.076001 0.0526564 0.0948571 0.0518331 0.0354737 0.0171244 0.0120471 0.00635992
threshold=-0.028573557734489437 0.039102297276258476 -0.0091709503903985006 1.0000000180025095e-35 0.00014565885066986087 0.0011514127254486086 -0.036134213209152215 0.0093575492501258867 -0.010974153876304625 -0.0028215609490871425 0.0084894169121980684 0.001257847994565964 -0.00080768018960952748 -0.019668821245431897 0.0079918927513062971 0.10790957510471345 -0.045319646596908562 0.0052584577351808557 -0.0010813474655151365 0.025840915739536289 0.00026076845824718481 -0.010511939879506825 -0.011006158776581286 -0.046116158366203301 -0.0043783327564597121 0.12550949305295947 -0.020828340202569958 0.039021447300910957 -1.3522985577583311
decision_type=2 2 2 2 2 2 2 2 2 2 2 2 2 2 2 2 2 2 2 2 2 2 2 2 2 2 2 2 2
left_child=7 4 11 21 8 6 -6 9 19 22 15 12 -3 -5 -10 -11 27 -18 -19 -2 -13 -4 25 -24 -7 -1 -12 28 -9
right_child=1 2 3 13 5 24 -8 16 14 10 26 20 -14 -15 -16 -17 17 18 -20 -21 -22 -23 23 -25 -26 -27 -28 -29 -30
leaf_value=-0.002785665646195078 0.0042354141184598928 0.0055247894755369141 0.0020413911204999568 0 -0.001033076792099651 0.0014579134026485915 0.0060272935188573559 0 -0.0033443588868997853 -0.0088346067476261902 0 -0.003461338017888534 0 -0.0078446469043665871 0 0 0 0 0.0080441091248012603 0 0 -0.0010379978279910346 0.0025217530721990465 0 -0.00081583583018272942 0 -0.00092497461026439561 0 -0.0014738870617716747
leaf_weight=4.1009220200576264 13.076307121202264 13.024134394941941 6.4116180506134723 6.2631273272127173 1.9128816288612132 9.9612842316837504 41.390079906404935 0.20564471263060147 26.036547518517182 11.374509667517488 5.0046326955307494 4.2104542543856942 5.2832591672777225 15.917311388097003 12.186203478977403 1.7796889959427051 8.4438565167365578 0.67647281250174263 5.2453904895446604 3.4543431735837649 9.1309950931754411 14.347243973585135 9.7920089335020783 8.8859214509156992 17.310145032453875 0.5219991336489328 13.013479710938551 0.95545903772290319 2.8923624754716029
leaf_count=634 1357 634 388 391 365 1109 3765 68 4291 2081 743 604 584 2088 1838 57 1336 266 285 337 578 1668 600 1482 2426 33 1462 40 305
internal_value=0 0.000478808 -0.00122695 -0.00345272 0.0017323 0.00325608 0.00501967 -0.00125963 0 -0.00272877 -0.00434974 0.00103333 0.00342146 -0.00620793 -0.00182073 -0.00772352 0.00145921 0.00343195 0.00638801 0.00271183 -0.000647439 0 0 0.00060597 0 -0.00200531 0 -0.000252811 -0.00118758
internal_weight=272.808 199.916 74.5881 42.9393 125.328 70.5744 43.303 72.8923 54.7534 54.4732 31.1723 31.6488 18.3074 22.1804 38.2228 13.1542 18.4192 14.3657 5.92186 16.5307 13.3414 20.7589 23.3009 18.6779 27.2714 4.62292 18.0181 4.05347 3.09801
internal_count=31815 22423 6935 4535 15488 7665 4130 9392 7823 7092 4343 2400 1218 2479 6129 2138 2300 1887 551 1694 1182 2056 2749 2082 3535 667 2205 413 373
is_linear=0
shrinkage=0.03


Tree=291
num_leaves=26
num_cat=0
split_feature=46 12 12 24 54 7 67 49 36 38 33 54 24 67 52 26 42 18 32 34 13 7 31 38 18
split_gain=0.31929 0.407476 0.377523 0.364895 0.340004 0.301185 0.371865 0.472929 0.280427 0.285677 0.249267 0.342032 0.319505 0.179999 0.158155 0.0466334 0.0643893 0.0354924 0.0538927 0.0185967 0.0169009 0.0128135 0.00359405 0.000202987 0.007849
threshold=-0.016319079324603077 -0.031389566138386719 0.040669512003660209 -0.012437194585800169 0.018907552585005764 -0.05666848644614219 0.5255594551563264 -0.020626164972782132 0.0062757432460784921 0.0078875795006752032 -0.016286954283714291 -0.009212516248226164 -0.053748033940792077 1.1323578953742983 -0.0077071804553270331 -0.012392591685056685 -0.026533443480730053 0.0062876045703887948 -0.0012079998850822447 -0.0015989278908818958 -0.068887140601873384 -0.077208869159221635 -0.0074558276683092109 -0.00058739632368087758 0.050630137324333198
decision_type=2 2 2 2 2 2 2 2 2 2 2 2 2 2 2 2 2 2 2 2 2 2 2 2 2
left_child=2 10 3 23 13 8 7 -7 9 -3 17 19 -13 -5 -8 -4 -17 18 -2 -12 -18 -10 -19 -1 -25
right_child=1 5 15 4 -6 6 14 -9 21 -11 11 12 -14 -15 -16 16 20 22 -20 -21 -22 -23 -24 24 -26
leaf_value=0 0 -0.0062509573079035175 0 0.0082238264153125101 0 -0.0029709173856256321 0 0.0022288973714672628 0.0009778612110954649 0 0.0011104855294705128 0 -0.0057166999287945712 0 -0.0031138976941614536 0 0 0 0.0028939951933251687 -0.00029663314312477351 -0.0036391485115016987 0 -0.00069739158644266277 -0.00093126999828601394 0
leaf_weight=3.8777987106623186 2.3036923694635334 12.393024267124934 2.5304217694974795 15.4489120777107 0.99679278585972575 8.9475981592768203 5.5490406842818656 124.36431288792301 7.060261781909503 3.6770234416217127 7.8967074365591543 1.5713996855993162 32.327833292492869 0.44023488774655639 20.010566342203674 0.91424308305431612 0.41350489243632171 1.4523232594146978 4.6053187041197798 4.4676204810530162 3.8748854818259124 2.1227856862606114 1.6507886593062719 3.3559202055203086 0.71564276152639639
leaf_count=369 262 1803 247 1222 90 683 1216 11256 767 606 539 143 5059 174 3961 53 19 161 448 737 473 448 382 633 64
internal_value=0 -0.000394293 0.00257556 0.00443402 0.00646583 0.000157738 0.000802912 0.00156821 -0.0023714 -0.00447804 -0.00255553 -0.00349033 -0.00489573 0.00764531 -0.0018105 -0.000434371 -0.00208546 0 0.00163776 0 -0.00331907 0 0 0 -0.00014191
internal_weight=272.969 240.4 32.5684 24.8353 16.8859 184.125 158.872 133.312 25.2531 16.07 56.2757 46.2636 33.8992 15.8891 25.5596 7.73306 5.20263 10.0121 6.90901 12.3643 4.28839 9.18305 3.10311 7.94936 4.07156
internal_count=31815 28471 3344 2552 1486 20740 17116 11939 3624 2409 7731 6478 5202 1396 5177 792 545 1253 710 1276 492 1215 543 1066 697
is_linear=0
shrinkage=0.03


Tree=292
num_leaves=25
num_cat=0
split_feature=47 52 54 58 58 16 23 28 24 16 51 12 46 18 22 57 31 23 46 24 34 43 16 54
split_gain=0.301891 0.32092 0.238312 0.425847 0.730328 0.64591 0.339299 0.306984 0.41651 0.185219 0.167623 0.197839 0.166434 0.237898 0.152322 0.120304 0.102081 0.0883866 0.0862735 0.0703101 0.0108073 0.0346023 0.0222732 0.000707591
threshold=-0.017855750396847721 -0.0051659829914569846 -0.0041356161236762992 -0.0005250088870525359 0.0063583776354789743 -0.028948962688446041 -0.0054071694612503043 -0.011345359496772288 0.0026600249111652379 -0.063335657119750963 0.0041443305090069779 0.04614053666591645 -0.0058770887553691855 0.028977334499359134 0.0065677159000188121 0.015689086169004444 0.038767486810684211 -0.021387979388236996 -0.001417730003595352 0.045803949236869819 0.0029561500996351246 0.0070155572611838588 -0.065226875245571123 -0.018068108707666394
decision_type=2 2 2 2 2 2 2 2 2 2 2 2 2 2 2 2 2 2 2 2 2 2 2 2
left_child=1 20 7 12 5 -5 -6 10 17 -10 18 -12 13 -4 -14 16 19 -9 -2 -3 21 22 -1 -22
right_child=2 15 3 4 6 -7 -8 8 9 -11 11 -13 14 -15 -16 -17 -18 -19 -20 -21 23 -23 -24 -25
leaf_value=0 -0.0024486445354616258 -0.0085900582134183206 -0.0039891250459774905 -0.00029625658191335811 -0.0033747982462054961 0.0061364327315760253 0.0013963903101718534 0.0017272948750977628 0 -0.0062365966563894659 0.0041804433120261513 0 -0.00066172679692910795 0 0.0022731274707257364 0 0 -0.0011818709298145888 0 0 0 0 0.0025755846938503402 -0.00031195648883886875
leaf_weight=0.53871349993278261 8.0209203352897038 5.8999757520705298 18.655368370042201 7.4877351969662405 15.925845750469305 42.520233148396073 29.380714674602132 10.275047016781174 1.2227759655343131 17.014154169373796 14.560620876352916 2.8206235918623852 22.276698591014792 5.4627347526475196 19.455104582117201 1.0818826097493 0.33912856778988487 19.322457380190826 22.76058612392444 0.63163960681413289 0.68899698904715512 0.53775016652070906 4.1826865537659614 1.5438985110777137
leaf_count=58 803 1217 2612 1169 2003 4470 2629 838 197 3490 1043 296 3227 532 2291 245 60 2674 1211 79 27 73 256 315
internal_value=0 -0.00351115 0.000273817 0.00104766 0.00234556 0.00468851 0 -0.000715855 -0.00244052 -0.00544744 0.000501176 0.0027052 -0.000440507 -0.00236106 0.000161343 -0.00646203 -0.00739491 0 -0.000109047 -0.00801623 0 0.000973699 0.00205036 0
internal_weight=272.606 15.4447 257.162 161.164 95.3145 50.008 45.3066 95.9972 47.8344 18.2369 48.1628 17.3812 65.8499 24.1181 41.7318 7.95263 6.87074 29.5975 30.7815 6.53162 7.49205 5.25915 4.7214 2.2329
internal_count=31815 2330 29485 18933 10271 5639 4632 10552 7199 3687 3353 1339 8662 3144 5518 1601 1356 3512 2014 1296 729 387 314 342
is_linear=0
shrinkage=0.03


Tree=293
num_leaves=25
num_cat=0
split_feature=47 39 43 45 47 19 19 27 39 3 42 62 66 23 10 49 41 28 53 32 63 0 0 44
split_gain=0.332539 0.503248 0.248908 0.545595 0.322657 0.424825 0.325645 0.31695 0.305833 0.267921 0.255532 0.199086 0.170262 0.107124 0.0831793 0.108581 0.0855908 0.0764408 0.0632482 0.0176422 0.0485192 0.0406579 0.00842518 0.00300729
threshold=-0.017855750396847721 1.0000000180025095e-35 -0.015988349914550778 -0.0094493930228054506 -0.0073113534599542609 0.009640499949455263 0.043377324938774116 0.0056185573339462289 0.017182167619466785 -0.046476375311613076 0.0038620051927864556 0.005124300718307496 -0.16400804370641706 -0.046507120132446282 0.0095040649175643938 -0.0050474256277084342 -0.00064093619585037221 0.072770237922668471 0.020318250171840194 0.00192777905613184 -0.0089127141982316953 -0.17832523584365842 0.26745212078094488 0.051472850143909461
decision_type=2 2 2 2 2 2 2 2 2 2 2 2 2 2 2 2 2 2 2 2 2 2 2 2
left_child=1 13 3 9 5 8 7 -6 -4 -2 -8 -11 -7 -1 15 -5 -16 18 -15 20 -3 -22 23 -21
right_child=2 19 4 14 6 12 10 -9 -10 11 -12 -13 -14 17 16 -17 -18 -19 -20 22 21 -23 -24 -25
leaf_value=0 0 0 0.0048671580835479237 0 -2.8074971560240197e-05 0.00039158536847512857 0.004499576810405229 -0.0031648647488119988 0 0.0097294558395365788 0 0 -0.0033543009730325787 -0.0099674740014215335 0 -0.0037803149615320908 0.0028299437932612446 0 0 -0.0012330249891711151 0 0.0029045138611132823 0 0
leaf_weight=0.46996734390268002 5.0019949448396792 0.7033713494602124 30.89888969171443 4.194205629924908 106.15574771807042 4.7285039434136715 11.873717725091412 50.180444146924856 2.4192288427730082 7.2240202517768903 8.1033925425199396 2.3857035869186802 9.5050704915611242 4.5877053716667433 2.3296165526116965 6.5896417301119099 5.4876227955155619 0.10295991416933237 0.2162426320646772 2.2133654570152439 0.45534098293137493 6.3154904398506897 0.29822003778099304 0.22258562306524243
leaf_count=62 372 77 3046 502 11764 619 903 7694 275 396 772 200 1353 1042 341 772 476 15 66 347 199 461 48 13
internal_value=0 -0.00367151 0.000288384 0.00253628 0 0.00197161 -0.000689145 -0.00128774 0.00387431 0.00612959 0.00211426 0.00818169 -0.000771819 -0.00838978 0 -0.00207413 0.000736861 -0.00913561 -0.00955788 0 0.00110388 0.00223632 -0.000295996 -0.00105397
internal_weight=272.663 15.5852 257.078 33.2128 223.865 47.5517 176.313 156.336 33.3181 14.6117 19.9771 9.60972 14.2336 5.37688 18.6011 10.7838 7.81724 4.90691 4.80395 10.2084 7.4742 6.77083 2.73417 2.43595
internal_count=31815 2330 29485 3059 26426 5293 21133 19458 3321 968 1675 596 1972 1185 2091 1274 817 1123 1108 1145 737 660 408 360
is_linear=0
shrinkage=0.03


Tree=294
num_leaves=26
num_cat=0
split_feature=34 51 10 32 17 2 2 40 11 59 54 63 13 12 30 29 2 31 21 61 57 6 12 43 34
split_gain=0.206069 0.362618 0.336525 0.252701 0.242861 0.300099 0.406767 0.376913 0.303265 0.230295 0.213839 0.204889 0.196987 0.17954 0.170006 0.152581 0.138524 0.131869 0.0580031 0.0693731 0.0282885 0.00619028 0.00992845 0.00402635 0.00156351
threshold=-0.014342122711241244 0.0010763416066765787 -0.030828755348920819 -0.0017532845959067342 -0.052127540111541741 0.30332534015178686 0.10475266724824907 0.00035008694976568227 -0.021776195615530011 0.0026696603745222096 -0.0086748227477073652 0.0011774487793445589 0.054098628461360938 0.033375928178429611 0.0076417410746216783 -0.021661158651113507 -0.12185604870319365 -0.030247841030359265 -0.024438343942165371 0.014123372267931701 -0.0055510764941573134 -0.034610047936439507 -0.059587553143501275 -0.00043489364907145495 -0.024996934458613392
decision_type=2 2 2 2 2 2 2 2 2 2 2 2 2 2 2 2 2 2 2 2 2 2 2 2 2
left_child=1 2 20 23 11 6 8 -8 -6 12 -5 13 16 15 -7 -2 -3 -16 -11 -20 -1 -13 -23 -4 -22
right_child=4 9 3 10 5 14 7 -9 -10 18 -12 21 -14 -15 17 -17 -18 -19 19 -21 24 22 -24 -25 -26
leaf_value=-0.0018776092003516571 0 0 -1.7455209677974146e-05 0 -0.0023853465372328034 0 0 -0.0065291132446465274 0.0003928310372039101 0 0.0076927227037676092 0 0 0 0 0.0072160466948382254 -0.0065654068377280789 0.0060231864314397691 0.0027960578307315723 0 0 0 -0.001466401951974156 0.00059348776592405635 0.00032786391086080986
leaf_weight=2.221742530771734 1.0677262150566083 1.0634008247616282 4.9240987834964471 5.6612051844022089 42.147618280538154 4.4800378686268214 20.788942410930758 18.795419151349051 100.03495048542391 2.113367071026004 14.893069789408399 2.5893146614689613 2.3777909306645588 0.81866136000462564 0.42739992540009542 6.4015282439795547 6.9380297515399461 5.3684745416539954 10.327786767331414 0.92885918380488952 1.2983317756861641 1.0869418475740533 1.7463238904128946 5.2794050472293765 8.0905227592484135
leaf_count=333 73 220 723 195 6501 341 1799 1674 13259 202 1024 214 260 201 79 373 1363 280 944 114 204 52 263 603 521
internal_value=0 0.00139637 0.00309749 0.00460216 -0.000471198 -0.000886876 -0.00131019 -0.00389146 -0.000279941 -0.000605811 0.00620779 0.0024289 -0.00371825 0.00471003 0.0026151 0.00604976 -0.00547631 0.00488357 0.000531693 0.00187899 0 0 -0.000843344 0 0
internal_weight=271.871 66.1176 42.3684 30.7578 205.753 192.043 181.767 39.5844 142.183 23.7492 20.5543 13.7105 10.3792 8.28792 10.2759 7.46925 8.00143 5.79587 13.37 11.2566 11.6106 5.42258 2.83327 10.2035 9.38885
internal_count=31815 6706 3603 2545 25109 23933 23233 3473 19760 3103 1219 1176 1843 647 700 446 1583 359 1260 1058 1058 529 315 1326 725
is_linear=0
shrinkage=0.03


Tree=295
num_leaves=25
num_cat=0
split_feature=46 12 24 54 12 41 67 67 24 59 6 27 27 63 9 50 32 8 26 68 44 54 8 38
split_gain=0.234642 0.319665 0.315685 0.300551 0.295129 0.330712 0.303326 0.328817 0.39972 0.316177 0.268205 0.309419 0.226971 0.189544 0.179731 0.085909 0.0899628 0.0488967 0.036321 0.0420142 0.0333581 0.0259378 0.00443674 0.000262141
threshold=-0.016319079324603077 0.040669512003660209 -0.012437194585800169 0.018907552585005764 -0.031389566138386719 0.0089733898639678972 -0.67793738842010487 0.5255594551563264 -0.0010471530258655546 0.011896226555109026 -0.12459480762481688 0.019299291074275974 -0.0053385309875011435 -0.019149804487824437 0.079600200057029738 0.0028902702033519749 -0.0032525835558772083 0.02870023995637894 0.040775392204523093 1.4658454656600954 0.011633262038230898 -0.013516105711460112 -0.029596231877803799 0.0042113810777664193
decision_type=2 2 2 2 2 2 2 2 2 2 2 2 2 2 2 2 2 2 2 2 2 2 2 2
left_child=1 2 22 13 5 10 9 8 -8 14 -2 -12 -9 -4 -6 16 -7 18 19 -3 -11 -17 23 -1
right_child=4 17 3 -5 6 15 7 12 -10 20 11 -13 -14 -15 -16 21 -18 -19 -20 -21 -22 -23 -24 -25
leaf_value=0.00016522632166599691 0 -0.0036802470877265966 0 0 -0.0056251264070500233 0 0.0032153414687319157 0 0 0.0017130976521597249 -0.0057827592417884618 0 -0.0036885943579913487 0.0077196372732255773 0 0 0.003447711680681718 0 0 0 0 -0.0016323104305598208 -0.00069067914161863178 0
leaf_weight=3.6421007197259314 6.4693727116646178 3.6129235618500379 0.73542554817686578 0.98105784286599451 14.979830594284072 1.7151978863221291 58.865235213248525 11.07794875482614 74.716137834950132 5.2300778137578154 28.157990415929817 6.4789128718966813 16.2426619703092 15.034077883399728 1.1928935622563575 0.7956381133335525 8.2790238878624205 2.7608994760084897 0.63955590690602537 0.68031614320352662 0.93455671951960528 3.9749284244589935 3.3705485846057881 0.92533827101942723
leaf_count=251 544 487 61 90 2663 428 4991 2290 7099 322 4454 795 3206 1335 66 50 840 208 42 55 103 620 641 174
internal_value=0 0.00221335 0.00397325 0.00588308 -0.000338945 -0.0021881 0.00010865 0.000733792 0.00147259 -0.00260762 -0.00357404 -0.00457696 -0.00161929 0.0070192 -0.00471374 8.06246e-05 0.00226432 -0.000411228 -0.00215559 -0.00291271 0 -0.000241354 0 0
internal_weight=271.493 32.3822 24.6885 16.7506 239.11 55.8711 183.239 160.902 133.581 22.3374 41.1063 34.6369 27.3206 15.7695 16.1727 14.7648 9.99422 7.6937 4.9328 4.29324 6.16463 4.77057 7.93799 4.56744
internal_count=31815 3344 2552 1486 28471 7731 20740 17586 12090 3154 5793 5249 5496 1396 2729 1938 1268 792 584 542 425 670 1066 425
is_linear=0
shrinkage=0.03


Tree=296
num_leaves=21
num_cat=0
split_feature=58 58 2 8 22 25 28 14 13 22 2 22 29 2 13 2 51 54 37 9
split_gain=0.238561 0.316324 0.503383 0.525896 0.409944 0.407655 0.391953 0.470846 0.297821 0.346389 0.304776 0.634165 0.353436 0.255779 0.207051 0.144654 0.129721 0.0711935 0.0661625 0.00825369
threshold=0.015477634966373445 -0.0005250088870525359 -0.03455738723278045 -0.018758550286293026 0.031560426577925689 -0.0033153519034385677 -0.013073498848825691 -0.0031893216073513027 -0.027821017429232594 -0.030146460980176922 0.0060271471738815316 0.007408618927001954 0.0038513895124197011 0.24889405071735385 0.063565444201231017 -0.10335257649421691 -0.025556970387697216 -0.036415096372365945 0.030904669314622882 -0.10102668404579161
decision_type=2 2 2 2 2 2 2 2 2 2 2 2 2 2 2 2 2 2 2 2
left_child=1 8 6 5 -5 -4 14 -8 9 19 11 -10 -12 16 -3 -11 -2 -18 -19 -1
right_child=13 2 3 4 -6 -7 7 -9 10 15 12 -13 -14 -15 -16 -17 17 18 -20 -21
leaf_value=0 0 0.003836920545988904 -0.0033562759566205685 0.0060711819092702426 0 0.0022696100134032117 -0.0059240161742774551 0 -0.00010400955982029536 0 0 0.0064611051592129813 -0.0039766244699296592 0 0 -0.0062009334578670321 0 -0.0067064708729370603 0 0.00088102508557240324
leaf_weight=0.54471026413375501 1.3055769634011092 13.720642234213299 13.704664816734292 36.166132093705528 8.3362696943750034 25.321373392420355 15.130415377476309 18.711400657664853 19.54533458566948 4.5146927557543739 44.573121132723827 13.330245769227984 20.146901493335463 3.3554845788166849 1.5658611740400363 15.017529742315668 0.12946732075943224 9.8741354076555563 1.6660837210220041 4.570047307945063
leaf_count=89 100 1387 1604 3998 563 1649 2480 2451 3602 1070 2835 2144 2384 269 240 2614 17 1643 73 603
internal_value=0 0.000250317 0.00132384 0.00276148 0.00481653 0 -0.00059552 -0.0026978 -0.00068513 -0.00332501 0 0.00226744 -0.0010683 -0.00304993 0.00209759 -0.00510573 -0.00488314 -0.00571981 -0.00607011 0
internal_weight=271.23 254.899 132.657 83.5284 44.5024 39.026 49.1283 33.8418 122.243 24.647 97.5956 32.8756 64.72 16.3307 15.2865 19.5322 12.9753 11.6697 11.5402 5.11476
internal_count=31815 29713 14372 7814 4561 3253 6558 4931 15341 4376 10965 5746 5219 2102 1627 3684 1833 1733 1716 692
is_linear=0
shrinkage=0.03


Tree=297
num_leaves=25
num_cat=0
split_feature=34 35 24 17 54 17 24 39 38 7 22 34 17 35 30 63 50 24 7 8 62 50 54 42
split_gain=0.200424 0.361616 0.249554 0.471598 0.36507 0.274334 0.316704 0.365762 0.267309 0.217334 0.217016 0.211438 0.202648 0.214636 0.190735 0.185988 0.173975 0.151877 0.143803 0.124472 0.0883774 0.064226 0.0507013 0.0142932
threshold=-0.014342122711241244 0.016434503719210628 -0.019151993095874783 0.025242722593247894 -0.028025437146425244 -0.052127540111541741 -0.001915737986564636 -0.0041378214955329886 0.0011196359992027285 0.058524616062641151 -0.014524434693157671 -0.017515256069600579 0.060910504311323173 0.0075156353414058694 -0.0099241733551025373 0.0011774487793445589 0.021608103998005394 -0.048083849251270287 -0.049031239002943032 0.11469153314828874 -0.00566219538450241 0.0032828412950038914 0.0061848368495702752 0.014819683507084848
decision_type=2 2 2 2 2 2 2 2 2 2 2 2 2 2 2 2 2 2 2 2 2 2 2 2
left_child=1 9 3 4 -2 15 8 -8 -7 10 21 -12 13 -5 -3 18 -6 -16 -4 -19 -11 -1 -22 -14
right_child=2 14 5 12 16 6 7 -9 -10 20 11 -13 23 -15 17 -17 -18 19 -20 -21 22 -23 -24 -25
leaf_value=0.0020273334144942094 0 0 0 0.0057607929263068852 -0.0069210107175445507 0.0029933420154276569 -0.0036524124939007669 0 -0.000355556098778442 0 -0.0047759433338201342 0 -0.0016965006544311621 0 0 0 0 0.008034418212427414 0.0066571481188386116 0 0.0039572758310455723 0 0 0
leaf_weight=9.6392473008545476 2.0105900399976262 3.284770356352964 0.60216569525800867 6.0581296960044693 19.583262089838176 31.214677881387615 36.047851093124336 72.61858549266617 19.565714011716409 2.3098748005177212 14.141999492241665 9.5619485519309837 3.2465390326033234 1.039826932170399 0.56794105564040265 4.5137267033969692 0.89584772242960653 8.640868327209315 6.8087123137811414 0.35507420008070845 12.074910121373248 3.8725255791578084 1.67282922108643 0.59439210719574465
leaf_count=646 112 301 132 658 3496 3044 4970 8489 2734 244 2536 907 367 161 108 378 128 517 386 59 680 604 104 54
internal_value=0 0.00137627 -0.000466555 -0.00265197 -0.00501875 0 -0.000352025 -0.00138614 0.00124898 0 -0.00112446 -0.00292945 0.000379729 0.00379038 0.00507756 0.00365844 -0.00633016 0.0065866 0.00563375 0.00741013 0.00259884 0.000357435 0.0034393 -0.00110886
internal_weight=270.922 66.122 204.8 33.4286 22.4897 171.371 159.447 108.666 50.7804 53.2733 37.2157 23.7039 10.9389 7.09796 12.8487 11.9246 20.4791 9.56388 7.41088 8.99594 16.0576 13.5118 13.7477 3.84093
internal_count=31815 6706 25109 4976 3736 20133 19237 13459 5778 5721 4693 3443 1240 819 985 896 3624 684 518 576 1028 1250 784 421
is_linear=0
shrinkage=0.03


Tree=298
num_leaves=27
num_cat=0
split_feature=46 12 41 5 24 12 54 67 67 16 69 3 22 14 52 26 18 50 35 6 36 63 30 58 69 12
split_gain=0.205995 0.307726 0.275592 0.294995 0.260551 0.28901 0.274753 0.253347 0.343288 0.325241 0.317912 0.250856 0.205087 0.179168 0.161664 0.0523368 0.0506311 0.0490959 0.0758315 0.036603 0.0265996 0.0256272 0.00314091 0.00855515 0.000313441 0.000257013
threshold=-0.016000101342797276 -0.031389566138386719 0.0089733898639678972 0.11656170338392259 -0.012079738080501555 0.040669512003660209 0.018907552585005764 -0.67793738842010487 0.5255594551563264 0.0067539885640144357 1.4553574919700625 0.08239642903208734 -0.051153587177395814 -0.0700189173221588 -0.0077071804553270331 -0.011680749244987963 0.040465615689754493 0.0028902702033519749 0.0061316508799791345 -0.090709492564201341 0.00015699490904808047 -0.0041565392166376105 -0.029793985188007351 -0.0061607584357261649 0.17988917976617816 0.086207240819931044
decision_type=2 2 2 2 2 2 2 2 2 2 2 2 2 2 2 2 2 2 2 2 2 2 2 2 2 2
left_child=4 2 3 13 15 6 11 10 9 -9 12 -6 -3 -2 -10 22 19 18 -4 -17 -12 -19 -1 -24 -5 -7
right_child=1 7 17 24 5 25 -8 8 14 -11 20 -13 -14 -15 -16 16 -18 21 -20 -21 -22 -23 23 -25 -26 -27
leaf_value=0 0 0 0.0030059117371497267 0 0.0075663695842565059 -0.00016398741568985275 0 0.0027466825545722964 0 0 0 0 -0.0056787659939910454 -0.0049480322661186564 -0.0030443266648406053 0 0 0 0 -0.0038651266840619637 0.0015697510710118803 -0.0016828358684382219 0 0.0010638583261376713 0.00018088828367909398 0
leaf_weight=0.34254561215129786 1.3457827987658664 1.5662113113285165 7.4093643705182313 1.2224276288543467 14.699691482208445 3.6015353781367585 0.97454561322228883 73.680325965382508 5.9449747418002543 59.360911540545203 1.5873570145922702 1.3532421580275684 14.105982410894285 34.753208860634913 20.854652175918091 0.13635376661477527 1.2977284125081494 1.4302933378130545 2.5963516624524345 3.4083330610574176 4.8125604157976341 3.2538127877178331 0.60176931702153513 4.3006756850882084 3.6213974455022253 2.5113285113038728
leaf_count=58 271 233 846 145 1009 359 91 6397 1276 5632 130 430 2609 5182 4177 48 148 179 422 770 170 487 58 302 184 202
internal_value=0 -0.0003226 -0.0022188 -0.00344905 0.00204682 0.00374491 0.00545203 0.000140635 0.000722431 0.00147633 -0.00231972 0.00654569 -0.00456906 -0.00444498 -0.00172042 0 -0.00218763 0 0.00170997 -0.00329325 0.000144984 -0.000178857 0 0.000534291 0 0
internal_weight=270.773 237.546 55.6326 40.9428 33.2277 23.1403 17.0275 181.913 159.841 133.041 22.0721 16.0529 15.6722 36.099 26.7996 10.0874 4.84242 14.6898 10.0057 3.54469 6.39992 4.68411 5.24499 4.90245 4.84383 6.11286
internal_count=31815 28340 7716 5782 3475 2091 1530 20624 17482 12029 3142 1439 2842 5453 5453 1384 966 1934 1268 818 300 666 418 360 329 561
is_linear=0
shrinkage=0.03


Tree=299
num_leaves=26
num_cat=0
split_feature=43 42 57 33 68 33 25 7 53 18 17 53 65 9 67 38 4 60 37 57 57 9 43 14 25
split_gain=0.161281 0.322478 0.554741 0.32986 0.220835 0.215551 0.394731 0.353577 0.302253 0.546846 0.360506 0.345656 0.343985 0.293614 0.26245 0.213329 0.146824 0.125004 0.119646 0.091781 0.0244018 0.0703206 0.0150837 0.00865115 0.000517649
threshold=-0.015988349914550778 -0.011543596163392065 0.00077377818524837505 -0.013892423361539839 -0.41273602843284601 0.0023985207080841069 0.03922956436872483 0.0044057592749595651 -0.002236181870102882 0.0038426667451858525 0.052593342959880836 0.0084356581792235392 1.2038533091545107 0.094056509435176863 0.077964968979358687 -0.0064265280961990348 0.070801898837089552 -0.0024760831147432323 -0.0061846114695072165 0.0024865530431270604 0.016217397525906566 -0.027681099250912663 -0.017480717971920964 0.070791900157928481 -0.015759460628032681
decision_type=2 2 2 2 2 2 2 2 2 2 2 2 2 2 2 2 2 2 2 2 2 2 2 2 2
left_child=1 19 3 -3 -5 8 7 13 9 10 -2 12 -10 -7 -11 -9 18 -13 -8 22 21 -4 23 -1 -22
right_child=5 2 20 4 -6 6 16 15 11 14 -12 17 -14 -15 -16 -17 -18 -19 -20 -21 24 -23 -24 -25 -26
leaf_value=-0.0038657099952624043 0.005668131452052045 0 0 0 0.0090774110442855601 -0.0052097812370878044 0 0.001787001210054066 -0.0039394502881905345 -0.0036040331162642686 0 0 0 0 0.0010221322040458493 -0.0019396686272258872 0 0.0022759135193165846 0.0053304444759585436 0 0 -0.0027804893151666807 0 0 0.00022823248713087525
leaf_weight=2.9372856387490183 28.047827322880039 2.2454293499067726 1.2347032820471202 1.2717920754148497 11.932811195360046 33.84509464779876 0.86251923694726418 18.835965937425499 34.595163131194568 11.838808009330025 4.7836962037763433 11.109723814475727 12.933278745171263 6.1075497766723847 14.937340370428499 25.799934365175432 1.3476316060477982 24.668318891970557 6.4790925911911454 3.9158548034101841 0.5093800376926082 6.0268830804598101 0.18515157542424177 0.17990093231492199 3.9438201715383912
leaf_count=342 2950 320 261 184 800 5421 120 1707 5508 1499 485 1222 663 513 1806 3676 181 2168 540 350 72 742 21 30 234
internal_value=0 0.00177998 0.00352805 0.00663261 0.00810711 -0.000290645 -0.00143699 -0.00229497 0.000278019 0.00196111 0.00441463 -0.000629399 -0.00240925 -0.00419234 -0.000324426 0 0.00251141 0.00100481 0.00420748 -0.00109494 0 -0.00133832 -0.00342253 -0.00369504 0
internal_weight=270.575 34.383 27.1648 15.45 13.2046 236.192 93.2778 84.5885 142.914 59.6077 32.8315 83.3065 47.5284 39.9526 26.7761 44.6359 8.68924 35.778 7.34161 7.21819 11.7148 7.26159 3.30234 3.11719 4.4532
internal_count=31815 3356 2613 1304 984 28459 12158 11317 16301 6740 3435 9561 6171 5934 3305 5383 841 3390 660 743 1309 1003 393 372 306
is_linear=0
shrinkage=0.03


end of trees

feature_importances:
Column_65=208
Column_11=200
Column_69=189
Column_17=168
Column_63=162
Column_7=161
Column_46=159
Column_24=155
Column_28=153
Column_8=150
Column_9=148
Column_20=145
Column_1=142
Column_36=140
Column_6=139
Column_41=138
Column_27=136
Column_21=134
Column_55=134
Column_5=129
Column_51=126
Column_52=126
Column_2=124
Column_4=124
Column_34=124
Column_62=124
Column_12=122
Column_67=122
Column_48=120
Column_25=118
Column_35=117
Column_37=116
Column_50=116
Column_18=115
Column_58=115
Column_31=113
Column_47=113
Column_22=112
Column_16=109
Column_3=107
Column_29=107
Column_42=106
Column_38=105
Column_60=104
Column_13=102
Column_54=102
Column_68=102
Column_33=101
Column_10=100
Column_45=100
Column_32=98
Column_57=97
Column_49=96
Column_43=93
Column_53=92
Column_30=91
Column_15=88
Column_40=87
Column_56=87
Column_14=85
Column_44=85
Column_59=85
Column_26=84
Column_64=81
Column_19=79
Column_0=76
Column_23=67
Column_39=65
Column_61=62
Column_66=60

parameters:
[boosting: gbdt]
[objective: lambdarank]
[metric: ndcg]
[tree_learner: serial]
[device_type: cpu]
[data_sample_strategy: bagging]
[data: ]
[valid: ]
[num_iterations: 300]
[learning_rate: 0.03]
[num_leaves: 31]
[num_threads: 4]
[seed: 42]
[deterministic: 0]
[force_col_wise: 0]
[force_row_wise: 0]
[histogram_pool_size: -1]
[max_depth: 5]
[min_data_in_leaf: 20]
[min_sum_hessian_in_leaf: 0.001]
[bagging_fraction: 0.8]
[pos_bagging_fraction: 1]
[neg_bagging_fraction: 1]
[bagging_freq: 0]
[bagging_seed: 400]
[bagging_by_query: 0]
[feature_fraction: 0.6]
[feature_fraction_bynode: 1]
[feature_fraction_seed: 30056]
[extra_trees: 0]
[extra_seed: 12879]
[early_stopping_round: 0]
[early_stopping_min_delta: 0]
[first_metric_only: 0]
[max_delta_step: 0]
[lambda_l1: 1]
[lambda_l2: 5]
[linear_lambda: 0]
[min_gain_to_split: 0]
[drop_rate: 0.1]
[max_drop: 50]
[skip_drop: 0.5]
[xgboost_dart_mode: 0]
[uniform_drop: 0]
[drop_seed: 17869]
[top_rate: 0.2]
[other_rate: 0.1]
[min_data_per_group: 100]
[max_cat_threshold: 32]
[cat_l2: 10]
[cat_smooth: 10]
[max_cat_to_onehot: 4]
[top_k: 20]
[monotone_constraints: ]
[monotone_constraints_method: basic]
[monotone_penalty: 0]
[feature_contri: ]
[forcedsplits_filename: ]
[refit_decay_rate: 0.9]
[cegb_tradeoff: 1]
[cegb_penalty_split: 0]
[cegb_penalty_feature_lazy: ]
[cegb_penalty_feature_coupled: ]
[path_smooth: 0]
[interaction_constraints: ]
[verbosity: -1]
[saved_feature_importance_type: 0]
[use_quantized_grad: 0]
[num_grad_quant_bins: 4]
[quant_train_renew_leaf: 0]
[stochastic_rounding: 1]
[linear_tree: 0]
[max_bin: 255]
[max_bin_by_feature: ]
[min_data_in_bin: 3]
[bin_construct_sample_cnt: 200000]
[data_random_seed: 175]
[is_enable_sparse: 1]
[enable_bundle: 1]
[use_missing: 1]
[zero_as_missing: 0]
[feature_pre_filter: 1]
[pre_partition: 0]
[two_round: 0]
[header: 0]
[label_column: ]
[weight_column: ]
[group_column: ]
[ignore_column: ]
[categorical_feature: ]
[forcedbins_filename: ]
[precise_float_parser: 0]
[parser_config_file: ]
[objective_seed: 16083]
[num_class: 1]
[is_unbalance: 0]
[scale_pos_weight: 1]
[sigmoid: 1]
[boost_from_average: 1]
[reg_sqrt: 0]
[alpha: 0.9]
[fair_c: 1]
[poisson_max_delta_step: 0.7]
[tweedie_variance_power: 1.5]
[lambdarank_truncation_level: 30]
[lambdarank_norm: 1]
[label_gain: 0,1,2,3,4,5,6,7,8,9,10,11,12,13,14,15,16,17,18,19,20,21,22,23,24,25,26,27,28,29,30,31,32,33,34,35,36,37,38,39,40,41,42,43,44,45,46,47,48,49,50,51,52,53,54,55,56,57,58,59,60,61,62,63,64,65,66,67,68,69,70,71,72,73,74,75,76,77,78,79,80,81,82,83,84,85,86,87,88,89,90,91,92,93,94,95,96,97,98,99,100]
[lambdarank_position_bias_regularization: 0]
[eval_at: 10]
[multi_error_top_k: 1]
[auc_mu_weights: ]
[num_machines: 1]
[local_listen_port: 12400]
[time_out: 120]
[machine_list_filename: ]
[machines: ]
[gpu_platform_id: -1]
[gpu_device_id: -1]
[gpu_device_id_list: ]
[gpu_use_dp: 0]
[num_gpu: 1]

end of parameters

pandas_categorical:null
